Year Acc ID,Year Acc,Province ID,Province,Nationality ID,Nationality,Registered Employee Category ID,Registered Employee Category,Sex ID,Sex,Employees
2017,2017,1,Al-Riyadh,1,Saudi,1,GOSI,1,Male,521771.0
2017,2017,1,Al-Riyadh,1,Saudi,1,GOSI,2,Female,264621.0
2017,2017,1,Al-Riyadh,1,Saudi,1,GOSI,3,Total,786392.0
2017,2017,1,Al-Riyadh,1,Saudi,2,Civil Services,1,Male,262835.0
2017,2017,1,Al-Riyadh,1,Saudi,2,Civil Services,2,Female,160681.0
2017,2017,1,Al-Riyadh,1,Saudi,2,Civil Services,3,Total,423516.0
2017,2017,1,Al-Riyadh,1,Saudi,4,Total,1,Male,784606.0
2017,2017,1,Al-Riyadh,1,Saudi,4,Total,2,Female,425302.0
2017,2017,1,Al-Riyadh,1,Saudi,4,Total,3,Total,1209908.0
2017,2017,1,Al-Riyadh,2,Non Saudi,1,GOSI,1,Male,2837090.0
2017,2017,1,Al-Riyadh,2,Non Saudi,1,GOSI,2,Female,102656.0
2017,2017,1,Al-Riyadh,2,Non Saudi,1,GOSI,3,Total,2939746.0
2017,2017,1,Al-Riyadh,2,Non Saudi,2,Civil Services,1,Male,6247.0
2017,2017,1,Al-Riyadh,2,Non Saudi,2,Civil Services,2,Female,4903.0
2017,2017,1,Al-Riyadh,2,Non Saudi,2,Civil Services,3,Total,11150.0
2017,2017,1,Al-Riyadh,2,Non Saudi,4,Total,1,Male,2843337.0
2017,2017,1,Al-Riyadh,2,Non Saudi,4,Total,2,Female,107559.0
2017,2017,1,Al-Riyadh,2,Non Saudi,4,Total,3,Total,2950896.0
2017,2017,1,Al-Riyadh,3,Total,1,GOSI,1,Male,3358861.0
2017,2017,1,Al-Riyadh,3,Total,1,GOSI,2,Female,367277.0
2017,2017,1,Al-Riyadh,3,Total,1,GOSI,3,Total,3726138.0
2017,2017,1,Al-Riyadh,3,Total,2,Civil Services,1,Male,269082.0
2017,2017,1,Al-Riyadh,3,Total,2,Civil Services,2,Female,165584.0
2017,2017,1,Al-Riyadh,3,Total,2,Civil Services,3,Total,434666.0
2017,2017,1,Al-Riyadh,3,Total,4,Total,1,Male,3627943.0
2017,2017,1,Al-Riyadh,3,Total,4,Total,2,Female,532861.0
2017,2017,1,Al-Riyadh,3,Total,4,Total,3,Total,4160804.0
2017,2017,2,Makkah Al-Mokarramah,1,Saudi,1,GOSI,1,Male,286131.0
2017,2017,2,Makkah Al-Mokarramah,1,Saudi,1,GOSI,2,Female,158977.0
2017,2017,2,Makkah Al-Mokarramah,1,Saudi,1,GOSI,3,Total,445108.0
2017,2017,2,Makkah Al-Mokarramah,1,Saudi,2,Civil Services,1,Male,112192.0
2017,2017,2,Makkah Al-Mokarramah,1,Saudi,2,Civil Services,2,Female,74323.0
2017,2017,2,Makkah Al-Mokarramah,1,Saudi,2,Civil Services,3,Total,186515.0
2017,2017,2,Makkah Al-Mokarramah,1,Saudi,4,Total,1,Male,398323.0
2017,2017,2,Makkah Al-Mokarramah,1,Saudi,4,Total,2,Female,233300.0
2017,2017,2,Makkah Al-Mokarramah,1,Saudi,4,Total,3,Total,631623.0
2017,2017,2,Makkah Al-Mokarramah,2,Non Saudi,1,GOSI,1,Male,1776972.0
2017,2017,2,Makkah Al-Mokarramah,2,Non Saudi,1,GOSI,2,Female,44464.0
2017,2017,2,Makkah Al-Mokarramah,2,Non Saudi,1,GOSI,3,Total,1821436.0
2017,2017,2,Makkah Al-Mokarramah,2,Non Saudi,2,Civil Services,1,Male,4158.0
2017,2017,2,Makkah Al-Mokarramah,2,Non Saudi,2,Civil Services,2,Female,3606.0
2017,2017,2,Makkah Al-Mokarramah,2,Non Saudi,2,Civil Services,3,Total,7764.0
2017,2017,2,Makkah Al-Mokarramah,2,Non Saudi,4,Total,1,Male,1781130.0
2017,2017,2,Makkah Al-Mokarramah,2,Non Saudi,4,Total,2,Female,48070.0
2017,2017,2,Makkah Al-Mokarramah,2,Non Saudi,4,Total,3,Total,1829200.0
2017,2017,2,Makkah Al-Mokarramah,3,Total,1,GOSI,1,Male,2063103.0
2017,2017,2,Makkah Al-Mokarramah,3,Total,1,GOSI,2,Female,203441.0
2017,2017,2,Makkah Al-Mokarramah,3,Total,1,GOSI,3,Total,2266544.0
2017,2017,2,Makkah Al-Mokarramah,3,Total,2,Civil Services,1,Male,116350.0
2017,2017,2,Makkah Al-Mokarramah,3,Total,2,Civil Services,2,Female,77929.0
2017,2017,2,Makkah Al-Mokarramah,3,Total,2,Civil Services,3,Total,194279.0
2017,2017,2,Makkah Al-Mokarramah,3,Total,4,Total,1,Male,2179453.0
2017,2017,2,Makkah Al-Mokarramah,3,Total,4,Total,2,Female,281370.0
2017,2017,2,Makkah Al-Mokarramah,3,Total,4,Total,3,Total,2460823.0
2017,2017,3,Al-Madinah Al-Monawarah,1,Saudi,1,GOSI,1,Male,48525.0
2017,2017,3,Al-Madinah Al-Monawarah,1,Saudi,1,GOSI,2,Female,20490.0
2017,2017,3,Al-Madinah Al-Monawarah,1,Saudi,1,GOSI,3,Total,69015.0
2017,2017,3,Al-Madinah Al-Monawarah,1,Saudi,2,Civil Services,1,Male,40588.0
2017,2017,3,Al-Madinah Al-Monawarah,1,Saudi,2,Civil Services,2,Female,28302.0
2017,2017,3,Al-Madinah Al-Monawarah,1,Saudi,2,Civil Services,3,Total,68890.0
2017,2017,3,Al-Madinah Al-Monawarah,1,Saudi,4,Total,1,Male,89113.0
2017,2017,3,Al-Madinah Al-Monawarah,1,Saudi,4,Total,2,Female,48792.0
2017,2017,3,Al-Madinah Al-Monawarah,1,Saudi,4,Total,3,Total,137905.0
2017,2017,3,Al-Madinah Al-Monawarah,2,Non Saudi,1,GOSI,1,Male,300859.0
2017,2017,3,Al-Madinah Al-Monawarah,2,Non Saudi,1,GOSI,2,Female,6694.0
2017,2017,3,Al-Madinah Al-Monawarah,2,Non Saudi,1,GOSI,3,Total,307553.0
2017,2017,3,Al-Madinah Al-Monawarah,2,Non Saudi,2,Civil Services,1,Male,1681.0
2017,2017,3,Al-Madinah Al-Monawarah,2,Non Saudi,2,Civil Services,2,Female,1851.0
2017,2017,3,Al-Madinah Al-Monawarah,2,Non Saudi,2,Civil Services,3,Total,3532.0
2017,2017,3,Al-Madinah Al-Monawarah,2,Non Saudi,4,Total,1,Male,302540.0
2017,2017,3,Al-Madinah Al-Monawarah,2,Non Saudi,4,Total,2,Female,8545.0
2017,2017,3,Al-Madinah Al-Monawarah,2,Non Saudi,4,Total,3,Total,311085.0
2017,2017,3,Al-Madinah Al-Monawarah,3,Total,1,GOSI,1,Male,349384.0
2017,2017,3,Al-Madinah Al-Monawarah,3,Total,1,GOSI,2,Female,27184.0
2017,2017,3,Al-Madinah Al-Monawarah,3,Total,1,GOSI,3,Total,376568.0
2017,2017,3,Al-Madinah Al-Monawarah,3,Total,2,Civil Services,1,Male,42269.0
2017,2017,3,Al-Madinah Al-Monawarah,3,Total,2,Civil Services,2,Female,30153.0
2017,2017,3,Al-Madinah Al-Monawarah,3,Total,2,Civil Services,3,Total,72422.0
2017,2017,3,Al-Madinah Al-Monawarah,3,Total,4,Total,1,Male,391653.0
2017,2017,3,Al-Madinah Al-Monawarah,3,Total,4,Total,2,Female,57337.0
2017,2017,3,Al-Madinah Al-Monawarah,3,Total,4,Total,3,Total,448990.0
2017,2017,4,Al-Qaseem,1,Saudi,1,GOSI,1,Male,38707.0
2017,2017,4,Al-Qaseem,1,Saudi,1,GOSI,2,Female,17090.0
2017,2017,4,Al-Qaseem,1,Saudi,1,GOSI,3,Total,55797.0
2017,2017,4,Al-Qaseem,1,Saudi,2,Civil Services,1,Male,35372.0
2017,2017,4,Al-Qaseem,1,Saudi,2,Civil Services,2,Female,27016.0
2017,2017,4,Al-Qaseem,1,Saudi,2,Civil Services,3,Total,62388.0
2017,2017,4,Al-Qaseem,1,Saudi,4,Total,1,Male,74079.0
2017,2017,4,Al-Qaseem,1,Saudi,4,Total,2,Female,44106.0
2017,2017,4,Al-Qaseem,1,Saudi,4,Total,3,Total,118185.0
2017,2017,4,Al-Qaseem,2,Non Saudi,1,GOSI,1,Male,362304.0
2017,2017,4,Al-Qaseem,2,Non Saudi,1,GOSI,2,Female,7851.0
2017,2017,4,Al-Qaseem,2,Non Saudi,1,GOSI,3,Total,370155.0
2017,2017,4,Al-Qaseem,2,Non Saudi,2,Civil Services,1,Male,1827.0
2017,2017,4,Al-Qaseem,2,Non Saudi,2,Civil Services,2,Female,1968.0
2017,2017,4,Al-Qaseem,2,Non Saudi,2,Civil Services,3,Total,3795.0
2017,2017,4,Al-Qaseem,2,Non Saudi,4,Total,1,Male,364131.0
2017,2017,4,Al-Qaseem,2,Non Saudi,4,Total,2,Female,9819.0
2017,2017,4,Al-Qaseem,2,Non Saudi,4,Total,3,Total,373950.0
2017,2017,4,Al-Qaseem,3,Total,1,GOSI,1,Male,401011.0
2017,2017,4,Al-Qaseem,3,Total,1,GOSI,2,Female,24941.0
2017,2017,4,Al-Qaseem,3,Total,1,GOSI,3,Total,425952.0
2017,2017,4,Al-Qaseem,3,Total,2,Civil Services,1,Male,37199.0
2017,2017,4,Al-Qaseem,3,Total,2,Civil Services,2,Female,28984.0
2017,2017,4,Al-Qaseem,3,Total,2,Civil Services,3,Total,66183.0
2017,2017,4,Al-Qaseem,3,Total,4,Total,1,Male,438210.0
2017,2017,4,Al-Qaseem,3,Total,4,Total,2,Female,53925.0
2017,2017,4,Al-Qaseem,3,Total,4,Total,3,Total,492135.0
2017,2017,5,Eastern Region,1,Saudi,1,GOSI,1,Male,362931.0
2017,2017,5,Eastern Region,1,Saudi,1,GOSI,2,Female,94441.0
2017,2017,5,Eastern Region,1,Saudi,1,GOSI,3,Total,457372.0
2017,2017,5,Eastern Region,1,Saudi,2,Civil Services,1,Male,71789.0
2017,2017,5,Eastern Region,1,Saudi,2,Civil Services,2,Female,49027.0
2017,2017,5,Eastern Region,1,Saudi,2,Civil Services,3,Total,120816.0
2017,2017,5,Eastern Region,1,Saudi,4,Total,1,Male,434720.0
2017,2017,5,Eastern Region,1,Saudi,4,Total,2,Female,143468.0
2017,2017,5,Eastern Region,1,Saudi,4,Total,3,Total,578188.0
2017,2017,5,Eastern Region,2,Non Saudi,1,GOSI,1,Male,1574294.0
2017,2017,5,Eastern Region,2,Non Saudi,1,GOSI,2,Female,32177.0
2017,2017,5,Eastern Region,2,Non Saudi,1,GOSI,3,Total,1606471.0
2017,2017,5,Eastern Region,2,Non Saudi,2,Civil Services,1,Male,3772.0
2017,2017,5,Eastern Region,2,Non Saudi,2,Civil Services,2,Female,2905.0
2017,2017,5,Eastern Region,2,Non Saudi,2,Civil Services,3,Total,6677.0
2017,2017,5,Eastern Region,2,Non Saudi,4,Total,1,Male,1578066.0
2017,2017,5,Eastern Region,2,Non Saudi,4,Total,2,Female,35082.0
2017,2017,5,Eastern Region,2,Non Saudi,4,Total,3,Total,1613148.0
2017,2017,5,Eastern Region,3,Total,1,GOSI,1,Male,1937225.0
2017,2017,5,Eastern Region,3,Total,1,GOSI,2,Female,126618.0
2017,2017,5,Eastern Region,3,Total,1,GOSI,3,Total,2063843.0
2017,2017,5,Eastern Region,3,Total,2,Civil Services,1,Male,75561.0
2017,2017,5,Eastern Region,3,Total,2,Civil Services,2,Female,51932.0
2017,2017,5,Eastern Region,3,Total,2,Civil Services,3,Total,127493.0
2017,2017,5,Eastern Region,3,Total,4,Total,1,Male,2012786.0
2017,2017,5,Eastern Region,3,Total,4,Total,2,Female,178550.0
2017,2017,5,Eastern Region,3,Total,4,Total,3,Total,2191336.0
2017,2017,6,Aseer,1,Saudi,1,GOSI,1,Male,43907.0
2017,2017,6,Aseer,1,Saudi,1,GOSI,2,Female,13722.0
2017,2017,6,Aseer,1,Saudi,1,GOSI,3,Total,57629.0
2017,2017,6,Aseer,1,Saudi,2,Civil Services,1,Male,49606.0
2017,2017,6,Aseer,1,Saudi,2,Civil Services,2,Female,45271.0
2017,2017,6,Aseer,1,Saudi,2,Civil Services,3,Total,94877.0
2017,2017,6,Aseer,1,Saudi,4,Total,1,Male,93513.0
2017,2017,6,Aseer,1,Saudi,4,Total,2,Female,58993.0
2017,2017,6,Aseer,1,Saudi,4,Total,3,Total,152506.0
2017,2017,6,Aseer,2,Non Saudi,1,GOSI,1,Male,282250.0
2017,2017,6,Aseer,2,Non Saudi,1,GOSI,2,Female,8635.0
2017,2017,6,Aseer,2,Non Saudi,1,GOSI,3,Total,290885.0
2017,2017,6,Aseer,2,Non Saudi,2,Civil Services,1,Male,2328.0
2017,2017,6,Aseer,2,Non Saudi,2,Civil Services,2,Female,2482.0
2017,2017,6,Aseer,2,Non Saudi,2,Civil Services,3,Total,4810.0
2017,2017,6,Aseer,2,Non Saudi,4,Total,1,Male,284578.0
2017,2017,6,Aseer,2,Non Saudi,4,Total,2,Female,11117.0
2017,2017,6,Aseer,2,Non Saudi,4,Total,3,Total,295695.0
2017,2017,6,Aseer,3,Total,1,GOSI,1,Male,326157.0
2017,2017,6,Aseer,3,Total,1,GOSI,2,Female,22357.0
2017,2017,6,Aseer,3,Total,1,GOSI,3,Total,348514.0
2017,2017,6,Aseer,3,Total,2,Civil Services,1,Male,51934.0
2017,2017,6,Aseer,3,Total,2,Civil Services,2,Female,47753.0
2017,2017,6,Aseer,3,Total,2,Civil Services,3,Total,99687.0
2017,2017,6,Aseer,3,Total,4,Total,1,Male,378091.0
2017,2017,6,Aseer,3,Total,4,Total,2,Female,70110.0
2017,2017,6,Aseer,3,Total,4,Total,3,Total,448201.0
2017,2017,7,Tabouk,1,Saudi,1,GOSI,1,Male,14152.0
2017,2017,7,Tabouk,1,Saudi,1,GOSI,2,Female,7262.0
2017,2017,7,Tabouk,1,Saudi,1,GOSI,3,Total,21414.0
2017,2017,7,Tabouk,1,Saudi,2,Civil Services,1,Male,20751.0
2017,2017,7,Tabouk,1,Saudi,2,Civil Services,2,Female,14405.0
2017,2017,7,Tabouk,1,Saudi,2,Civil Services,3,Total,35156.0
2017,2017,7,Tabouk,1,Saudi,4,Total,1,Male,34903.0
2017,2017,7,Tabouk,1,Saudi,4,Total,2,Female,21667.0
2017,2017,7,Tabouk,1,Saudi,4,Total,3,Total,56570.0
2017,2017,7,Tabouk,2,Non Saudi,1,GOSI,1,Male,92193.0
2017,2017,7,Tabouk,2,Non Saudi,1,GOSI,2,Female,1357.0
2017,2017,7,Tabouk,2,Non Saudi,1,GOSI,3,Total,93550.0
2017,2017,7,Tabouk,2,Non Saudi,2,Civil Services,1,Male,1153.0
2017,2017,7,Tabouk,2,Non Saudi,2,Civil Services,2,Female,773.0
2017,2017,7,Tabouk,2,Non Saudi,2,Civil Services,3,Total,1926.0
2017,2017,7,Tabouk,2,Non Saudi,4,Total,1,Male,93346.0
2017,2017,7,Tabouk,2,Non Saudi,4,Total,2,Female,2130.0
2017,2017,7,Tabouk,2,Non Saudi,4,Total,3,Total,95476.0
2017,2017,7,Tabouk,3,Total,1,GOSI,1,Male,106345.0
2017,2017,7,Tabouk,3,Total,1,GOSI,2,Female,8619.0
2017,2017,7,Tabouk,3,Total,1,GOSI,3,Total,114964.0
2017,2017,7,Tabouk,3,Total,2,Civil Services,1,Male,21904.0
2017,2017,7,Tabouk,3,Total,2,Civil Services,2,Female,15178.0
2017,2017,7,Tabouk,3,Total,2,Civil Services,3,Total,37082.0
2017,2017,7,Tabouk,3,Total,4,Total,1,Male,128249.0
2017,2017,7,Tabouk,3,Total,4,Total,2,Female,23797.0
2017,2017,7,Tabouk,3,Total,4,Total,3,Total,152046.0
2017,2017,8,Hail,1,Saudi,1,GOSI,1,Male,11184.0
2017,2017,8,Hail,1,Saudi,1,GOSI,2,Female,8189.0
2017,2017,8,Hail,1,Saudi,1,GOSI,3,Total,19373.0
2017,2017,8,Hail,1,Saudi,2,Civil Services,1,Male,18557.0
2017,2017,8,Hail,1,Saudi,2,Civil Services,2,Female,14114.0
2017,2017,8,Hail,1,Saudi,2,Civil Services,3,Total,32671.0
2017,2017,8,Hail,1,Saudi,4,Total,1,Male,29741.0
2017,2017,8,Hail,1,Saudi,4,Total,2,Female,22303.0
2017,2017,8,Hail,1,Saudi,4,Total,3,Total,52044.0
2017,2017,8,Hail,2,Non Saudi,1,GOSI,1,Male,121324.0
2017,2017,8,Hail,2,Non Saudi,1,GOSI,2,Female,2370.0
2017,2017,8,Hail,2,Non Saudi,1,GOSI,3,Total,123694.0
2017,2017,8,Hail,2,Non Saudi,2,Civil Services,1,Male,670.0
2017,2017,8,Hail,2,Non Saudi,2,Civil Services,2,Female,654.0
2017,2017,8,Hail,2,Non Saudi,2,Civil Services,3,Total,1324.0
2017,2017,8,Hail,2,Non Saudi,4,Total,1,Male,121994.0
2017,2017,8,Hail,2,Non Saudi,4,Total,2,Female,3024.0
2017,2017,8,Hail,2,Non Saudi,4,Total,3,Total,125018.0
2017,2017,8,Hail,3,Total,1,GOSI,1,Male,132508.0
2017,2017,8,Hail,3,Total,1,GOSI,2,Female,10559.0
2017,2017,8,Hail,3,Total,1,GOSI,3,Total,143067.0
2017,2017,8,Hail,3,Total,2,Civil Services,1,Male,19227.0
2017,2017,8,Hail,3,Total,2,Civil Services,2,Female,14768.0
2017,2017,8,Hail,3,Total,2,Civil Services,3,Total,33995.0
2017,2017,8,Hail,3,Total,4,Total,1,Male,151735.0
2017,2017,8,Hail,3,Total,4,Total,2,Female,25327.0
2017,2017,8,Hail,3,Total,4,Total,3,Total,177062.0
2017,2017,9,Northern Borders,1,Saudi,1,GOSI,1,Male,5153.0
2017,2017,9,Northern Borders,1,Saudi,1,GOSI,2,Female,2054.0
2017,2017,9,Northern Borders,1,Saudi,1,GOSI,3,Total,7207.0
2017,2017,9,Northern Borders,1,Saudi,2,Civil Services,1,Male,11160.0
2017,2017,9,Northern Borders,1,Saudi,2,Civil Services,2,Female,6902.0
2017,2017,9,Northern Borders,1,Saudi,2,Civil Services,3,Total,18062.0
2017,2017,9,Northern Borders,1,Saudi,4,Total,1,Male,16313.0
2017,2017,9,Northern Borders,1,Saudi,4,Total,2,Female,8956.0
2017,2017,9,Northern Borders,1,Saudi,4,Total,3,Total,25269.0
2017,2017,9,Northern Borders,2,Non Saudi,1,GOSI,1,Male,43287.0
2017,2017,9,Northern Borders,2,Non Saudi,1,GOSI,2,Female,570.0
2017,2017,9,Northern Borders,2,Non Saudi,1,GOSI,3,Total,43857.0
2017,2017,9,Northern Borders,2,Non Saudi,2,Civil Services,1,Male,1130.0
2017,2017,9,Northern Borders,2,Non Saudi,2,Civil Services,2,Female,846.0
2017,2017,9,Northern Borders,2,Non Saudi,2,Civil Services,3,Total,1976.0
2017,2017,9,Northern Borders,2,Non Saudi,4,Total,1,Male,44417.0
2017,2017,9,Northern Borders,2,Non Saudi,4,Total,2,Female,1416.0
2017,2017,9,Northern Borders,2,Non Saudi,4,Total,3,Total,45833.0
2017,2017,9,Northern Borders,3,Total,1,GOSI,1,Male,48440.0
2017,2017,9,Northern Borders,3,Total,1,GOSI,2,Female,2624.0
2017,2017,9,Northern Borders,3,Total,1,GOSI,3,Total,51064.0
2017,2017,9,Northern Borders,3,Total,2,Civil Services,1,Male,12290.0
2017,2017,9,Northern Borders,3,Total,2,Civil Services,2,Female,7748.0
2017,2017,9,Northern Borders,3,Total,2,Civil Services,3,Total,20038.0
2017,2017,9,Northern Borders,3,Total,4,Total,1,Male,60730.0
2017,2017,9,Northern Borders,3,Total,4,Total,2,Female,10372.0
2017,2017,9,Northern Borders,3,Total,4,Total,3,Total,71102.0
2017,2017,10,Jazan,1,Saudi,1,GOSI,1,Male,14737.0
2017,2017,10,Jazan,1,Saudi,1,GOSI,2,Female,8678.0
2017,2017,10,Jazan,1,Saudi,1,GOSI,3,Total,23415.0
2017,2017,10,Jazan,1,Saudi,2,Civil Services,1,Male,29116.0
2017,2017,10,Jazan,1,Saudi,2,Civil Services,2,Female,23989.0
2017,2017,10,Jazan,1,Saudi,2,Civil Services,3,Total,53105.0
2017,2017,10,Jazan,1,Saudi,4,Total,1,Male,43853.0
2017,2017,10,Jazan,1,Saudi,4,Total,2,Female,32667.0
2017,2017,10,Jazan,1,Saudi,4,Total,3,Total,76520.0
2017,2017,10,Jazan,2,Non Saudi,1,GOSI,1,Male,113496.0
2017,2017,10,Jazan,2,Non Saudi,1,GOSI,2,Female,1793.0
2017,2017,10,Jazan,2,Non Saudi,1,GOSI,3,Total,115289.0
2017,2017,10,Jazan,2,Non Saudi,2,Civil Services,1,Male,1279.0
2017,2017,10,Jazan,2,Non Saudi,2,Civil Services,2,Female,1127.0
2017,2017,10,Jazan,2,Non Saudi,2,Civil Services,3,Total,2406.0
2017,2017,10,Jazan,2,Non Saudi,4,Total,1,Male,114775.0
2017,2017,10,Jazan,2,Non Saudi,4,Total,2,Female,2920.0
2017,2017,10,Jazan,2,Non Saudi,4,Total,3,Total,117695.0
2017,2017,10,Jazan,3,Total,1,GOSI,1,Male,128233.0
2017,2017,10,Jazan,3,Total,1,GOSI,2,Female,10471.0
2017,2017,10,Jazan,3,Total,1,GOSI,3,Total,138704.0
2017,2017,10,Jazan,3,Total,2,Civil Services,1,Male,30395.0
2017,2017,10,Jazan,3,Total,2,Civil Services,2,Female,25116.0
2017,2017,10,Jazan,3,Total,2,Civil Services,3,Total,55511.0
2017,2017,10,Jazan,3,Total,4,Total,1,Male,158628.0
2017,2017,10,Jazan,3,Total,4,Total,2,Female,35587.0
2017,2017,10,Jazan,3,Total,4,Total,3,Total,194215.0
2017,2017,11,Najran,1,Saudi,1,GOSI,1,Male,13450.0
2017,2017,11,Najran,1,Saudi,1,GOSI,2,Female,6485.0
2017,2017,11,Najran,1,Saudi,1,GOSI,3,Total,19935.0
2017,2017,11,Najran,1,Saudi,2,Civil Services,1,Male,18923.0
2017,2017,11,Najran,1,Saudi,2,Civil Services,2,Female,10756.0
2017,2017,11,Najran,1,Saudi,2,Civil Services,3,Total,29679.0
2017,2017,11,Najran,1,Saudi,4,Total,1,Male,32373.0
2017,2017,11,Najran,1,Saudi,4,Total,2,Female,17241.0
2017,2017,11,Najran,1,Saudi,4,Total,3,Total,49614.0
2017,2017,11,Najran,2,Non Saudi,1,GOSI,1,Male,129581.0
2017,2017,11,Najran,2,Non Saudi,1,GOSI,2,Female,1734.0
2017,2017,11,Najran,2,Non Saudi,1,GOSI,3,Total,131315.0
2017,2017,11,Najran,2,Non Saudi,2,Civil Services,1,Male,909.0
2017,2017,11,Najran,2,Non Saudi,2,Civil Services,2,Female,1243.0
2017,2017,11,Najran,2,Non Saudi,2,Civil Services,3,Total,2152.0
2017,2017,11,Najran,2,Non Saudi,4,Total,1,Male,130490.0
2017,2017,11,Najran,2,Non Saudi,4,Total,2,Female,2977.0
2017,2017,11,Najran,2,Non Saudi,4,Total,3,Total,133467.0
2017,2017,11,Najran,3,Total,1,GOSI,1,Male,143031.0
2017,2017,11,Najran,3,Total,1,GOSI,2,Female,8219.0
2017,2017,11,Najran,3,Total,1,GOSI,3,Total,151250.0
2017,2017,11,Najran,3,Total,2,Civil Services,1,Male,19832.0
2017,2017,11,Najran,3,Total,2,Civil Services,2,Female,11999.0
2017,2017,11,Najran,3,Total,2,Civil Services,3,Total,31831.0
2017,2017,11,Najran,3,Total,4,Total,1,Male,162863.0
2017,2017,11,Najran,3,Total,4,Total,2,Female,20218.0
2017,2017,11,Najran,3,Total,4,Total,3,Total,183081.0
2017,2017,12,Al-Baha,1,Saudi,1,GOSI,1,Male,7238.0
2017,2017,12,Al-Baha,1,Saudi,1,GOSI,2,Female,1631.0
2017,2017,12,Al-Baha,1,Saudi,1,GOSI,3,Total,8869.0
2017,2017,12,Al-Baha,1,Saudi,2,Civil Services,1,Male,13502.0
2017,2017,12,Al-Baha,1,Saudi,2,Civil Services,2,Female,11291.0
2017,2017,12,Al-Baha,1,Saudi,2,Civil Services,3,Total,24793.0
2017,2017,12,Al-Baha,1,Saudi,4,Total,1,Male,20740.0
2017,2017,12,Al-Baha,1,Saudi,4,Total,2,Female,12922.0
2017,2017,12,Al-Baha,1,Saudi,4,Total,3,Total,33662.0
2017,2017,12,Al-Baha,2,Non Saudi,1,GOSI,1,Male,44075.0
2017,2017,12,Al-Baha,2,Non Saudi,1,GOSI,2,Female,572.0
2017,2017,12,Al-Baha,2,Non Saudi,1,GOSI,3,Total,44647.0
2017,2017,12,Al-Baha,2,Non Saudi,2,Civil Services,1,Male,944.0
2017,2017,12,Al-Baha,2,Non Saudi,2,Civil Services,2,Female,1019.0
2017,2017,12,Al-Baha,2,Non Saudi,2,Civil Services,3,Total,1963.0
2017,2017,12,Al-Baha,2,Non Saudi,4,Total,1,Male,45019.0
2017,2017,12,Al-Baha,2,Non Saudi,4,Total,2,Female,1591.0
2017,2017,12,Al-Baha,2,Non Saudi,4,Total,3,Total,46610.0
2017,2017,12,Al-Baha,3,Total,1,GOSI,1,Male,51313.0
2017,2017,12,Al-Baha,3,Total,1,GOSI,2,Female,2203.0
2017,2017,12,Al-Baha,3,Total,1,GOSI,3,Total,53516.0
2017,2017,12,Al-Baha,3,Total,2,Civil Services,1,Male,14446.0
2017,2017,12,Al-Baha,3,Total,2,Civil Services,2,Female,12310.0
2017,2017,12,Al-Baha,3,Total,2,Civil Services,3,Total,26756.0
2017,2017,12,Al-Baha,3,Total,4,Total,1,Male,65759.0
2017,2017,12,Al-Baha,3,Total,4,Total,2,Female,14513.0
2017,2017,12,Al-Baha,3,Total,4,Total,3,Total,80272.0
2017,2017,13,Al-Jouf,1,Saudi,1,GOSI,1,Male,8532.0
2017,2017,13,Al-Jouf,1,Saudi,1,GOSI,2,Female,2097.0
2017,2017,13,Al-Jouf,1,Saudi,1,GOSI,3,Total,10629.0
2017,2017,13,Al-Jouf,1,Saudi,2,Civil Services,1,Male,17858.0
2017,2017,13,Al-Jouf,1,Saudi,2,Civil Services,2,Female,10303.0
2017,2017,13,Al-Jouf,1,Saudi,2,Civil Services,3,Total,28161.0
2017,2017,13,Al-Jouf,1,Saudi,4,Total,1,Male,26390.0
2017,2017,13,Al-Jouf,1,Saudi,4,Total,2,Female,12400.0
2017,2017,13,Al-Jouf,1,Saudi,4,Total,3,Total,38790.0
2017,2017,13,Al-Jouf,2,Non Saudi,1,GOSI,1,Male,64138.0
2017,2017,13,Al-Jouf,2,Non Saudi,1,GOSI,2,Female,882.0
2017,2017,13,Al-Jouf,2,Non Saudi,1,GOSI,3,Total,65020.0
2017,2017,13,Al-Jouf,2,Non Saudi,2,Civil Services,1,Male,798.0
2017,2017,13,Al-Jouf,2,Non Saudi,2,Civil Services,2,Female,655.0
2017,2017,13,Al-Jouf,2,Non Saudi,2,Civil Services,3,Total,1453.0
2017,2017,13,Al-Jouf,2,Non Saudi,4,Total,1,Male,64936.0
2017,2017,13,Al-Jouf,2,Non Saudi,4,Total,2,Female,1537.0
2017,2017,13,Al-Jouf,2,Non Saudi,4,Total,3,Total,66473.0
2017,2017,13,Al-Jouf,3,Total,1,GOSI,1,Male,72670.0
2017,2017,13,Al-Jouf,3,Total,1,GOSI,2,Female,2979.0
2017,2017,13,Al-Jouf,3,Total,1,GOSI,3,Total,75649.0
2017,2017,13,Al-Jouf,3,Total,2,Civil Services,1,Male,18656.0
2017,2017,13,Al-Jouf,3,Total,2,Civil Services,2,Female,10958.0
2017,2017,13,Al-Jouf,3,Total,2,Civil Services,3,Total,29614.0
2017,2017,13,Al-Jouf,3,Total,4,Total,1,Male,91326.0
2017,2017,13,Al-Jouf,3,Total,4,Total,2,Female,13937.0
2017,2017,13,Al-Jouf,3,Total,4,Total,3,Total,105263.0
2017,2017,14,Unspecified,1,Saudi,2,Civil Services,1,Male,1934.0
2017,2017,14,Unspecified,1,Saudi,2,Civil Services,2,Female,1128.0
2017,2017,14,Unspecified,1,Saudi,2,Civil Services,3,Total,3062.0
2017,2017,14,Unspecified,1,Saudi,3,Domestic Workers,1,Male,0.0
2017,2017,14,Unspecified,1,Saudi,3,Domestic Workers,2,Female,0.0
2017,2017,14,Unspecified,1,Saudi,3,Domestic Workers,3,Total,0.0
2017,2017,14,Unspecified,1,Saudi,4,Total,1,Male,1934.0
2017,2017,14,Unspecified,1,Saudi,4,Total,2,Female,1128.0
2017,2017,14,Unspecified,1,Saudi,4,Total,3,Total,3062.0
2017,2017,14,Unspecified,2,Non Saudi,2,Civil Services,1,Male,68.0
2017,2017,14,Unspecified,2,Non Saudi,2,Civil Services,2,Female,8.0
2017,2017,14,Unspecified,2,Non Saudi,2,Civil Services,3,Total,76.0
2017,2017,14,Unspecified,2,Non Saudi,3,Domestic Workers,1,Male,1673336.0
2017,2017,14,Unspecified,2,Non Saudi,3,Domestic Workers,2,Female,739337.0
2017,2017,14,Unspecified,2,Non Saudi,3,Domestic Workers,3,Total,2412673.0
2017,2017,14,Unspecified,2,Non Saudi,4,Total,1,Male,68.0
2017,2017,14,Unspecified,2,Non Saudi,4,Total,2,Female,8.0
2017,2017,14,Unspecified,2,Non Saudi,4,Total,3,Total,76.0
2017,2017,14,Unspecified,3,Total,2,Civil Services,1,Male,2002.0
2017,2017,14,Unspecified,3,Total,2,Civil Services,2,Female,1136.0
2017,2017,14,Unspecified,3,Total,2,Civil Services,3,Total,3138.0
2017,2017,14,Unspecified,3,Total,3,Domestic Workers,1,Male,1673336.0
2017,2017,14,Unspecified,3,Total,3,Domestic Workers,2,Female,739337.0
2017,2017,14,Unspecified,3,Total,3,Domestic Workers,3,Total,2412673.0
2017,2017,14,Unspecified,3,Total,4,Total,1,Male,2002.0
2017,2017,14,Unspecified,3,Total,4,Total,2,Female,1136.0
2017,2017,14,Unspecified,3,Total,4,Total,3,Total,3138.0
2017,2017,15,Grand Total,1,Saudi,1,GOSI,1,Male,1376418.0
2017,2017,15,Grand Total,1,Saudi,1,GOSI,2,Female,605737.0
2017,2017,15,Grand Total,1,Saudi,1,GOSI,3,Total,1982155.0
2017,2017,15,Grand Total,1,Saudi,2,Civil Services,1,Male,704183.0
2017,2017,15,Grand Total,1,Saudi,2,Civil Services,2,Female,477508.0
2017,2017,15,Grand Total,1,Saudi,2,Civil Services,3,Total,1181691.0
2017,2017,15,Grand Total,1,Saudi,3,Domestic Workers,1,Male,0.0
2017,2017,15,Grand Total,1,Saudi,3,Domestic Workers,2,Female,0.0
2017,2017,15,Grand Total,1,Saudi,3,Domestic Workers,3,Total,0.0
2017,2017,15,Grand Total,1,Saudi,4,Total,1,Male,2080601.0
2017,2017,15,Grand Total,1,Saudi,4,Total,2,Female,1083245.0
2017,2017,15,Grand Total,1,Saudi,4,Total,3,Total,3163846.0
2017,2017,15,Grand Total,2,Non Saudi,1,GOSI,1,Male,7741863.0
2017,2017,15,Grand Total,2,Non Saudi,1,GOSI,2,Female,211755.0
2017,2017,15,Grand Total,2,Non Saudi,1,GOSI,3,Total,7953618.0
2017,2017,15,Grand Total,2,Non Saudi,2,Civil Services,1,Male,26964.0
2017,2017,15,Grand Total,2,Non Saudi,2,Civil Services,2,Female,24040.0
2017,2017,15,Grand Total,2,Non Saudi,2,Civil Services,3,Total,51004.0
2017,2017,15,Grand Total,2,Non Saudi,3,Domestic Workers,1,Male,1673336.0
2017,2017,15,Grand Total,2,Non Saudi,3,Domestic Workers,2,Female,739337.0
2017,2017,15,Grand Total,2,Non Saudi,3,Domestic Workers,3,Total,2412673.0
2017,2017,15,Grand Total,2,Non Saudi,4,Total,1,Male,9442163.0
2017,2017,15,Grand Total,2,Non Saudi,4,Total,2,Female,975132.0
2017,2017,15,Grand Total,2,Non Saudi,4,Total,3,Total,10417295.0
2017,2017,15,Grand Total,3,Total,1,GOSI,1,Male,9118281.0
2017,2017,15,Grand Total,3,Total,1,GOSI,2,Female,817492.0
2017,2017,15,Grand Total,3,Total,1,GOSI,3,Total,9935773.0
2017,2017,15,Grand Total,3,Total,2,Civil Services,1,Male,731147.0
2017,2017,15,Grand Total,3,Total,2,Civil Services,2,Female,501548.0
2017,2017,15,Grand Total,3,Total,2,Civil Services,3,Total,1232695.0
2017,2017,15,Grand Total,3,Total,3,Domestic Workers,1,Male,1673336.0
2017,2017,15,Grand Total,3,Total,3,Domestic Workers,2,Female,739337.0
2017,2017,15,Grand Total,3,Total,3,Domestic Workers,3,Total,2412673.0
2017,2017,15,Grand Total,3,Total,4,Total,1,Male,11522764.0
2017,2017,15,Grand Total,3,Total,4,Total,2,Female,2058377.0
2017,2017,15,Grand Total,3,Total,4,Total,3,Total,13581141.0
2018,2018,1,Al-Riyadh,1,Saudi,1,GOSI,1,Male,525260.0
2018,2018,1,Al-Riyadh,1,Saudi,1,GOSI,2,Female,264863.0
2018,2018,1,Al-Riyadh,1,Saudi,1,GOSI,3,Total,790123.0
2018,2018,1,Al-Riyadh,1,Saudi,2,Civil Services,1,Male,263623.0
2018,2018,1,Al-Riyadh,1,Saudi,2,Civil Services,2,Female,162094.0
2018,2018,1,Al-Riyadh,1,Saudi,2,Civil Services,3,Total,425717.0
2018,2018,1,Al-Riyadh,1,Saudi,4,Total,1,Male,788883.0
2018,2018,1,Al-Riyadh,1,Saudi,4,Total,2,Female,426957.0
2018,2018,1,Al-Riyadh,1,Saudi,4,Total,3,Total,1215840.0
2018,2018,1,Al-Riyadh,2,Non Saudi,1,GOSI,1,Male,2533537.0
2018,2018,1,Al-Riyadh,2,Non Saudi,1,GOSI,2,Female,114353.0
2018,2018,1,Al-Riyadh,2,Non Saudi,1,GOSI,3,Total,2647890.0
2018,2018,1,Al-Riyadh,2,Non Saudi,2,Civil Services,1,Male,5579.0
2018,2018,1,Al-Riyadh,2,Non Saudi,2,Civil Services,2,Female,4272.0
2018,2018,1,Al-Riyadh,2,Non Saudi,2,Civil Services,3,Total,9851.0
2018,2018,1,Al-Riyadh,2,Non Saudi,4,Total,1,Male,2539116.0
2018,2018,1,Al-Riyadh,2,Non Saudi,4,Total,2,Female,118625.0
2018,2018,1,Al-Riyadh,2,Non Saudi,4,Total,3,Total,2657741.0
2018,2018,1,Al-Riyadh,3,Total,1,GOSI,1,Male,3058797.0
2018,2018,1,Al-Riyadh,3,Total,1,GOSI,2,Female,379216.0
2018,2018,1,Al-Riyadh,3,Total,1,GOSI,3,Total,3438013.0
2018,2018,1,Al-Riyadh,3,Total,2,Civil Services,1,Male,269202.0
2018,2018,1,Al-Riyadh,3,Total,2,Civil Services,2,Female,166366.0
2018,2018,1,Al-Riyadh,3,Total,2,Civil Services,3,Total,435568.0
2018,2018,1,Al-Riyadh,3,Total,4,Total,1,Male,3327999.0
2018,2018,1,Al-Riyadh,3,Total,4,Total,2,Female,545582.0
2018,2018,1,Al-Riyadh,3,Total,4,Total,3,Total,3873581.0
2018,2018,2,Makkah Al-Mokarramah,1,Saudi,1,GOSI,1,Male,274798.0
2018,2018,2,Makkah Al-Mokarramah,1,Saudi,1,GOSI,2,Female,152178.0
2018,2018,2,Makkah Al-Mokarramah,1,Saudi,1,GOSI,3,Total,426976.0
2018,2018,2,Makkah Al-Mokarramah,1,Saudi,2,Civil Services,1,Male,110812.0
2018,2018,2,Makkah Al-Mokarramah,1,Saudi,2,Civil Services,2,Female,73911.0
2018,2018,2,Makkah Al-Mokarramah,1,Saudi,2,Civil Services,3,Total,184723.0
2018,2018,2,Makkah Al-Mokarramah,1,Saudi,4,Total,1,Male,385610.0
2018,2018,2,Makkah Al-Mokarramah,1,Saudi,4,Total,2,Female,226089.0
2018,2018,2,Makkah Al-Mokarramah,1,Saudi,4,Total,3,Total,611699.0
2018,2018,2,Makkah Al-Mokarramah,2,Non Saudi,1,GOSI,1,Male,1530254.0
2018,2018,2,Makkah Al-Mokarramah,2,Non Saudi,1,GOSI,2,Female,42883.0
2018,2018,2,Makkah Al-Mokarramah,2,Non Saudi,1,GOSI,3,Total,1573137.0
2018,2018,2,Makkah Al-Mokarramah,2,Non Saudi,2,Civil Services,1,Male,3931.0
2018,2018,2,Makkah Al-Mokarramah,2,Non Saudi,2,Civil Services,2,Female,3419.0
2018,2018,2,Makkah Al-Mokarramah,2,Non Saudi,2,Civil Services,3,Total,7350.0
2018,2018,2,Makkah Al-Mokarramah,2,Non Saudi,4,Total,1,Male,1534185.0
2018,2018,2,Makkah Al-Mokarramah,2,Non Saudi,4,Total,2,Female,46302.0
2018,2018,2,Makkah Al-Mokarramah,2,Non Saudi,4,Total,3,Total,1580487.0
2018,2018,2,Makkah Al-Mokarramah,3,Total,1,GOSI,1,Male,1805052.0
2018,2018,2,Makkah Al-Mokarramah,3,Total,1,GOSI,2,Female,195061.0
2018,2018,2,Makkah Al-Mokarramah,3,Total,1,GOSI,3,Total,2000113.0
2018,2018,2,Makkah Al-Mokarramah,3,Total,2,Civil Services,1,Male,114743.0
2018,2018,2,Makkah Al-Mokarramah,3,Total,2,Civil Services,2,Female,77330.0
2018,2018,2,Makkah Al-Mokarramah,3,Total,2,Civil Services,3,Total,192073.0
2018,2018,2,Makkah Al-Mokarramah,3,Total,4,Total,1,Male,1919795.0
2018,2018,2,Makkah Al-Mokarramah,3,Total,4,Total,2,Female,272391.0
2018,2018,2,Makkah Al-Mokarramah,3,Total,4,Total,3,Total,2192186.0
2018,2018,3,Al-Madinah Al-Monawarah,1,Saudi,1,GOSI,1,Male,44831.0
2018,2018,3,Al-Madinah Al-Monawarah,1,Saudi,1,GOSI,2,Female,19661.0
2018,2018,3,Al-Madinah Al-Monawarah,1,Saudi,1,GOSI,3,Total,64492.0
2018,2018,3,Al-Madinah Al-Monawarah,1,Saudi,2,Civil Services,1,Male,40334.0
2018,2018,3,Al-Madinah Al-Monawarah,1,Saudi,2,Civil Services,2,Female,28233.0
2018,2018,3,Al-Madinah Al-Monawarah,1,Saudi,2,Civil Services,3,Total,68567.0
2018,2018,3,Al-Madinah Al-Monawarah,1,Saudi,4,Total,1,Male,85165.0
2018,2018,3,Al-Madinah Al-Monawarah,1,Saudi,4,Total,2,Female,47894.0
2018,2018,3,Al-Madinah Al-Monawarah,1,Saudi,4,Total,3,Total,133059.0
2018,2018,3,Al-Madinah Al-Monawarah,2,Non Saudi,1,GOSI,1,Male,248724.0
2018,2018,3,Al-Madinah Al-Monawarah,2,Non Saudi,1,GOSI,2,Female,6354.0
2018,2018,3,Al-Madinah Al-Monawarah,2,Non Saudi,1,GOSI,3,Total,255078.0
2018,2018,3,Al-Madinah Al-Monawarah,2,Non Saudi,2,Civil Services,1,Male,1568.0
2018,2018,3,Al-Madinah Al-Monawarah,2,Non Saudi,2,Civil Services,2,Female,1771.0
2018,2018,3,Al-Madinah Al-Monawarah,2,Non Saudi,2,Civil Services,3,Total,3339.0
2018,2018,3,Al-Madinah Al-Monawarah,2,Non Saudi,4,Total,1,Male,250292.0
2018,2018,3,Al-Madinah Al-Monawarah,2,Non Saudi,4,Total,2,Female,8125.0
2018,2018,3,Al-Madinah Al-Monawarah,2,Non Saudi,4,Total,3,Total,258417.0
2018,2018,3,Al-Madinah Al-Monawarah,3,Total,1,GOSI,1,Male,293555.0
2018,2018,3,Al-Madinah Al-Monawarah,3,Total,1,GOSI,2,Female,26015.0
2018,2018,3,Al-Madinah Al-Monawarah,3,Total,1,GOSI,3,Total,319570.0
2018,2018,3,Al-Madinah Al-Monawarah,3,Total,2,Civil Services,1,Male,41902.0
2018,2018,3,Al-Madinah Al-Monawarah,3,Total,2,Civil Services,2,Female,30004.0
2018,2018,3,Al-Madinah Al-Monawarah,3,Total,2,Civil Services,3,Total,71906.0
2018,2018,3,Al-Madinah Al-Monawarah,3,Total,4,Total,1,Male,335457.0
2018,2018,3,Al-Madinah Al-Monawarah,3,Total,4,Total,2,Female,56019.0
2018,2018,3,Al-Madinah Al-Monawarah,3,Total,4,Total,3,Total,391476.0
2018,2018,4,Al-Qaseem,1,Saudi,1,GOSI,1,Male,32153.0
2018,2018,4,Al-Qaseem,1,Saudi,1,GOSI,2,Female,13974.0
2018,2018,4,Al-Qaseem,1,Saudi,1,GOSI,3,Total,46127.0
2018,2018,4,Al-Qaseem,1,Saudi,2,Civil Services,1,Male,35160.0
2018,2018,4,Al-Qaseem,1,Saudi,2,Civil Services,2,Female,26875.0
2018,2018,4,Al-Qaseem,1,Saudi,2,Civil Services,3,Total,62035.0
2018,2018,4,Al-Qaseem,1,Saudi,4,Total,1,Male,67313.0
2018,2018,4,Al-Qaseem,1,Saudi,4,Total,2,Female,40849.0
2018,2018,4,Al-Qaseem,1,Saudi,4,Total,3,Total,108162.0
2018,2018,4,Al-Qaseem,2,Non Saudi,1,GOSI,1,Male,279872.0
2018,2018,4,Al-Qaseem,2,Non Saudi,1,GOSI,2,Female,7044.0
2018,2018,4,Al-Qaseem,2,Non Saudi,1,GOSI,3,Total,286916.0
2018,2018,4,Al-Qaseem,2,Non Saudi,2,Civil Services,1,Male,1805.0
2018,2018,4,Al-Qaseem,2,Non Saudi,2,Civil Services,2,Female,1916.0
2018,2018,4,Al-Qaseem,2,Non Saudi,2,Civil Services,3,Total,3721.0
2018,2018,4,Al-Qaseem,2,Non Saudi,4,Total,1,Male,281677.0
2018,2018,4,Al-Qaseem,2,Non Saudi,4,Total,2,Female,8960.0
2018,2018,4,Al-Qaseem,2,Non Saudi,4,Total,3,Total,290637.0
2018,2018,4,Al-Qaseem,3,Total,1,GOSI,1,Male,312025.0
2018,2018,4,Al-Qaseem,3,Total,1,GOSI,2,Female,21018.0
2018,2018,4,Al-Qaseem,3,Total,1,GOSI,3,Total,333043.0
2018,2018,4,Al-Qaseem,3,Total,2,Civil Services,1,Male,36965.0
2018,2018,4,Al-Qaseem,3,Total,2,Civil Services,2,Female,28791.0
2018,2018,4,Al-Qaseem,3,Total,2,Civil Services,3,Total,65756.0
2018,2018,4,Al-Qaseem,3,Total,4,Total,1,Male,348990.0
2018,2018,4,Al-Qaseem,3,Total,4,Total,2,Female,49809.0
2018,2018,4,Al-Qaseem,3,Total,4,Total,3,Total,398799.0
2018,2018,5,Eastern Region,1,Saudi,1,GOSI,1,Male,355389.0
2018,2018,5,Eastern Region,1,Saudi,1,GOSI,2,Female,96321.0
2018,2018,5,Eastern Region,1,Saudi,1,GOSI,3,Total,451710.0
2018,2018,5,Eastern Region,1,Saudi,2,Civil Services,1,Male,71441.0
2018,2018,5,Eastern Region,1,Saudi,2,Civil Services,2,Female,48977.0
2018,2018,5,Eastern Region,1,Saudi,2,Civil Services,3,Total,120418.0
2018,2018,5,Eastern Region,1,Saudi,4,Total,1,Male,426830.0
2018,2018,5,Eastern Region,1,Saudi,4,Total,2,Female,145298.0
2018,2018,5,Eastern Region,1,Saudi,4,Total,3,Total,572128.0
2018,2018,5,Eastern Region,2,Non Saudi,1,GOSI,1,Male,1378860.0
2018,2018,5,Eastern Region,2,Non Saudi,1,GOSI,2,Female,34661.0
2018,2018,5,Eastern Region,2,Non Saudi,1,GOSI,3,Total,1413521.0
2018,2018,5,Eastern Region,2,Non Saudi,2,Civil Services,1,Male,3890.0
2018,2018,5,Eastern Region,2,Non Saudi,2,Civil Services,2,Female,2790.0
2018,2018,5,Eastern Region,2,Non Saudi,2,Civil Services,3,Total,6680.0
2018,2018,5,Eastern Region,2,Non Saudi,4,Total,1,Male,1382750.0
2018,2018,5,Eastern Region,2,Non Saudi,4,Total,2,Female,37451.0
2018,2018,5,Eastern Region,2,Non Saudi,4,Total,3,Total,1420201.0
2018,2018,5,Eastern Region,3,Total,1,GOSI,1,Male,1734249.0
2018,2018,5,Eastern Region,3,Total,1,GOSI,2,Female,130982.0
2018,2018,5,Eastern Region,3,Total,1,GOSI,3,Total,1865231.0
2018,2018,5,Eastern Region,3,Total,2,Civil Services,1,Male,75331.0
2018,2018,5,Eastern Region,3,Total,2,Civil Services,2,Female,51767.0
2018,2018,5,Eastern Region,3,Total,2,Civil Services,3,Total,127098.0
2018,2018,5,Eastern Region,3,Total,4,Total,1,Male,1809580.0
2018,2018,5,Eastern Region,3,Total,4,Total,2,Female,182749.0
2018,2018,5,Eastern Region,3,Total,4,Total,3,Total,1992329.0
2018,2018,6,Aseer,1,Saudi,1,GOSI,1,Male,40575.0
2018,2018,6,Aseer,1,Saudi,1,GOSI,2,Female,13208.0
2018,2018,6,Aseer,1,Saudi,1,GOSI,3,Total,53783.0
2018,2018,6,Aseer,1,Saudi,2,Civil Services,1,Male,49447.0
2018,2018,6,Aseer,1,Saudi,2,Civil Services,2,Female,45149.0
2018,2018,6,Aseer,1,Saudi,2,Civil Services,3,Total,94596.0
2018,2018,6,Aseer,1,Saudi,4,Total,1,Male,90022.0
2018,2018,6,Aseer,1,Saudi,4,Total,2,Female,58357.0
2018,2018,6,Aseer,1,Saudi,4,Total,3,Total,148379.0
2018,2018,6,Aseer,2,Non Saudi,1,GOSI,1,Male,236711.0
2018,2018,6,Aseer,2,Non Saudi,1,GOSI,2,Female,8153.0
2018,2018,6,Aseer,2,Non Saudi,1,GOSI,3,Total,244864.0
2018,2018,6,Aseer,2,Non Saudi,2,Civil Services,1,Male,2515.0
2018,2018,6,Aseer,2,Non Saudi,2,Civil Services,2,Female,2487.0
2018,2018,6,Aseer,2,Non Saudi,2,Civil Services,3,Total,5002.0
2018,2018,6,Aseer,2,Non Saudi,4,Total,1,Male,239226.0
2018,2018,6,Aseer,2,Non Saudi,4,Total,2,Female,10640.0
2018,2018,6,Aseer,2,Non Saudi,4,Total,3,Total,249866.0
2018,2018,6,Aseer,3,Total,1,GOSI,1,Male,277286.0
2018,2018,6,Aseer,3,Total,1,GOSI,2,Female,21361.0
2018,2018,6,Aseer,3,Total,1,GOSI,3,Total,298647.0
2018,2018,6,Aseer,3,Total,2,Civil Services,1,Male,51962.0
2018,2018,6,Aseer,3,Total,2,Civil Services,2,Female,47636.0
2018,2018,6,Aseer,3,Total,2,Civil Services,3,Total,99598.0
2018,2018,6,Aseer,3,Total,4,Total,1,Male,329248.0
2018,2018,6,Aseer,3,Total,4,Total,2,Female,68997.0
2018,2018,6,Aseer,3,Total,4,Total,3,Total,398245.0
2018,2018,7,Tabouk,1,Saudi,1,GOSI,1,Male,12711.0
2018,2018,7,Tabouk,1,Saudi,1,GOSI,2,Female,6925.0
2018,2018,7,Tabouk,1,Saudi,1,GOSI,3,Total,19636.0
2018,2018,7,Tabouk,1,Saudi,2,Civil Services,1,Male,20620.0
2018,2018,7,Tabouk,1,Saudi,2,Civil Services,2,Female,14512.0
2018,2018,7,Tabouk,1,Saudi,2,Civil Services,3,Total,35132.0
2018,2018,7,Tabouk,1,Saudi,4,Total,1,Male,33331.0
2018,2018,7,Tabouk,1,Saudi,4,Total,2,Female,21437.0
2018,2018,7,Tabouk,1,Saudi,4,Total,3,Total,54768.0
2018,2018,7,Tabouk,2,Non Saudi,1,GOSI,1,Male,77819.0
2018,2018,7,Tabouk,2,Non Saudi,1,GOSI,2,Female,1287.0
2018,2018,7,Tabouk,2,Non Saudi,1,GOSI,3,Total,79106.0
2018,2018,7,Tabouk,2,Non Saudi,2,Civil Services,1,Male,1146.0
2018,2018,7,Tabouk,2,Non Saudi,2,Civil Services,2,Female,757.0
2018,2018,7,Tabouk,2,Non Saudi,2,Civil Services,3,Total,1903.0
2018,2018,7,Tabouk,2,Non Saudi,4,Total,1,Male,78965.0
2018,2018,7,Tabouk,2,Non Saudi,4,Total,2,Female,2044.0
2018,2018,7,Tabouk,2,Non Saudi,4,Total,3,Total,81009.0
2018,2018,7,Tabouk,3,Total,1,GOSI,1,Male,90530.0
2018,2018,7,Tabouk,3,Total,1,GOSI,2,Female,8212.0
2018,2018,7,Tabouk,3,Total,1,GOSI,3,Total,98742.0
2018,2018,7,Tabouk,3,Total,2,Civil Services,1,Male,21766.0
2018,2018,7,Tabouk,3,Total,2,Civil Services,2,Female,15269.0
2018,2018,7,Tabouk,3,Total,2,Civil Services,3,Total,37035.0
2018,2018,7,Tabouk,3,Total,4,Total,1,Male,112296.0
2018,2018,7,Tabouk,3,Total,4,Total,2,Female,23481.0
2018,2018,7,Tabouk,3,Total,4,Total,3,Total,135777.0
2018,2018,8,Hail,1,Saudi,1,GOSI,1,Male,9943.0
2018,2018,8,Hail,1,Saudi,1,GOSI,2,Female,6657.0
2018,2018,8,Hail,1,Saudi,1,GOSI,3,Total,16600.0
2018,2018,8,Hail,1,Saudi,2,Civil Services,1,Male,18497.0
2018,2018,8,Hail,1,Saudi,2,Civil Services,2,Female,14024.0
2018,2018,8,Hail,1,Saudi,2,Civil Services,3,Total,32521.0
2018,2018,8,Hail,1,Saudi,4,Total,1,Male,28440.0
2018,2018,8,Hail,1,Saudi,4,Total,2,Female,20681.0
2018,2018,8,Hail,1,Saudi,4,Total,3,Total,49121.0
2018,2018,8,Hail,2,Non Saudi,1,GOSI,1,Male,93625.0
2018,2018,8,Hail,2,Non Saudi,1,GOSI,2,Female,2301.0
2018,2018,8,Hail,2,Non Saudi,1,GOSI,3,Total,95926.0
2018,2018,8,Hail,2,Non Saudi,2,Civil Services,1,Male,665.0
2018,2018,8,Hail,2,Non Saudi,2,Civil Services,2,Female,648.0
2018,2018,8,Hail,2,Non Saudi,2,Civil Services,3,Total,1313.0
2018,2018,8,Hail,2,Non Saudi,4,Total,1,Male,94290.0
2018,2018,8,Hail,2,Non Saudi,4,Total,2,Female,2949.0
2018,2018,8,Hail,2,Non Saudi,4,Total,3,Total,97239.0
2018,2018,8,Hail,3,Total,1,GOSI,1,Male,103568.0
2018,2018,8,Hail,3,Total,1,GOSI,2,Female,8958.0
2018,2018,8,Hail,3,Total,1,GOSI,3,Total,112526.0
2018,2018,8,Hail,3,Total,2,Civil Services,1,Male,19162.0
2018,2018,8,Hail,3,Total,2,Civil Services,2,Female,14672.0
2018,2018,8,Hail,3,Total,2,Civil Services,3,Total,33834.0
2018,2018,8,Hail,3,Total,4,Total,1,Male,122730.0
2018,2018,8,Hail,3,Total,4,Total,2,Female,23630.0
2018,2018,8,Hail,3,Total,4,Total,3,Total,146360.0
2018,2018,9,Northern Borders,1,Saudi,1,GOSI,1,Male,4397.0
2018,2018,9,Northern Borders,1,Saudi,1,GOSI,2,Female,1899.0
2018,2018,9,Northern Borders,1,Saudi,1,GOSI,3,Total,6296.0
2018,2018,9,Northern Borders,1,Saudi,2,Civil Services,1,Male,11275.0
2018,2018,9,Northern Borders,1,Saudi,2,Civil Services,2,Female,6981.0
2018,2018,9,Northern Borders,1,Saudi,2,Civil Services,3,Total,18256.0
2018,2018,9,Northern Borders,1,Saudi,4,Total,1,Male,15672.0
2018,2018,9,Northern Borders,1,Saudi,4,Total,2,Female,8880.0
2018,2018,9,Northern Borders,1,Saudi,4,Total,3,Total,24552.0
2018,2018,9,Northern Borders,2,Non Saudi,1,GOSI,1,Male,34011.0
2018,2018,9,Northern Borders,2,Non Saudi,1,GOSI,2,Female,512.0
2018,2018,9,Northern Borders,2,Non Saudi,1,GOSI,3,Total,34523.0
2018,2018,9,Northern Borders,2,Non Saudi,2,Civil Services,1,Male,1186.0
2018,2018,9,Northern Borders,2,Non Saudi,2,Civil Services,2,Female,922.0
2018,2018,9,Northern Borders,2,Non Saudi,2,Civil Services,3,Total,2108.0
2018,2018,9,Northern Borders,2,Non Saudi,4,Total,1,Male,35197.0
2018,2018,9,Northern Borders,2,Non Saudi,4,Total,2,Female,1434.0
2018,2018,9,Northern Borders,2,Non Saudi,4,Total,3,Total,36631.0
2018,2018,9,Northern Borders,3,Total,1,GOSI,1,Male,38408.0
2018,2018,9,Northern Borders,3,Total,1,GOSI,2,Female,2411.0
2018,2018,9,Northern Borders,3,Total,1,GOSI,3,Total,40819.0
2018,2018,9,Northern Borders,3,Total,2,Civil Services,1,Male,12461.0
2018,2018,9,Northern Borders,3,Total,2,Civil Services,2,Female,7903.0
2018,2018,9,Northern Borders,3,Total,2,Civil Services,3,Total,20364.0
2018,2018,9,Northern Borders,3,Total,4,Total,1,Male,50869.0
2018,2018,9,Northern Borders,3,Total,4,Total,2,Female,10314.0
2018,2018,9,Northern Borders,3,Total,4,Total,3,Total,61183.0
2018,2018,10,Jazan,1,Saudi,1,GOSI,1,Male,13621.0
2018,2018,10,Jazan,1,Saudi,1,GOSI,2,Female,7769.0
2018,2018,10,Jazan,1,Saudi,1,GOSI,3,Total,21390.0
2018,2018,10,Jazan,1,Saudi,2,Civil Services,1,Male,29126.0
2018,2018,10,Jazan,1,Saudi,2,Civil Services,2,Female,23851.0
2018,2018,10,Jazan,1,Saudi,2,Civil Services,3,Total,52977.0
2018,2018,10,Jazan,1,Saudi,4,Total,1,Male,42747.0
2018,2018,10,Jazan,1,Saudi,4,Total,2,Female,31620.0
2018,2018,10,Jazan,1,Saudi,4,Total,3,Total,74367.0
2018,2018,10,Jazan,2,Non Saudi,1,GOSI,1,Male,101792.0
2018,2018,10,Jazan,2,Non Saudi,1,GOSI,2,Female,1856.0
2018,2018,10,Jazan,2,Non Saudi,1,GOSI,3,Total,103648.0
2018,2018,10,Jazan,2,Non Saudi,2,Civil Services,1,Male,1571.0
2018,2018,10,Jazan,2,Non Saudi,2,Civil Services,2,Female,1288.0
2018,2018,10,Jazan,2,Non Saudi,2,Civil Services,3,Total,2859.0
2018,2018,10,Jazan,2,Non Saudi,4,Total,1,Male,103363.0
2018,2018,10,Jazan,2,Non Saudi,4,Total,2,Female,3144.0
2018,2018,10,Jazan,2,Non Saudi,4,Total,3,Total,106507.0
2018,2018,10,Jazan,3,Total,1,GOSI,1,Male,115413.0
2018,2018,10,Jazan,3,Total,1,GOSI,2,Female,9625.0
2018,2018,10,Jazan,3,Total,1,GOSI,3,Total,125038.0
2018,2018,10,Jazan,3,Total,2,Civil Services,1,Male,30697.0
2018,2018,10,Jazan,3,Total,2,Civil Services,2,Female,25139.0
2018,2018,10,Jazan,3,Total,2,Civil Services,3,Total,55836.0
2018,2018,10,Jazan,3,Total,4,Total,1,Male,146110.0
2018,2018,10,Jazan,3,Total,4,Total,2,Female,34764.0
2018,2018,10,Jazan,3,Total,4,Total,3,Total,180874.0
2018,2018,11,Najran,1,Saudi,1,GOSI,1,Male,11552.0
2018,2018,11,Najran,1,Saudi,1,GOSI,2,Female,5321.0
2018,2018,11,Najran,1,Saudi,1,GOSI,3,Total,16873.0
2018,2018,11,Najran,1,Saudi,2,Civil Services,1,Male,18639.0
2018,2018,11,Najran,1,Saudi,2,Civil Services,2,Female,10810.0
2018,2018,11,Najran,1,Saudi,2,Civil Services,3,Total,29449.0
2018,2018,11,Najran,1,Saudi,4,Total,1,Male,30191.0
2018,2018,11,Najran,1,Saudi,4,Total,2,Female,16131.0
2018,2018,11,Najran,1,Saudi,4,Total,3,Total,46322.0
2018,2018,11,Najran,2,Non Saudi,1,GOSI,1,Male,101775.0
2018,2018,11,Najran,2,Non Saudi,1,GOSI,2,Female,1650.0
2018,2018,11,Najran,2,Non Saudi,1,GOSI,3,Total,103425.0
2018,2018,11,Najran,2,Non Saudi,2,Civil Services,1,Male,904.0
2018,2018,11,Najran,2,Non Saudi,2,Civil Services,2,Female,1222.0
2018,2018,11,Najran,2,Non Saudi,2,Civil Services,3,Total,2126.0
2018,2018,11,Najran,2,Non Saudi,4,Total,1,Male,102679.0
2018,2018,11,Najran,2,Non Saudi,4,Total,2,Female,2872.0
2018,2018,11,Najran,2,Non Saudi,4,Total,3,Total,105551.0
2018,2018,11,Najran,3,Total,1,GOSI,1,Male,113327.0
2018,2018,11,Najran,3,Total,1,GOSI,2,Female,6971.0
2018,2018,11,Najran,3,Total,1,GOSI,3,Total,120298.0
2018,2018,11,Najran,3,Total,2,Civil Services,1,Male,19543.0
2018,2018,11,Najran,3,Total,2,Civil Services,2,Female,12032.0
2018,2018,11,Najran,3,Total,2,Civil Services,3,Total,31575.0
2018,2018,11,Najran,3,Total,4,Total,1,Male,132870.0
2018,2018,11,Najran,3,Total,4,Total,2,Female,19003.0
2018,2018,11,Najran,3,Total,4,Total,3,Total,151873.0
2018,2018,12,Al-Baha,1,Saudi,1,GOSI,1,Male,6317.0
2018,2018,12,Al-Baha,1,Saudi,1,GOSI,2,Female,1653.0
2018,2018,12,Al-Baha,1,Saudi,1,GOSI,3,Total,7970.0
2018,2018,12,Al-Baha,1,Saudi,2,Civil Services,1,Male,13386.0
2018,2018,12,Al-Baha,1,Saudi,2,Civil Services,2,Female,11141.0
2018,2018,12,Al-Baha,1,Saudi,2,Civil Services,3,Total,24527.0
2018,2018,12,Al-Baha,1,Saudi,4,Total,1,Male,19703.0
2018,2018,12,Al-Baha,1,Saudi,4,Total,2,Female,12794.0
2018,2018,12,Al-Baha,1,Saudi,4,Total,3,Total,32497.0
2018,2018,12,Al-Baha,2,Non Saudi,1,GOSI,1,Male,35204.0
2018,2018,12,Al-Baha,2,Non Saudi,1,GOSI,2,Female,540.0
2018,2018,12,Al-Baha,2,Non Saudi,1,GOSI,3,Total,35744.0
2018,2018,12,Al-Baha,2,Non Saudi,2,Civil Services,1,Male,920.0
2018,2018,12,Al-Baha,2,Non Saudi,2,Civil Services,2,Female,1004.0
2018,2018,12,Al-Baha,2,Non Saudi,2,Civil Services,3,Total,1924.0
2018,2018,12,Al-Baha,2,Non Saudi,4,Total,1,Male,36124.0
2018,2018,12,Al-Baha,2,Non Saudi,4,Total,2,Female,1544.0
2018,2018,12,Al-Baha,2,Non Saudi,4,Total,3,Total,37668.0
2018,2018,12,Al-Baha,3,Total,1,GOSI,1,Male,41521.0
2018,2018,12,Al-Baha,3,Total,1,GOSI,2,Female,2193.0
2018,2018,12,Al-Baha,3,Total,1,GOSI,3,Total,43714.0
2018,2018,12,Al-Baha,3,Total,2,Civil Services,1,Male,14306.0
2018,2018,12,Al-Baha,3,Total,2,Civil Services,2,Female,12145.0
2018,2018,12,Al-Baha,3,Total,2,Civil Services,3,Total,26451.0
2018,2018,12,Al-Baha,3,Total,4,Total,1,Male,55827.0
2018,2018,12,Al-Baha,3,Total,4,Total,2,Female,14338.0
2018,2018,12,Al-Baha,3,Total,4,Total,3,Total,70165.0
2018,2018,13,Al-Jouf,1,Saudi,1,GOSI,1,Male,7141.0
2018,2018,13,Al-Jouf,1,Saudi,1,GOSI,2,Female,2065.0
2018,2018,13,Al-Jouf,1,Saudi,1,GOSI,3,Total,9206.0
2018,2018,13,Al-Jouf,1,Saudi,2,Civil Services,1,Male,17787.0
2018,2018,13,Al-Jouf,1,Saudi,2,Civil Services,2,Female,10340.0
2018,2018,13,Al-Jouf,1,Saudi,2,Civil Services,3,Total,28127.0
2018,2018,13,Al-Jouf,1,Saudi,4,Total,1,Male,24928.0
2018,2018,13,Al-Jouf,1,Saudi,4,Total,2,Female,12405.0
2018,2018,13,Al-Jouf,1,Saudi,4,Total,3,Total,37333.0
2018,2018,13,Al-Jouf,2,Non Saudi,1,GOSI,1,Male,50365.0
2018,2018,13,Al-Jouf,2,Non Saudi,1,GOSI,2,Female,852.0
2018,2018,13,Al-Jouf,2,Non Saudi,1,GOSI,3,Total,51217.0
2018,2018,13,Al-Jouf,2,Non Saudi,2,Civil Services,1,Male,801.0
2018,2018,13,Al-Jouf,2,Non Saudi,2,Civil Services,2,Female,631.0
2018,2018,13,Al-Jouf,2,Non Saudi,2,Civil Services,3,Total,1432.0
2018,2018,13,Al-Jouf,2,Non Saudi,4,Total,1,Male,51166.0
2018,2018,13,Al-Jouf,2,Non Saudi,4,Total,2,Female,1483.0
2018,2018,13,Al-Jouf,2,Non Saudi,4,Total,3,Total,52649.0
2018,2018,13,Al-Jouf,3,Total,1,GOSI,1,Male,57506.0
2018,2018,13,Al-Jouf,3,Total,1,GOSI,2,Female,2917.0
2018,2018,13,Al-Jouf,3,Total,1,GOSI,3,Total,60423.0
2018,2018,13,Al-Jouf,3,Total,2,Civil Services,1,Male,18588.0
2018,2018,13,Al-Jouf,3,Total,2,Civil Services,2,Female,10971.0
2018,2018,13,Al-Jouf,3,Total,2,Civil Services,3,Total,29559.0
2018,2018,13,Al-Jouf,3,Total,4,Total,1,Male,76094.0
2018,2018,13,Al-Jouf,3,Total,4,Total,2,Female,13888.0
2018,2018,13,Al-Jouf,3,Total,4,Total,3,Total,89982.0
2018,2018,14,Unspecified,1,Saudi,2,Civil Services,1,Male,1907.0
2018,2018,14,Unspecified,1,Saudi,2,Civil Services,2,Female,1065.0
2018,2018,14,Unspecified,1,Saudi,2,Civil Services,3,Total,2972.0
2018,2018,14,Unspecified,1,Saudi,3,Domestic Workers,1,Male,0.0
2018,2018,14,Unspecified,1,Saudi,3,Domestic Workers,2,Female,0.0
2018,2018,14,Unspecified,1,Saudi,3,Domestic Workers,3,Total,0.0
2018,2018,14,Unspecified,1,Saudi,4,Total,1,Male,1907.0
2018,2018,14,Unspecified,1,Saudi,4,Total,2,Female,1065.0
2018,2018,14,Unspecified,1,Saudi,4,Total,3,Total,2972.0
2018,2018,14,Unspecified,2,Non Saudi,2,Civil Services,1,Male,66.0
2018,2018,14,Unspecified,2,Non Saudi,2,Civil Services,2,Female,8.0
2018,2018,14,Unspecified,2,Non Saudi,2,Civil Services,3,Total,74.0
2018,2018,14,Unspecified,2,Non Saudi,3,Domestic Workers,1,Male,1627847.0
2018,2018,14,Unspecified,2,Non Saudi,3,Domestic Workers,2,Female,826895.0
2018,2018,14,Unspecified,2,Non Saudi,3,Domestic Workers,3,Total,2454742.0
2018,2018,14,Unspecified,2,Non Saudi,4,Total,1,Male,66.0
2018,2018,14,Unspecified,2,Non Saudi,4,Total,2,Female,8.0
2018,2018,14,Unspecified,2,Non Saudi,4,Total,3,Total,74.0
2018,2018,14,Unspecified,3,Total,2,Civil Services,1,Male,1973.0
2018,2018,14,Unspecified,3,Total,2,Civil Services,2,Female,1073.0
2018,2018,14,Unspecified,3,Total,2,Civil Services,3,Total,3046.0
2018,2018,14,Unspecified,3,Total,3,Domestic Workers,1,Male,1627847.0
2018,2018,14,Unspecified,3,Total,3,Domestic Workers,2,Female,826895.0
2018,2018,14,Unspecified,3,Total,3,Domestic Workers,3,Total,2454742.0
2018,2018,14,Unspecified,3,Total,4,Total,1,Male,1973.0
2018,2018,14,Unspecified,3,Total,4,Total,2,Female,1073.0
2018,2018,14,Unspecified,3,Total,4,Total,3,Total,3046.0
2018,2018,15,Grand Total,1,Saudi,1,GOSI,1,Male,1338688.0
2018,2018,15,Grand Total,1,Saudi,1,GOSI,2,Female,592494.0
2018,2018,15,Grand Total,1,Saudi,1,GOSI,3,Total,1931182.0
2018,2018,15,Grand Total,1,Saudi,2,Civil Services,1,Male,702054.0
2018,2018,15,Grand Total,1,Saudi,2,Civil Services,2,Female,477963.0
2018,2018,15,Grand Total,1,Saudi,2,Civil Services,3,Total,1180017.0
2018,2018,15,Grand Total,1,Saudi,3,Domestic Workers,1,Male,0.0
2018,2018,15,Grand Total,1,Saudi,3,Domestic Workers,2,Female,0.0
2018,2018,15,Grand Total,1,Saudi,3,Domestic Workers,3,Total,0.0
2018,2018,15,Grand Total,1,Saudi,4,Total,1,Male,2040742.0
2018,2018,15,Grand Total,1,Saudi,4,Total,2,Female,1070457.0
2018,2018,15,Grand Total,1,Saudi,4,Total,3,Total,3111199.0
2018,2018,15,Grand Total,2,Non Saudi,1,GOSI,1,Male,6702549.0
2018,2018,15,Grand Total,2,Non Saudi,1,GOSI,2,Female,222446.0
2018,2018,15,Grand Total,2,Non Saudi,1,GOSI,3,Total,6924995.0
2018,2018,15,Grand Total,2,Non Saudi,2,Civil Services,1,Male,26547.0
2018,2018,15,Grand Total,2,Non Saudi,2,Civil Services,2,Female,23135.0
2018,2018,15,Grand Total,2,Non Saudi,2,Civil Services,3,Total,49682.0
2018,2018,15,Grand Total,2,Non Saudi,3,Domestic Workers,1,Male,1627847.0
2018,2018,15,Grand Total,2,Non Saudi,3,Domestic Workers,2,Female,826895.0
2018,2018,15,Grand Total,2,Non Saudi,3,Domestic Workers,3,Total,2454742.0
2018,2018,15,Grand Total,2,Non Saudi,4,Total,1,Male,8356943.0
2018,2018,15,Grand Total,2,Non Saudi,4,Total,2,Female,1072476.0
2018,2018,15,Grand Total,2,Non Saudi,4,Total,3,Total,9429419.0
2018,2018,15,Grand Total,3,Total,1,GOSI,1,Male,8041237.0
2018,2018,15,Grand Total,3,Total,1,GOSI,2,Female,814940.0
2018,2018,15,Grand Total,3,Total,1,GOSI,3,Total,8856177.0
2018,2018,15,Grand Total,3,Total,2,Civil Services,1,Male,728601.0
2018,2018,15,Grand Total,3,Total,2,Civil Services,2,Female,501098.0
2018,2018,15,Grand Total,3,Total,2,Civil Services,3,Total,1229699.0
2018,2018,15,Grand Total,3,Total,3,Domestic Workers,1,Male,1627847.0
2018,2018,15,Grand Total,3,Total,3,Domestic Workers,2,Female,826895.0
2018,2018,15,Grand Total,3,Total,3,Domestic Workers,3,Total,2454742.0
2018,2018,15,Grand Total,3,Total,4,Total,1,Male,10397685.0
2018,2018,15,Grand Total,3,Total,4,Total,2,Female,2142933.0
2018,2018,15,Grand Total,3,Total,4,Total,3,Total,12540618.0
2019,2019,1,Al-Riyadh,1,Saudi,1,GOSI,1,Male,541559.0
2019,2019,1,Al-Riyadh,1,Saudi,1,GOSI,2,Female,282384.0
2019,2019,1,Al-Riyadh,1,Saudi,1,GOSI,3,Total,823943.0
2019,2019,1,Al-Riyadh,1,Saudi,2,Civil Services,1,Male,278560.0
2019,2019,1,Al-Riyadh,1,Saudi,2,Civil Services,2,Female,172615.0
2019,2019,1,Al-Riyadh,1,Saudi,2,Civil Services,3,Total,451175.0
2019,2019,1,Al-Riyadh,1,Saudi,4,Total,1,Male,820119.0
2019,2019,1,Al-Riyadh,1,Saudi,4,Total,2,Female,454999.0
2019,2019,1,Al-Riyadh,1,Saudi,4,Total,3,Total,1275118.0
2019,2019,1,Al-Riyadh,2,Non Saudi,1,GOSI,1,Male,2476935.0
2019,2019,1,Al-Riyadh,2,Non Saudi,1,GOSI,2,Female,126866.0
2019,2019,1,Al-Riyadh,2,Non Saudi,1,GOSI,3,Total,2603801.0
2019,2019,1,Al-Riyadh,2,Non Saudi,2,Civil Services,1,Male,4876.0
2019,2019,1,Al-Riyadh,2,Non Saudi,2,Civil Services,2,Female,3973.0
2019,2019,1,Al-Riyadh,2,Non Saudi,2,Civil Services,3,Total,8849.0
2019,2019,1,Al-Riyadh,2,Non Saudi,4,Total,1,Male,2481811.0
2019,2019,1,Al-Riyadh,2,Non Saudi,4,Total,2,Female,130839.0
2019,2019,1,Al-Riyadh,2,Non Saudi,4,Total,3,Total,2612650.0
2019,2019,1,Al-Riyadh,3,Total,1,GOSI,1,Male,3018494.0
2019,2019,1,Al-Riyadh,3,Total,1,GOSI,2,Female,409250.0
2019,2019,1,Al-Riyadh,3,Total,1,GOSI,3,Total,3427744.0
2019,2019,1,Al-Riyadh,3,Total,2,Civil Services,1,Male,283436.0
2019,2019,1,Al-Riyadh,3,Total,2,Civil Services,2,Female,176588.0
2019,2019,1,Al-Riyadh,3,Total,2,Civil Services,3,Total,460024.0
2019,2019,1,Al-Riyadh,3,Total,4,Total,1,Male,3301930.0
2019,2019,1,Al-Riyadh,3,Total,4,Total,2,Female,585838.0
2019,2019,1,Al-Riyadh,3,Total,4,Total,3,Total,3887768.0
2019,2019,2,Makkah Al-Mokarramah,1,Saudi,1,GOSI,1,Male,276330.0
2019,2019,2,Makkah Al-Mokarramah,1,Saudi,1,GOSI,2,Female,154481.0
2019,2019,2,Makkah Al-Mokarramah,1,Saudi,1,GOSI,3,Total,430811.0
2019,2019,2,Makkah Al-Mokarramah,1,Saudi,2,Civil Services,1,Male,111667.0
2019,2019,2,Makkah Al-Mokarramah,1,Saudi,2,Civil Services,2,Female,76286.0
2019,2019,2,Makkah Al-Mokarramah,1,Saudi,2,Civil Services,3,Total,187953.0
2019,2019,2,Makkah Al-Mokarramah,1,Saudi,4,Total,1,Male,387997.0
2019,2019,2,Makkah Al-Mokarramah,1,Saudi,4,Total,2,Female,230767.0
2019,2019,2,Makkah Al-Mokarramah,1,Saudi,4,Total,3,Total,618764.0
2019,2019,2,Makkah Al-Mokarramah,2,Non Saudi,1,GOSI,1,Male,1427513.0
2019,2019,2,Makkah Al-Mokarramah,2,Non Saudi,1,GOSI,2,Female,43260.0
2019,2019,2,Makkah Al-Mokarramah,2,Non Saudi,1,GOSI,3,Total,1470773.0
2019,2019,2,Makkah Al-Mokarramah,2,Non Saudi,2,Civil Services,1,Male,3692.0
2019,2019,2,Makkah Al-Mokarramah,2,Non Saudi,2,Civil Services,2,Female,3167.0
2019,2019,2,Makkah Al-Mokarramah,2,Non Saudi,2,Civil Services,3,Total,6859.0
2019,2019,2,Makkah Al-Mokarramah,2,Non Saudi,4,Total,1,Male,1431205.0
2019,2019,2,Makkah Al-Mokarramah,2,Non Saudi,4,Total,2,Female,46427.0
2019,2019,2,Makkah Al-Mokarramah,2,Non Saudi,4,Total,3,Total,1477632.0
2019,2019,2,Makkah Al-Mokarramah,3,Total,1,GOSI,1,Male,1703843.0
2019,2019,2,Makkah Al-Mokarramah,3,Total,1,GOSI,2,Female,197741.0
2019,2019,2,Makkah Al-Mokarramah,3,Total,1,GOSI,3,Total,1901584.0
2019,2019,2,Makkah Al-Mokarramah,3,Total,2,Civil Services,1,Male,115359.0
2019,2019,2,Makkah Al-Mokarramah,3,Total,2,Civil Services,2,Female,79453.0
2019,2019,2,Makkah Al-Mokarramah,3,Total,2,Civil Services,3,Total,194812.0
2019,2019,2,Makkah Al-Mokarramah,3,Total,4,Total,1,Male,1819202.0
2019,2019,2,Makkah Al-Mokarramah,3,Total,4,Total,2,Female,277194.0
2019,2019,2,Makkah Al-Mokarramah,3,Total,4,Total,3,Total,2096396.0
2019,2019,3,Al-Madinah Al-Monawarah,1,Saudi,1,GOSI,1,Male,29066.0
2019,2019,3,Al-Madinah Al-Monawarah,1,Saudi,1,GOSI,2,Female,16334.0
2019,2019,3,Al-Madinah Al-Monawarah,1,Saudi,1,GOSI,3,Total,45400.0
2019,2019,3,Al-Madinah Al-Monawarah,1,Saudi,2,Civil Services,1,Male,40699.0
2019,2019,3,Al-Madinah Al-Monawarah,1,Saudi,2,Civil Services,2,Female,28971.0
2019,2019,3,Al-Madinah Al-Monawarah,1,Saudi,2,Civil Services,3,Total,69670.0
2019,2019,3,Al-Madinah Al-Monawarah,1,Saudi,4,Total,1,Male,69765.0
2019,2019,3,Al-Madinah Al-Monawarah,1,Saudi,4,Total,2,Female,45305.0
2019,2019,3,Al-Madinah Al-Monawarah,1,Saudi,4,Total,3,Total,115070.0
2019,2019,3,Al-Madinah Al-Monawarah,2,Non Saudi,1,GOSI,1,Male,163462.0
2019,2019,3,Al-Madinah Al-Monawarah,2,Non Saudi,1,GOSI,2,Female,5120.0
2019,2019,3,Al-Madinah Al-Monawarah,2,Non Saudi,1,GOSI,3,Total,168582.0
2019,2019,3,Al-Madinah Al-Monawarah,2,Non Saudi,2,Civil Services,1,Male,1440.0
2019,2019,3,Al-Madinah Al-Monawarah,2,Non Saudi,2,Civil Services,2,Female,1707.0
2019,2019,3,Al-Madinah Al-Monawarah,2,Non Saudi,2,Civil Services,3,Total,3147.0
2019,2019,3,Al-Madinah Al-Monawarah,2,Non Saudi,4,Total,1,Male,164902.0
2019,2019,3,Al-Madinah Al-Monawarah,2,Non Saudi,4,Total,2,Female,6827.0
2019,2019,3,Al-Madinah Al-Monawarah,2,Non Saudi,4,Total,3,Total,171729.0
2019,2019,3,Al-Madinah Al-Monawarah,3,Total,1,GOSI,1,Male,192528.0
2019,2019,3,Al-Madinah Al-Monawarah,3,Total,1,GOSI,2,Female,21454.0
2019,2019,3,Al-Madinah Al-Monawarah,3,Total,1,GOSI,3,Total,213982.0
2019,2019,3,Al-Madinah Al-Monawarah,3,Total,2,Civil Services,1,Male,42139.0
2019,2019,3,Al-Madinah Al-Monawarah,3,Total,2,Civil Services,2,Female,30678.0
2019,2019,3,Al-Madinah Al-Monawarah,3,Total,2,Civil Services,3,Total,72817.0
2019,2019,3,Al-Madinah Al-Monawarah,3,Total,4,Total,1,Male,234667.0
2019,2019,3,Al-Madinah Al-Monawarah,3,Total,4,Total,2,Female,52132.0
2019,2019,3,Al-Madinah Al-Monawarah,3,Total,4,Total,3,Total,286799.0
2019,2019,4,Al-Qaseem,1,Saudi,1,GOSI,1,Male,31762.0
2019,2019,4,Al-Qaseem,1,Saudi,1,GOSI,2,Female,15280.0
2019,2019,4,Al-Qaseem,1,Saudi,1,GOSI,3,Total,47042.0
2019,2019,4,Al-Qaseem,1,Saudi,2,Civil Services,1,Male,35182.0
2019,2019,4,Al-Qaseem,1,Saudi,2,Civil Services,2,Female,27082.0
2019,2019,4,Al-Qaseem,1,Saudi,2,Civil Services,3,Total,62264.0
2019,2019,4,Al-Qaseem,1,Saudi,4,Total,1,Male,66944.0
2019,2019,4,Al-Qaseem,1,Saudi,4,Total,2,Female,42362.0
2019,2019,4,Al-Qaseem,1,Saudi,4,Total,3,Total,109306.0
2019,2019,4,Al-Qaseem,2,Non Saudi,1,GOSI,1,Male,241679.0
2019,2019,4,Al-Qaseem,2,Non Saudi,1,GOSI,2,Female,7168.0
2019,2019,4,Al-Qaseem,2,Non Saudi,1,GOSI,3,Total,248847.0
2019,2019,4,Al-Qaseem,2,Non Saudi,2,Civil Services,1,Male,1669.0
2019,2019,4,Al-Qaseem,2,Non Saudi,2,Civil Services,2,Female,1871.0
2019,2019,4,Al-Qaseem,2,Non Saudi,2,Civil Services,3,Total,3540.0
2019,2019,4,Al-Qaseem,2,Non Saudi,4,Total,1,Male,243348.0
2019,2019,4,Al-Qaseem,2,Non Saudi,4,Total,2,Female,9039.0
2019,2019,4,Al-Qaseem,2,Non Saudi,4,Total,3,Total,252387.0
2019,2019,4,Al-Qaseem,3,Total,1,GOSI,1,Male,273441.0
2019,2019,4,Al-Qaseem,3,Total,1,GOSI,2,Female,22448.0
2019,2019,4,Al-Qaseem,3,Total,1,GOSI,3,Total,295889.0
2019,2019,4,Al-Qaseem,3,Total,2,Civil Services,1,Male,36851.0
2019,2019,4,Al-Qaseem,3,Total,2,Civil Services,2,Female,28953.0
2019,2019,4,Al-Qaseem,3,Total,2,Civil Services,3,Total,65804.0
2019,2019,4,Al-Qaseem,3,Total,4,Total,1,Male,310292.0
2019,2019,4,Al-Qaseem,3,Total,4,Total,2,Female,51401.0
2019,2019,4,Al-Qaseem,3,Total,4,Total,3,Total,361693.0
2019,2019,5,Eastern Region,1,Saudi,1,GOSI,1,Male,346475.0
2019,2019,5,Eastern Region,1,Saudi,1,GOSI,2,Female,99920.0
2019,2019,5,Eastern Region,1,Saudi,1,GOSI,3,Total,446395.0
2019,2019,5,Eastern Region,1,Saudi,2,Civil Services,1,Male,71986.0
2019,2019,5,Eastern Region,1,Saudi,2,Civil Services,2,Female,50126.0
2019,2019,5,Eastern Region,1,Saudi,2,Civil Services,3,Total,122112.0
2019,2019,5,Eastern Region,1,Saudi,4,Total,1,Male,418461.0
2019,2019,5,Eastern Region,1,Saudi,4,Total,2,Female,150046.0
2019,2019,5,Eastern Region,1,Saudi,4,Total,3,Total,568507.0
2019,2019,5,Eastern Region,2,Non Saudi,1,GOSI,1,Male,1237535.0
2019,2019,5,Eastern Region,2,Non Saudi,1,GOSI,2,Female,35258.0
2019,2019,5,Eastern Region,2,Non Saudi,1,GOSI,3,Total,1272793.0
2019,2019,5,Eastern Region,2,Non Saudi,2,Civil Services,1,Male,3748.0
2019,2019,5,Eastern Region,2,Non Saudi,2,Civil Services,2,Female,2727.0
2019,2019,5,Eastern Region,2,Non Saudi,2,Civil Services,3,Total,6475.0
2019,2019,5,Eastern Region,2,Non Saudi,4,Total,1,Male,1241283.0
2019,2019,5,Eastern Region,2,Non Saudi,4,Total,2,Female,37985.0
2019,2019,5,Eastern Region,2,Non Saudi,4,Total,3,Total,1279268.0
2019,2019,5,Eastern Region,3,Total,1,GOSI,1,Male,1584010.0
2019,2019,5,Eastern Region,3,Total,1,GOSI,2,Female,135178.0
2019,2019,5,Eastern Region,3,Total,1,GOSI,3,Total,1719188.0
2019,2019,5,Eastern Region,3,Total,2,Civil Services,1,Male,75734.0
2019,2019,5,Eastern Region,3,Total,2,Civil Services,2,Female,52853.0
2019,2019,5,Eastern Region,3,Total,2,Civil Services,3,Total,128587.0
2019,2019,5,Eastern Region,3,Total,4,Total,1,Male,1659744.0
2019,2019,5,Eastern Region,3,Total,4,Total,2,Female,188031.0
2019,2019,5,Eastern Region,3,Total,4,Total,3,Total,1847775.0
2019,2019,6,Aseer,1,Saudi,1,GOSI,1,Male,38301.0
2019,2019,6,Aseer,1,Saudi,1,GOSI,2,Female,13675.0
2019,2019,6,Aseer,1,Saudi,1,GOSI,3,Total,51976.0
2019,2019,6,Aseer,1,Saudi,2,Civil Services,1,Male,50270.0
2019,2019,6,Aseer,1,Saudi,2,Civil Services,2,Female,46220.0
2019,2019,6,Aseer,1,Saudi,2,Civil Services,3,Total,96490.0
2019,2019,6,Aseer,1,Saudi,4,Total,1,Male,88571.0
2019,2019,6,Aseer,1,Saudi,4,Total,2,Female,59895.0
2019,2019,6,Aseer,1,Saudi,4,Total,3,Total,148466.0
2019,2019,6,Aseer,2,Non Saudi,1,GOSI,1,Male,209022.0
2019,2019,6,Aseer,2,Non Saudi,1,GOSI,2,Female,8593.0
2019,2019,6,Aseer,2,Non Saudi,1,GOSI,3,Total,217615.0
2019,2019,6,Aseer,2,Non Saudi,2,Civil Services,1,Male,2343.0
2019,2019,6,Aseer,2,Non Saudi,2,Civil Services,2,Female,2445.0
2019,2019,6,Aseer,2,Non Saudi,2,Civil Services,3,Total,4788.0
2019,2019,6,Aseer,2,Non Saudi,4,Total,1,Male,211365.0
2019,2019,6,Aseer,2,Non Saudi,4,Total,2,Female,11038.0
2019,2019,6,Aseer,2,Non Saudi,4,Total,3,Total,222403.0
2019,2019,6,Aseer,3,Total,1,GOSI,1,Male,247323.0
2019,2019,6,Aseer,3,Total,1,GOSI,2,Female,22268.0
2019,2019,6,Aseer,3,Total,1,GOSI,3,Total,269591.0
2019,2019,6,Aseer,3,Total,2,Civil Services,1,Male,52613.0
2019,2019,6,Aseer,3,Total,2,Civil Services,2,Female,48665.0
2019,2019,6,Aseer,3,Total,2,Civil Services,3,Total,101278.0
2019,2019,6,Aseer,3,Total,4,Total,1,Male,299936.0
2019,2019,6,Aseer,3,Total,4,Total,2,Female,70933.0
2019,2019,6,Aseer,3,Total,4,Total,3,Total,370869.0
2019,2019,7,Tabouk,1,Saudi,1,GOSI,1,Male,12214.0
2019,2019,7,Tabouk,1,Saudi,1,GOSI,2,Female,7101.0
2019,2019,7,Tabouk,1,Saudi,1,GOSI,3,Total,19315.0
2019,2019,7,Tabouk,1,Saudi,2,Civil Services,1,Male,20789.0
2019,2019,7,Tabouk,1,Saudi,2,Civil Services,2,Female,15005.0
2019,2019,7,Tabouk,1,Saudi,2,Civil Services,3,Total,35794.0
2019,2019,7,Tabouk,1,Saudi,4,Total,1,Male,33003.0
2019,2019,7,Tabouk,1,Saudi,4,Total,2,Female,22106.0
2019,2019,7,Tabouk,1,Saudi,4,Total,3,Total,55109.0
2019,2019,7,Tabouk,2,Non Saudi,1,GOSI,1,Male,70107.0
2019,2019,7,Tabouk,2,Non Saudi,1,GOSI,2,Female,1747.0
2019,2019,7,Tabouk,2,Non Saudi,1,GOSI,3,Total,71854.0
2019,2019,7,Tabouk,2,Non Saudi,2,Civil Services,1,Male,985.0
2019,2019,7,Tabouk,2,Non Saudi,2,Civil Services,2,Female,707.0
2019,2019,7,Tabouk,2,Non Saudi,2,Civil Services,3,Total,1692.0
2019,2019,7,Tabouk,2,Non Saudi,4,Total,1,Male,71092.0
2019,2019,7,Tabouk,2,Non Saudi,4,Total,2,Female,2454.0
2019,2019,7,Tabouk,2,Non Saudi,4,Total,3,Total,73546.0
2019,2019,7,Tabouk,3,Total,1,GOSI,1,Male,82321.0
2019,2019,7,Tabouk,3,Total,1,GOSI,2,Female,8848.0
2019,2019,7,Tabouk,3,Total,1,GOSI,3,Total,91169.0
2019,2019,7,Tabouk,3,Total,2,Civil Services,1,Male,21774.0
2019,2019,7,Tabouk,3,Total,2,Civil Services,2,Female,15712.0
2019,2019,7,Tabouk,3,Total,2,Civil Services,3,Total,37486.0
2019,2019,7,Tabouk,3,Total,4,Total,1,Male,104095.0
2019,2019,7,Tabouk,3,Total,4,Total,2,Female,24560.0
2019,2019,7,Tabouk,3,Total,4,Total,3,Total,128655.0
2019,2019,8,Hail,1,Saudi,1,GOSI,1,Male,9806.0
2019,2019,8,Hail,1,Saudi,1,GOSI,2,Female,6245.0
2019,2019,8,Hail,1,Saudi,1,GOSI,3,Total,16051.0
2019,2019,8,Hail,1,Saudi,2,Civil Services,1,Male,18765.0
2019,2019,8,Hail,1,Saudi,2,Civil Services,2,Female,14290.0
2019,2019,8,Hail,1,Saudi,2,Civil Services,3,Total,33055.0
2019,2019,8,Hail,1,Saudi,4,Total,1,Male,28571.0
2019,2019,8,Hail,1,Saudi,4,Total,2,Female,20535.0
2019,2019,8,Hail,1,Saudi,4,Total,3,Total,49106.0
2019,2019,8,Hail,2,Non Saudi,1,GOSI,1,Male,79572.0
2019,2019,8,Hail,2,Non Saudi,1,GOSI,2,Female,2508.0
2019,2019,8,Hail,2,Non Saudi,1,GOSI,3,Total,82080.0
2019,2019,8,Hail,2,Non Saudi,2,Civil Services,1,Male,646.0
2019,2019,8,Hail,2,Non Saudi,2,Civil Services,2,Female,638.0
2019,2019,8,Hail,2,Non Saudi,2,Civil Services,3,Total,1284.0
2019,2019,8,Hail,2,Non Saudi,4,Total,1,Male,80218.0
2019,2019,8,Hail,2,Non Saudi,4,Total,2,Female,3146.0
2019,2019,8,Hail,2,Non Saudi,4,Total,3,Total,83364.0
2019,2019,8,Hail,3,Total,1,GOSI,1,Male,89378.0
2019,2019,8,Hail,3,Total,1,GOSI,2,Female,8753.0
2019,2019,8,Hail,3,Total,1,GOSI,3,Total,98131.0
2019,2019,8,Hail,3,Total,2,Civil Services,1,Male,19411.0
2019,2019,8,Hail,3,Total,2,Civil Services,2,Female,14928.0
2019,2019,8,Hail,3,Total,2,Civil Services,3,Total,34339.0
2019,2019,8,Hail,3,Total,4,Total,1,Male,108789.0
2019,2019,8,Hail,3,Total,4,Total,2,Female,23681.0
2019,2019,8,Hail,3,Total,4,Total,3,Total,132470.0
2019,2019,9,Northern Borders,1,Saudi,1,GOSI,1,Male,12420.0
2019,2019,9,Northern Borders,1,Saudi,1,GOSI,2,Female,5954.0
2019,2019,9,Northern Borders,1,Saudi,1,GOSI,3,Total,18374.0
2019,2019,9,Northern Borders,1,Saudi,2,Civil Services,1,Male,11405.0
2019,2019,9,Northern Borders,1,Saudi,2,Civil Services,2,Female,7157.0
2019,2019,9,Northern Borders,1,Saudi,2,Civil Services,3,Total,18562.0
2019,2019,9,Northern Borders,1,Saudi,4,Total,1,Male,23825.0
2019,2019,9,Northern Borders,1,Saudi,4,Total,2,Female,13111.0
2019,2019,9,Northern Borders,1,Saudi,4,Total,3,Total,36936.0
2019,2019,9,Northern Borders,2,Non Saudi,1,GOSI,1,Male,83563.0
2019,2019,9,Northern Borders,2,Non Saudi,1,GOSI,2,Female,1867.0
2019,2019,9,Northern Borders,2,Non Saudi,1,GOSI,3,Total,85430.0
2019,2019,9,Northern Borders,2,Non Saudi,2,Civil Services,1,Male,1124.0
2019,2019,9,Northern Borders,2,Non Saudi,2,Civil Services,2,Female,876.0
2019,2019,9,Northern Borders,2,Non Saudi,2,Civil Services,3,Total,2000.0
2019,2019,9,Northern Borders,2,Non Saudi,4,Total,1,Male,84687.0
2019,2019,9,Northern Borders,2,Non Saudi,4,Total,2,Female,2743.0
2019,2019,9,Northern Borders,2,Non Saudi,4,Total,3,Total,87430.0
2019,2019,9,Northern Borders,3,Total,1,GOSI,1,Male,95983.0
2019,2019,9,Northern Borders,3,Total,1,GOSI,2,Female,7821.0
2019,2019,9,Northern Borders,3,Total,1,GOSI,3,Total,103804.0
2019,2019,9,Northern Borders,3,Total,2,Civil Services,1,Male,12529.0
2019,2019,9,Northern Borders,3,Total,2,Civil Services,2,Female,8033.0
2019,2019,9,Northern Borders,3,Total,2,Civil Services,3,Total,20562.0
2019,2019,9,Northern Borders,3,Total,4,Total,1,Male,108512.0
2019,2019,9,Northern Borders,3,Total,4,Total,2,Female,15854.0
2019,2019,9,Northern Borders,3,Total,4,Total,3,Total,124366.0
2019,2019,10,Jazan,1,Saudi,1,GOSI,1,Male,12663.0
2019,2019,10,Jazan,1,Saudi,1,GOSI,2,Female,8602.0
2019,2019,10,Jazan,1,Saudi,1,GOSI,3,Total,21265.0
2019,2019,10,Jazan,1,Saudi,2,Civil Services,1,Male,29723.0
2019,2019,10,Jazan,1,Saudi,2,Civil Services,2,Female,24407.0
2019,2019,10,Jazan,1,Saudi,2,Civil Services,3,Total,54130.0
2019,2019,10,Jazan,1,Saudi,4,Total,1,Male,42386.0
2019,2019,10,Jazan,1,Saudi,4,Total,2,Female,33009.0
2019,2019,10,Jazan,1,Saudi,4,Total,3,Total,75395.0
2019,2019,10,Jazan,2,Non Saudi,1,GOSI,1,Male,95022.0
2019,2019,10,Jazan,2,Non Saudi,1,GOSI,2,Female,1917.0
2019,2019,10,Jazan,2,Non Saudi,1,GOSI,3,Total,96939.0
2019,2019,10,Jazan,2,Non Saudi,2,Civil Services,1,Male,1433.0
2019,2019,10,Jazan,2,Non Saudi,2,Civil Services,2,Female,1235.0
2019,2019,10,Jazan,2,Non Saudi,2,Civil Services,3,Total,2668.0
2019,2019,10,Jazan,2,Non Saudi,4,Total,1,Male,96455.0
2019,2019,10,Jazan,2,Non Saudi,4,Total,2,Female,3152.0
2019,2019,10,Jazan,2,Non Saudi,4,Total,3,Total,99607.0
2019,2019,10,Jazan,3,Total,1,GOSI,1,Male,107685.0
2019,2019,10,Jazan,3,Total,1,GOSI,2,Female,10519.0
2019,2019,10,Jazan,3,Total,1,GOSI,3,Total,118204.0
2019,2019,10,Jazan,3,Total,2,Civil Services,1,Male,31156.0
2019,2019,10,Jazan,3,Total,2,Civil Services,2,Female,25642.0
2019,2019,10,Jazan,3,Total,2,Civil Services,3,Total,56798.0
2019,2019,10,Jazan,3,Total,4,Total,1,Male,138841.0
2019,2019,10,Jazan,3,Total,4,Total,2,Female,36161.0
2019,2019,10,Jazan,3,Total,4,Total,3,Total,175002.0
2019,2019,11,Najran,1,Saudi,1,GOSI,1,Male,11412.0
2019,2019,11,Najran,1,Saudi,1,GOSI,2,Female,5079.0
2019,2019,11,Najran,1,Saudi,1,GOSI,3,Total,16491.0
2019,2019,11,Najran,1,Saudi,2,Civil Services,1,Male,18734.0
2019,2019,11,Najran,1,Saudi,2,Civil Services,2,Female,11225.0
2019,2019,11,Najran,1,Saudi,2,Civil Services,3,Total,29959.0
2019,2019,11,Najran,1,Saudi,4,Total,1,Male,30146.0
2019,2019,11,Najran,1,Saudi,4,Total,2,Female,16304.0
2019,2019,11,Najran,1,Saudi,4,Total,3,Total,46450.0
2019,2019,11,Najran,2,Non Saudi,1,GOSI,1,Male,87351.0
2019,2019,11,Najran,2,Non Saudi,1,GOSI,2,Female,1621.0
2019,2019,11,Najran,2,Non Saudi,1,GOSI,3,Total,88972.0
2019,2019,11,Najran,2,Non Saudi,2,Civil Services,1,Male,1005.0
2019,2019,11,Najran,2,Non Saudi,2,Civil Services,2,Female,1301.0
2019,2019,11,Najran,2,Non Saudi,2,Civil Services,3,Total,2306.0
2019,2019,11,Najran,2,Non Saudi,4,Total,1,Male,88356.0
2019,2019,11,Najran,2,Non Saudi,4,Total,2,Female,2922.0
2019,2019,11,Najran,2,Non Saudi,4,Total,3,Total,91278.0
2019,2019,11,Najran,3,Total,1,GOSI,1,Male,98763.0
2019,2019,11,Najran,3,Total,1,GOSI,2,Female,6700.0
2019,2019,11,Najran,3,Total,1,GOSI,3,Total,105463.0
2019,2019,11,Najran,3,Total,2,Civil Services,1,Male,19739.0
2019,2019,11,Najran,3,Total,2,Civil Services,2,Female,12526.0
2019,2019,11,Najran,3,Total,2,Civil Services,3,Total,32265.0
2019,2019,11,Najran,3,Total,4,Total,1,Male,118502.0
2019,2019,11,Najran,3,Total,4,Total,2,Female,19226.0
2019,2019,11,Najran,3,Total,4,Total,3,Total,137728.0
2019,2019,12,Al-Baha,1,Saudi,1,GOSI,1,Male,5833.0
2019,2019,12,Al-Baha,1,Saudi,1,GOSI,2,Female,1709.0
2019,2019,12,Al-Baha,1,Saudi,1,GOSI,3,Total,7542.0
2019,2019,12,Al-Baha,1,Saudi,2,Civil Services,1,Male,13449.0
2019,2019,12,Al-Baha,1,Saudi,2,Civil Services,2,Female,11397.0
2019,2019,12,Al-Baha,1,Saudi,2,Civil Services,3,Total,24846.0
2019,2019,12,Al-Baha,1,Saudi,4,Total,1,Male,19282.0
2019,2019,12,Al-Baha,1,Saudi,4,Total,2,Female,13106.0
2019,2019,12,Al-Baha,1,Saudi,4,Total,3,Total,32388.0
2019,2019,12,Al-Baha,2,Non Saudi,1,GOSI,1,Male,30249.0
2019,2019,12,Al-Baha,2,Non Saudi,1,GOSI,2,Female,516.0
2019,2019,12,Al-Baha,2,Non Saudi,1,GOSI,3,Total,30765.0
2019,2019,12,Al-Baha,2,Non Saudi,2,Civil Services,1,Male,776.0
2019,2019,12,Al-Baha,2,Non Saudi,2,Civil Services,2,Female,918.0
2019,2019,12,Al-Baha,2,Non Saudi,2,Civil Services,3,Total,1694.0
2019,2019,12,Al-Baha,2,Non Saudi,4,Total,1,Male,31025.0
2019,2019,12,Al-Baha,2,Non Saudi,4,Total,2,Female,1434.0
2019,2019,12,Al-Baha,2,Non Saudi,4,Total,3,Total,32459.0
2019,2019,12,Al-Baha,3,Total,1,GOSI,1,Male,36082.0
2019,2019,12,Al-Baha,3,Total,1,GOSI,2,Female,2225.0
2019,2019,12,Al-Baha,3,Total,1,GOSI,3,Total,38307.0
2019,2019,12,Al-Baha,3,Total,2,Civil Services,1,Male,14225.0
2019,2019,12,Al-Baha,3,Total,2,Civil Services,2,Female,12315.0
2019,2019,12,Al-Baha,3,Total,2,Civil Services,3,Total,26540.0
2019,2019,12,Al-Baha,3,Total,4,Total,1,Male,50307.0
2019,2019,12,Al-Baha,3,Total,4,Total,2,Female,14540.0
2019,2019,12,Al-Baha,3,Total,4,Total,3,Total,64847.0
2019,2019,13,Al-Jouf,1,Saudi,1,GOSI,1,Male,6642.0
2019,2019,13,Al-Jouf,1,Saudi,1,GOSI,2,Female,2523.0
2019,2019,13,Al-Jouf,1,Saudi,1,GOSI,3,Total,9165.0
2019,2019,13,Al-Jouf,1,Saudi,2,Civil Services,1,Male,17916.0
2019,2019,13,Al-Jouf,1,Saudi,2,Civil Services,2,Female,10749.0
2019,2019,13,Al-Jouf,1,Saudi,2,Civil Services,3,Total,28665.0
2019,2019,13,Al-Jouf,1,Saudi,4,Total,1,Male,24558.0
2019,2019,13,Al-Jouf,1,Saudi,4,Total,2,Female,13272.0
2019,2019,13,Al-Jouf,1,Saudi,4,Total,3,Total,37830.0
2019,2019,13,Al-Jouf,2,Non Saudi,1,GOSI,1,Male,43746.0
2019,2019,13,Al-Jouf,2,Non Saudi,1,GOSI,2,Female,919.0
2019,2019,13,Al-Jouf,2,Non Saudi,1,GOSI,3,Total,44665.0
2019,2019,13,Al-Jouf,2,Non Saudi,2,Civil Services,1,Male,845.0
2019,2019,13,Al-Jouf,2,Non Saudi,2,Civil Services,2,Female,649.0
2019,2019,13,Al-Jouf,2,Non Saudi,2,Civil Services,3,Total,1494.0
2019,2019,13,Al-Jouf,2,Non Saudi,4,Total,1,Male,44591.0
2019,2019,13,Al-Jouf,2,Non Saudi,4,Total,2,Female,1568.0
2019,2019,13,Al-Jouf,2,Non Saudi,4,Total,3,Total,46159.0
2019,2019,13,Al-Jouf,3,Total,1,GOSI,1,Male,50388.0
2019,2019,13,Al-Jouf,3,Total,1,GOSI,2,Female,3442.0
2019,2019,13,Al-Jouf,3,Total,1,GOSI,3,Total,53830.0
2019,2019,13,Al-Jouf,3,Total,2,Civil Services,1,Male,18761.0
2019,2019,13,Al-Jouf,3,Total,2,Civil Services,2,Female,11398.0
2019,2019,13,Al-Jouf,3,Total,2,Civil Services,3,Total,30159.0
2019,2019,13,Al-Jouf,3,Total,4,Total,1,Male,69149.0
2019,2019,13,Al-Jouf,3,Total,4,Total,2,Female,14840.0
2019,2019,13,Al-Jouf,3,Total,4,Total,3,Total,83989.0
2019,2019,14,Unspecified,1,Saudi,2,Civil Services,1,Male,1230.0
2019,2019,14,Unspecified,1,Saudi,2,Civil Services,2,Female,597.0
2019,2019,14,Unspecified,1,Saudi,2,Civil Services,3,Total,1827.0
2019,2019,14,Unspecified,1,Saudi,3,Domestic Workers,1,Male,0.0
2019,2019,14,Unspecified,1,Saudi,3,Domestic Workers,2,Female,0.0
2019,2019,14,Unspecified,1,Saudi,3,Domestic Workers,3,Total,0.0
2019,2019,14,Unspecified,1,Saudi,4,Total,1,Male,1230.0
2019,2019,14,Unspecified,1,Saudi,4,Total,2,Female,597.0
2019,2019,14,Unspecified,1,Saudi,4,Total,3,Total,1827.0
2019,2019,14,Unspecified,2,Non Saudi,2,Civil Services,1,Male,65.0
2019,2019,14,Unspecified,2,Non Saudi,2,Civil Services,2,Female,7.0
2019,2019,14,Unspecified,2,Non Saudi,2,Civil Services,3,Total,72.0
2019,2019,14,Unspecified,2,Non Saudi,3,Domestic Workers,1,Male,2522113.0
2019,2019,14,Unspecified,2,Non Saudi,3,Domestic Workers,2,Female,1168606.0
2019,2019,14,Unspecified,2,Non Saudi,3,Domestic Workers,3,Total,3690719.0
2019,2019,14,Unspecified,2,Non Saudi,4,Total,1,Male,65.0
2019,2019,14,Unspecified,2,Non Saudi,4,Total,2,Female,7.0
2019,2019,14,Unspecified,2,Non Saudi,4,Total,3,Total,72.0
2019,2019,14,Unspecified,3,Total,2,Civil Services,1,Male,1295.0
2019,2019,14,Unspecified,3,Total,2,Civil Services,2,Female,604.0
2019,2019,14,Unspecified,3,Total,2,Civil Services,3,Total,1899.0
2019,2019,14,Unspecified,3,Total,3,Domestic Workers,1,Male,2522113.0
2019,2019,14,Unspecified,3,Total,3,Domestic Workers,2,Female,1168606.0
2019,2019,14,Unspecified,3,Total,3,Domestic Workers,3,Total,3690719.0
2019,2019,14,Unspecified,3,Total,4,Total,1,Male,1295.0
2019,2019,14,Unspecified,3,Total,4,Total,2,Female,604.0
2019,2019,14,Unspecified,3,Total,4,Total,3,Total,1899.0
2019,2019,15,Grand Total,1,Saudi,1,GOSI,1,Male,1334483.0
2019,2019,15,Grand Total,1,Saudi,1,GOSI,2,Female,619287.0
2019,2019,15,Grand Total,1,Saudi,1,GOSI,3,Total,1953770.0
2019,2019,15,Grand Total,1,Saudi,2,Civil Services,1,Male,720375.0
2019,2019,15,Grand Total,1,Saudi,2,Civil Services,2,Female,496127.0
2019,2019,15,Grand Total,1,Saudi,2,Civil Services,3,Total,1216502.0
2019,2019,15,Grand Total,1,Saudi,3,Domestic Workers,1,Male,0.0
2019,2019,15,Grand Total,1,Saudi,3,Domestic Workers,2,Female,0.0
2019,2019,15,Grand Total,1,Saudi,3,Domestic Workers,3,Total,0.0
2019,2019,15,Grand Total,1,Saudi,4,Total,1,Male,2054858.0
2019,2019,15,Grand Total,1,Saudi,4,Total,2,Female,1115414.0
2019,2019,15,Grand Total,1,Saudi,4,Total,3,Total,3170272.0
2019,2019,15,Grand Total,2,Non Saudi,1,GOSI,1,Male,6245756.0
2019,2019,15,Grand Total,2,Non Saudi,1,GOSI,2,Female,237360.0
2019,2019,15,Grand Total,2,Non Saudi,1,GOSI,3,Total,6483116.0
2019,2019,15,Grand Total,2,Non Saudi,2,Civil Services,1,Male,24647.0
2019,2019,15,Grand Total,2,Non Saudi,2,Civil Services,2,Female,22221.0
2019,2019,15,Grand Total,2,Non Saudi,2,Civil Services,3,Total,46868.0
2019,2019,15,Grand Total,2,Non Saudi,3,Domestic Workers,1,Male,2522113.0
2019,2019,15,Grand Total,2,Non Saudi,3,Domestic Workers,2,Female,1168606.0
2019,2019,15,Grand Total,2,Non Saudi,3,Domestic Workers,3,Total,3690719.0
2019,2019,15,Grand Total,2,Non Saudi,4,Total,1,Male,8792516.0
2019,2019,15,Grand Total,2,Non Saudi,4,Total,2,Female,1428187.0
2019,2019,15,Grand Total,2,Non Saudi,4,Total,3,Total,10220703.0
2019,2019,15,Grand Total,3,Total,1,GOSI,1,Male,7580239.0
2019,2019,15,Grand Total,3,Total,1,GOSI,2,Female,856647.0
2019,2019,15,Grand Total,3,Total,1,GOSI,3,Total,8436886.0
2019,2019,15,Grand Total,3,Total,2,Civil Services,1,Male,745022.0
2019,2019,15,Grand Total,3,Total,2,Civil Services,2,Female,518348.0
2019,2019,15,Grand Total,3,Total,2,Civil Services,3,Total,1263370.0
2019,2019,15,Grand Total,3,Total,3,Domestic Workers,1,Male,2522113.0
2019,2019,15,Grand Total,3,Total,3,Domestic Workers,2,Female,1168606.0
2019,2019,15,Grand Total,3,Total,3,Domestic Workers,3,Total,3690719.0
2019,2019,15,Grand Total,3,Total,4,Total,1,Male,10847374.0
2019,2019,15,Grand Total,3,Total,4,Total,2,Female,2543601.0
2019,2019,15,Grand Total,3,Total,4,Total,3,Total,13390975.0
2020,2020,1,Al-Riyadh,1,Saudi,1,GOSI,1,Male,560541.0
2020,2020,1,Al-Riyadh,1,Saudi,1,GOSI,2,Female,315632.0
2020,2020,1,Al-Riyadh,1,Saudi,1,GOSI,3,Total,876173.0
2020,2020,1,Al-Riyadh,1,Saudi,2,Civil Services,1,Male,282414.0
2020,2020,1,Al-Riyadh,1,Saudi,2,Civil Services,2,Female,175439.0
2020,2020,1,Al-Riyadh,1,Saudi,2,Civil Services,3,Total,457853.0
2020,2020,1,Al-Riyadh,1,Saudi,4,Total,1,Male,842955.0
2020,2020,1,Al-Riyadh,1,Saudi,4,Total,2,Female,491071.0
2020,2020,1,Al-Riyadh,1,Saudi,4,Total,3,Total,1334026.0
2020,2020,1,Al-Riyadh,2,Non Saudi,1,GOSI,1,Male,2420774.0
2020,2020,1,Al-Riyadh,2,Non Saudi,1,GOSI,2,Female,128831.0
2020,2020,1,Al-Riyadh,2,Non Saudi,1,GOSI,3,Total,2549605.0
2020,2020,1,Al-Riyadh,2,Non Saudi,2,Civil Services,1,Male,5597.0
2020,2020,1,Al-Riyadh,2,Non Saudi,2,Civil Services,2,Female,4243.0
2020,2020,1,Al-Riyadh,2,Non Saudi,2,Civil Services,3,Total,9840.0
2020,2020,1,Al-Riyadh,2,Non Saudi,4,Total,1,Male,2426371.0
2020,2020,1,Al-Riyadh,2,Non Saudi,4,Total,2,Female,133074.0
2020,2020,1,Al-Riyadh,2,Non Saudi,4,Total,3,Total,2559445.0
2020,2020,1,Al-Riyadh,3,Total,1,GOSI,1,Male,2981315.0
2020,2020,1,Al-Riyadh,3,Total,1,GOSI,2,Female,444463.0
2020,2020,1,Al-Riyadh,3,Total,1,GOSI,3,Total,3425778.0
2020,2020,1,Al-Riyadh,3,Total,2,Civil Services,1,Male,288011.0
2020,2020,1,Al-Riyadh,3,Total,2,Civil Services,2,Female,179682.0
2020,2020,1,Al-Riyadh,3,Total,2,Civil Services,3,Total,467693.0
2020,2020,1,Al-Riyadh,3,Total,4,Total,1,Male,3269326.0
2020,2020,1,Al-Riyadh,3,Total,4,Total,2,Female,624145.0
2020,2020,1,Al-Riyadh,3,Total,4,Total,3,Total,3893471.0
2020,2020,2,Makkah Al-Mokarramah,1,Saudi,1,GOSI,1,Male,275103.0
2020,2020,2,Makkah Al-Mokarramah,1,Saudi,1,GOSI,2,Female,157502.0
2020,2020,2,Makkah Al-Mokarramah,1,Saudi,1,GOSI,3,Total,432605.0
2020,2020,2,Makkah Al-Mokarramah,1,Saudi,2,Civil Services,1,Male,110401.0
2020,2020,2,Makkah Al-Mokarramah,1,Saudi,2,Civil Services,2,Female,77064.0
2020,2020,2,Makkah Al-Mokarramah,1,Saudi,2,Civil Services,3,Total,187465.0
2020,2020,2,Makkah Al-Mokarramah,1,Saudi,4,Total,1,Male,385504.0
2020,2020,2,Makkah Al-Mokarramah,1,Saudi,4,Total,2,Female,234566.0
2020,2020,2,Makkah Al-Mokarramah,1,Saudi,4,Total,3,Total,620070.0
2020,2020,2,Makkah Al-Mokarramah,2,Non Saudi,1,GOSI,1,Male,1390631.0
2020,2020,2,Makkah Al-Mokarramah,2,Non Saudi,1,GOSI,2,Female,46325.0
2020,2020,2,Makkah Al-Mokarramah,2,Non Saudi,1,GOSI,3,Total,1436956.0
2020,2020,2,Makkah Al-Mokarramah,2,Non Saudi,2,Civil Services,1,Male,4071.0
2020,2020,2,Makkah Al-Mokarramah,2,Non Saudi,2,Civil Services,2,Female,3343.0
2020,2020,2,Makkah Al-Mokarramah,2,Non Saudi,2,Civil Services,3,Total,7414.0
2020,2020,2,Makkah Al-Mokarramah,2,Non Saudi,4,Total,1,Male,1394702.0
2020,2020,2,Makkah Al-Mokarramah,2,Non Saudi,4,Total,2,Female,49668.0
2020,2020,2,Makkah Al-Mokarramah,2,Non Saudi,4,Total,3,Total,1444370.0
2020,2020,2,Makkah Al-Mokarramah,3,Total,1,GOSI,1,Male,1665734.0
2020,2020,2,Makkah Al-Mokarramah,3,Total,1,GOSI,2,Female,203827.0
2020,2020,2,Makkah Al-Mokarramah,3,Total,1,GOSI,3,Total,1869561.0
2020,2020,2,Makkah Al-Mokarramah,3,Total,2,Civil Services,1,Male,114472.0
2020,2020,2,Makkah Al-Mokarramah,3,Total,2,Civil Services,2,Female,80407.0
2020,2020,2,Makkah Al-Mokarramah,3,Total,2,Civil Services,3,Total,194879.0
2020,2020,2,Makkah Al-Mokarramah,3,Total,4,Total,1,Male,1780206.0
2020,2020,2,Makkah Al-Mokarramah,3,Total,4,Total,2,Female,284234.0
2020,2020,2,Makkah Al-Mokarramah,3,Total,4,Total,3,Total,2064440.0
2020,2020,3,Al-Madinah Al-Monawarah,1,Saudi,1,GOSI,1,Male,29456.0
2020,2020,3,Al-Madinah Al-Monawarah,1,Saudi,1,GOSI,2,Female,16824.0
2020,2020,3,Al-Madinah Al-Monawarah,1,Saudi,1,GOSI,3,Total,46280.0
2020,2020,3,Al-Madinah Al-Monawarah,1,Saudi,2,Civil Services,1,Male,40403.0
2020,2020,3,Al-Madinah Al-Monawarah,1,Saudi,2,Civil Services,2,Female,29518.0
2020,2020,3,Al-Madinah Al-Monawarah,1,Saudi,2,Civil Services,3,Total,69921.0
2020,2020,3,Al-Madinah Al-Monawarah,1,Saudi,4,Total,1,Male,69859.0
2020,2020,3,Al-Madinah Al-Monawarah,1,Saudi,4,Total,2,Female,46342.0
2020,2020,3,Al-Madinah Al-Monawarah,1,Saudi,4,Total,3,Total,116201.0
2020,2020,3,Al-Madinah Al-Monawarah,2,Non Saudi,1,GOSI,1,Male,159412.0
2020,2020,3,Al-Madinah Al-Monawarah,2,Non Saudi,1,GOSI,2,Female,5581.0
2020,2020,3,Al-Madinah Al-Monawarah,2,Non Saudi,1,GOSI,3,Total,164993.0
2020,2020,3,Al-Madinah Al-Monawarah,2,Non Saudi,2,Civil Services,1,Male,1659.0
2020,2020,3,Al-Madinah Al-Monawarah,2,Non Saudi,2,Civil Services,2,Female,1919.0
2020,2020,3,Al-Madinah Al-Monawarah,2,Non Saudi,2,Civil Services,3,Total,3578.0
2020,2020,3,Al-Madinah Al-Monawarah,2,Non Saudi,4,Total,1,Male,161071.0
2020,2020,3,Al-Madinah Al-Monawarah,2,Non Saudi,4,Total,2,Female,7500.0
2020,2020,3,Al-Madinah Al-Monawarah,2,Non Saudi,4,Total,3,Total,168571.0
2020,2020,3,Al-Madinah Al-Monawarah,3,Total,1,GOSI,1,Male,188868.0
2020,2020,3,Al-Madinah Al-Monawarah,3,Total,1,GOSI,2,Female,22405.0
2020,2020,3,Al-Madinah Al-Monawarah,3,Total,1,GOSI,3,Total,211273.0
2020,2020,3,Al-Madinah Al-Monawarah,3,Total,2,Civil Services,1,Male,42062.0
2020,2020,3,Al-Madinah Al-Monawarah,3,Total,2,Civil Services,2,Female,31437.0
2020,2020,3,Al-Madinah Al-Monawarah,3,Total,2,Civil Services,3,Total,73499.0
2020,2020,3,Al-Madinah Al-Monawarah,3,Total,4,Total,1,Male,230930.0
2020,2020,3,Al-Madinah Al-Monawarah,3,Total,4,Total,2,Female,53842.0
2020,2020,3,Al-Madinah Al-Monawarah,3,Total,4,Total,3,Total,284772.0
2020,2020,4,Al-Qaseem,1,Saudi,1,GOSI,1,Male,33366.0
2020,2020,4,Al-Qaseem,1,Saudi,1,GOSI,2,Female,17743.0
2020,2020,4,Al-Qaseem,1,Saudi,1,GOSI,3,Total,51109.0
2020,2020,4,Al-Qaseem,1,Saudi,2,Civil Services,1,Male,35444.0
2020,2020,4,Al-Qaseem,1,Saudi,2,Civil Services,2,Female,27311.0
2020,2020,4,Al-Qaseem,1,Saudi,2,Civil Services,3,Total,62755.0
2020,2020,4,Al-Qaseem,1,Saudi,4,Total,1,Male,68810.0
2020,2020,4,Al-Qaseem,1,Saudi,4,Total,2,Female,45054.0
2020,2020,4,Al-Qaseem,1,Saudi,4,Total,3,Total,113864.0
2020,2020,4,Al-Qaseem,2,Non Saudi,1,GOSI,1,Male,245105.0
2020,2020,4,Al-Qaseem,2,Non Saudi,1,GOSI,2,Female,7246.0
2020,2020,4,Al-Qaseem,2,Non Saudi,1,GOSI,3,Total,252351.0
2020,2020,4,Al-Qaseem,2,Non Saudi,2,Civil Services,1,Male,1800.0
2020,2020,4,Al-Qaseem,2,Non Saudi,2,Civil Services,2,Female,2001.0
2020,2020,4,Al-Qaseem,2,Non Saudi,2,Civil Services,3,Total,3801.0
2020,2020,4,Al-Qaseem,2,Non Saudi,4,Total,1,Male,246905.0
2020,2020,4,Al-Qaseem,2,Non Saudi,4,Total,2,Female,9247.0
2020,2020,4,Al-Qaseem,2,Non Saudi,4,Total,3,Total,256152.0
2020,2020,4,Al-Qaseem,3,Total,1,GOSI,1,Male,278471.0
2020,2020,4,Al-Qaseem,3,Total,1,GOSI,2,Female,24989.0
2020,2020,4,Al-Qaseem,3,Total,1,GOSI,3,Total,303460.0
2020,2020,4,Al-Qaseem,3,Total,2,Civil Services,1,Male,37244.0
2020,2020,4,Al-Qaseem,3,Total,2,Civil Services,2,Female,29312.0
2020,2020,4,Al-Qaseem,3,Total,2,Civil Services,3,Total,66556.0
2020,2020,4,Al-Qaseem,3,Total,4,Total,1,Male,315715.0
2020,2020,4,Al-Qaseem,3,Total,4,Total,2,Female,54301.0
2020,2020,4,Al-Qaseem,3,Total,4,Total,3,Total,370016.0
2020,2020,5,Eastern Region,1,Saudi,1,GOSI,1,Male,340363.0
2020,2020,5,Eastern Region,1,Saudi,1,GOSI,2,Female,104464.0
2020,2020,5,Eastern Region,1,Saudi,1,GOSI,3,Total,444827.0
2020,2020,5,Eastern Region,1,Saudi,2,Civil Services,1,Male,70522.0
2020,2020,5,Eastern Region,1,Saudi,2,Civil Services,2,Female,50961.0
2020,2020,5,Eastern Region,1,Saudi,2,Civil Services,3,Total,121483.0
2020,2020,5,Eastern Region,1,Saudi,4,Total,1,Male,410885.0
2020,2020,5,Eastern Region,1,Saudi,4,Total,2,Female,155425.0
2020,2020,5,Eastern Region,1,Saudi,4,Total,3,Total,566310.0
2020,2020,5,Eastern Region,2,Non Saudi,1,GOSI,1,Male,1171829.0
2020,2020,5,Eastern Region,2,Non Saudi,1,GOSI,2,Female,34003.0
2020,2020,5,Eastern Region,2,Non Saudi,1,GOSI,3,Total,1205832.0
2020,2020,5,Eastern Region,2,Non Saudi,2,Civil Services,1,Male,3552.0
2020,2020,5,Eastern Region,2,Non Saudi,2,Civil Services,2,Female,2674.0
2020,2020,5,Eastern Region,2,Non Saudi,2,Civil Services,3,Total,6226.0
2020,2020,5,Eastern Region,2,Non Saudi,4,Total,1,Male,1175381.0
2020,2020,5,Eastern Region,2,Non Saudi,4,Total,2,Female,36677.0
2020,2020,5,Eastern Region,2,Non Saudi,4,Total,3,Total,1212058.0
2020,2020,5,Eastern Region,3,Total,1,GOSI,1,Male,1512192.0
2020,2020,5,Eastern Region,3,Total,1,GOSI,2,Female,138467.0
2020,2020,5,Eastern Region,3,Total,1,GOSI,3,Total,1650659.0
2020,2020,5,Eastern Region,3,Total,2,Civil Services,1,Male,74074.0
2020,2020,5,Eastern Region,3,Total,2,Civil Services,2,Female,53635.0
2020,2020,5,Eastern Region,3,Total,2,Civil Services,3,Total,127709.0
2020,2020,5,Eastern Region,3,Total,4,Total,1,Male,1586266.0
2020,2020,5,Eastern Region,3,Total,4,Total,2,Female,192102.0
2020,2020,5,Eastern Region,3,Total,4,Total,3,Total,1778368.0
2020,2020,6,Aseer,1,Saudi,1,GOSI,1,Male,40388.0
2020,2020,6,Aseer,1,Saudi,1,GOSI,2,Female,16008.0
2020,2020,6,Aseer,1,Saudi,1,GOSI,3,Total,56396.0
2020,2020,6,Aseer,1,Saudi,2,Civil Services,1,Male,50616.0
2020,2020,6,Aseer,1,Saudi,2,Civil Services,2,Female,46341.0
2020,2020,6,Aseer,1,Saudi,2,Civil Services,3,Total,96957.0
2020,2020,6,Aseer,1,Saudi,4,Total,1,Male,91004.0
2020,2020,6,Aseer,1,Saudi,4,Total,2,Female,62349.0
2020,2020,6,Aseer,1,Saudi,4,Total,3,Total,153353.0
2020,2020,6,Aseer,2,Non Saudi,1,GOSI,1,Male,211670.0
2020,2020,6,Aseer,2,Non Saudi,1,GOSI,2,Female,8843.0
2020,2020,6,Aseer,2,Non Saudi,1,GOSI,3,Total,220513.0
2020,2020,6,Aseer,2,Non Saudi,2,Civil Services,1,Male,2418.0
2020,2020,6,Aseer,2,Non Saudi,2,Civil Services,2,Female,2502.0
2020,2020,6,Aseer,2,Non Saudi,2,Civil Services,3,Total,4920.0
2020,2020,6,Aseer,2,Non Saudi,4,Total,1,Male,214088.0
2020,2020,6,Aseer,2,Non Saudi,4,Total,2,Female,11345.0
2020,2020,6,Aseer,2,Non Saudi,4,Total,3,Total,225433.0
2020,2020,6,Aseer,3,Total,1,GOSI,1,Male,252058.0
2020,2020,6,Aseer,3,Total,1,GOSI,2,Female,24851.0
2020,2020,6,Aseer,3,Total,1,GOSI,3,Total,276909.0
2020,2020,6,Aseer,3,Total,2,Civil Services,1,Male,53034.0
2020,2020,6,Aseer,3,Total,2,Civil Services,2,Female,48843.0
2020,2020,6,Aseer,3,Total,2,Civil Services,3,Total,101877.0
2020,2020,6,Aseer,3,Total,4,Total,1,Male,305092.0
2020,2020,6,Aseer,3,Total,4,Total,2,Female,73694.0
2020,2020,6,Aseer,3,Total,4,Total,3,Total,378786.0
2020,2020,7,Tabouk,1,Saudi,1,GOSI,1,Male,13265.0
2020,2020,7,Tabouk,1,Saudi,1,GOSI,2,Female,7863.0
2020,2020,7,Tabouk,1,Saudi,1,GOSI,3,Total,21128.0
2020,2020,7,Tabouk,1,Saudi,2,Civil Services,1,Male,20622.0
2020,2020,7,Tabouk,1,Saudi,2,Civil Services,2,Female,15303.0
2020,2020,7,Tabouk,1,Saudi,2,Civil Services,3,Total,35925.0
2020,2020,7,Tabouk,1,Saudi,4,Total,1,Male,33887.0
2020,2020,7,Tabouk,1,Saudi,4,Total,2,Female,23166.0
2020,2020,7,Tabouk,1,Saudi,4,Total,3,Total,57053.0
2020,2020,7,Tabouk,2,Non Saudi,1,GOSI,1,Male,71639.0
2020,2020,7,Tabouk,2,Non Saudi,1,GOSI,2,Female,2124.0
2020,2020,7,Tabouk,2,Non Saudi,1,GOSI,3,Total,73763.0
2020,2020,7,Tabouk,2,Non Saudi,2,Civil Services,1,Male,1008.0
2020,2020,7,Tabouk,2,Non Saudi,2,Civil Services,2,Female,742.0
2020,2020,7,Tabouk,2,Non Saudi,2,Civil Services,3,Total,1750.0
2020,2020,7,Tabouk,2,Non Saudi,4,Total,1,Male,72647.0
2020,2020,7,Tabouk,2,Non Saudi,4,Total,2,Female,2866.0
2020,2020,7,Tabouk,2,Non Saudi,4,Total,3,Total,75513.0
2020,2020,7,Tabouk,3,Total,1,GOSI,1,Male,84904.0
2020,2020,7,Tabouk,3,Total,1,GOSI,2,Female,9987.0
2020,2020,7,Tabouk,3,Total,1,GOSI,3,Total,94891.0
2020,2020,7,Tabouk,3,Total,2,Civil Services,1,Male,21630.0
2020,2020,7,Tabouk,3,Total,2,Civil Services,2,Female,16045.0
2020,2020,7,Tabouk,3,Total,2,Civil Services,3,Total,37675.0
2020,2020,7,Tabouk,3,Total,4,Total,1,Male,106534.0
2020,2020,7,Tabouk,3,Total,4,Total,2,Female,26032.0
2020,2020,7,Tabouk,3,Total,4,Total,3,Total,132566.0
2020,2020,8,Hail,1,Saudi,1,GOSI,1,Male,10610.0
2020,2020,8,Hail,1,Saudi,1,GOSI,2,Female,6967.0
2020,2020,8,Hail,1,Saudi,1,GOSI,3,Total,17577.0
2020,2020,8,Hail,1,Saudi,2,Civil Services,1,Male,18795.0
2020,2020,8,Hail,1,Saudi,2,Civil Services,2,Female,14469.0
2020,2020,8,Hail,1,Saudi,2,Civil Services,3,Total,33264.0
2020,2020,8,Hail,1,Saudi,4,Total,1,Male,29405.0
2020,2020,8,Hail,1,Saudi,4,Total,2,Female,21436.0
2020,2020,8,Hail,1,Saudi,4,Total,3,Total,50841.0
2020,2020,8,Hail,2,Non Saudi,1,GOSI,1,Male,81605.0
2020,2020,8,Hail,2,Non Saudi,1,GOSI,2,Female,2596.0
2020,2020,8,Hail,2,Non Saudi,1,GOSI,3,Total,84201.0
2020,2020,8,Hail,2,Non Saudi,2,Civil Services,1,Male,742.0
2020,2020,8,Hail,2,Non Saudi,2,Civil Services,2,Female,712.0
2020,2020,8,Hail,2,Non Saudi,2,Civil Services,3,Total,1454.0
2020,2020,8,Hail,2,Non Saudi,4,Total,1,Male,82347.0
2020,2020,8,Hail,2,Non Saudi,4,Total,2,Female,3308.0
2020,2020,8,Hail,2,Non Saudi,4,Total,3,Total,85655.0
2020,2020,8,Hail,3,Total,1,GOSI,1,Male,92215.0
2020,2020,8,Hail,3,Total,1,GOSI,2,Female,9563.0
2020,2020,8,Hail,3,Total,1,GOSI,3,Total,101778.0
2020,2020,8,Hail,3,Total,2,Civil Services,1,Male,19537.0
2020,2020,8,Hail,3,Total,2,Civil Services,2,Female,15181.0
2020,2020,8,Hail,3,Total,2,Civil Services,3,Total,34718.0
2020,2020,8,Hail,3,Total,4,Total,1,Male,111752.0
2020,2020,8,Hail,3,Total,4,Total,2,Female,24744.0
2020,2020,8,Hail,3,Total,4,Total,3,Total,136496.0
2020,2020,9,Northern Borders,1,Saudi,1,GOSI,1,Male,13683.0
2020,2020,9,Northern Borders,1,Saudi,1,GOSI,2,Female,7239.0
2020,2020,9,Northern Borders,1,Saudi,1,GOSI,3,Total,20922.0
2020,2020,9,Northern Borders,1,Saudi,2,Civil Services,1,Male,11557.0
2020,2020,9,Northern Borders,1,Saudi,2,Civil Services,2,Female,7053.0
2020,2020,9,Northern Borders,1,Saudi,2,Civil Services,3,Total,18610.0
2020,2020,9,Northern Borders,1,Saudi,4,Total,1,Male,25240.0
2020,2020,9,Northern Borders,1,Saudi,4,Total,2,Female,14292.0
2020,2020,9,Northern Borders,1,Saudi,4,Total,3,Total,39532.0
2020,2020,9,Northern Borders,2,Non Saudi,1,GOSI,1,Male,87878.0
2020,2020,9,Northern Borders,2,Non Saudi,1,GOSI,2,Female,2947.0
2020,2020,9,Northern Borders,2,Non Saudi,1,GOSI,3,Total,90825.0
2020,2020,9,Northern Borders,2,Non Saudi,2,Civil Services,1,Male,1028.0
2020,2020,9,Northern Borders,2,Non Saudi,2,Civil Services,2,Female,800.0
2020,2020,9,Northern Borders,2,Non Saudi,2,Civil Services,3,Total,1828.0
2020,2020,9,Northern Borders,2,Non Saudi,4,Total,1,Male,88906.0
2020,2020,9,Northern Borders,2,Non Saudi,4,Total,2,Female,3747.0
2020,2020,9,Northern Borders,2,Non Saudi,4,Total,3,Total,92653.0
2020,2020,9,Northern Borders,3,Total,1,GOSI,1,Male,101561.0
2020,2020,9,Northern Borders,3,Total,1,GOSI,2,Female,10186.0
2020,2020,9,Northern Borders,3,Total,1,GOSI,3,Total,111747.0
2020,2020,9,Northern Borders,3,Total,2,Civil Services,1,Male,12585.0
2020,2020,9,Northern Borders,3,Total,2,Civil Services,2,Female,7853.0
2020,2020,9,Northern Borders,3,Total,2,Civil Services,3,Total,20438.0
2020,2020,9,Northern Borders,3,Total,4,Total,1,Male,114146.0
2020,2020,9,Northern Borders,3,Total,4,Total,2,Female,18039.0
2020,2020,9,Northern Borders,3,Total,4,Total,3,Total,132185.0
2020,2020,10,Jazan,1,Saudi,1,GOSI,1,Male,14696.0
2020,2020,10,Jazan,1,Saudi,1,GOSI,2,Female,9374.0
2020,2020,10,Jazan,1,Saudi,1,GOSI,3,Total,24070.0
2020,2020,10,Jazan,1,Saudi,2,Civil Services,1,Male,29739.0
2020,2020,10,Jazan,1,Saudi,2,Civil Services,2,Female,24773.0
2020,2020,10,Jazan,1,Saudi,2,Civil Services,3,Total,54512.0
2020,2020,10,Jazan,1,Saudi,4,Total,1,Male,44435.0
2020,2020,10,Jazan,1,Saudi,4,Total,2,Female,34147.0
2020,2020,10,Jazan,1,Saudi,4,Total,3,Total,78582.0
2020,2020,10,Jazan,2,Non Saudi,1,GOSI,1,Male,103511.0
2020,2020,10,Jazan,2,Non Saudi,1,GOSI,2,Female,2731.0
2020,2020,10,Jazan,2,Non Saudi,1,GOSI,3,Total,106242.0
2020,2020,10,Jazan,2,Non Saudi,2,Civil Services,1,Male,1378.0
2020,2020,10,Jazan,2,Non Saudi,2,Civil Services,2,Female,1205.0
2020,2020,10,Jazan,2,Non Saudi,2,Civil Services,3,Total,2583.0
2020,2020,10,Jazan,2,Non Saudi,4,Total,1,Male,104889.0
2020,2020,10,Jazan,2,Non Saudi,4,Total,2,Female,3936.0
2020,2020,10,Jazan,2,Non Saudi,4,Total,3,Total,108825.0
2020,2020,10,Jazan,3,Total,1,GOSI,1,Male,118207.0
2020,2020,10,Jazan,3,Total,1,GOSI,2,Female,12105.0
2020,2020,10,Jazan,3,Total,1,GOSI,3,Total,130312.0
2020,2020,10,Jazan,3,Total,2,Civil Services,1,Male,31117.0
2020,2020,10,Jazan,3,Total,2,Civil Services,2,Female,25978.0
2020,2020,10,Jazan,3,Total,2,Civil Services,3,Total,57095.0
2020,2020,10,Jazan,3,Total,4,Total,1,Male,149324.0
2020,2020,10,Jazan,3,Total,4,Total,2,Female,38083.0
2020,2020,10,Jazan,3,Total,4,Total,3,Total,187407.0
2020,2020,11,Najran,1,Saudi,1,GOSI,1,Male,11959.0
2020,2020,11,Najran,1,Saudi,1,GOSI,2,Female,5627.0
2020,2020,11,Najran,1,Saudi,1,GOSI,3,Total,17586.0
2020,2020,11,Najran,1,Saudi,2,Civil Services,1,Male,19050.0
2020,2020,11,Najran,1,Saudi,2,Civil Services,2,Female,11195.0
2020,2020,11,Najran,1,Saudi,2,Civil Services,3,Total,30245.0
2020,2020,11,Najran,1,Saudi,4,Total,1,Male,31009.0
2020,2020,11,Najran,1,Saudi,4,Total,2,Female,16822.0
2020,2020,11,Najran,1,Saudi,4,Total,3,Total,47831.0
2020,2020,11,Najran,2,Non Saudi,1,GOSI,1,Male,88532.0
2020,2020,11,Najran,2,Non Saudi,1,GOSI,2,Female,2166.0
2020,2020,11,Najran,2,Non Saudi,1,GOSI,3,Total,90698.0
2020,2020,11,Najran,2,Non Saudi,2,Civil Services,1,Male,1022.0
2020,2020,11,Najran,2,Non Saudi,2,Civil Services,2,Female,1349.0
2020,2020,11,Najran,2,Non Saudi,2,Civil Services,3,Total,2371.0
2020,2020,11,Najran,2,Non Saudi,4,Total,1,Male,89554.0
2020,2020,11,Najran,2,Non Saudi,4,Total,2,Female,3515.0
2020,2020,11,Najran,2,Non Saudi,4,Total,3,Total,93069.0
2020,2020,11,Najran,3,Total,1,GOSI,1,Male,100491.0
2020,2020,11,Najran,3,Total,1,GOSI,2,Female,7793.0
2020,2020,11,Najran,3,Total,1,GOSI,3,Total,108284.0
2020,2020,11,Najran,3,Total,2,Civil Services,1,Male,20072.0
2020,2020,11,Najran,3,Total,2,Civil Services,2,Female,12544.0
2020,2020,11,Najran,3,Total,2,Civil Services,3,Total,32616.0
2020,2020,11,Najran,3,Total,4,Total,1,Male,120563.0
2020,2020,11,Najran,3,Total,4,Total,2,Female,20337.0
2020,2020,11,Najran,3,Total,4,Total,3,Total,140900.0
2020,2020,12,Al-Baha,1,Saudi,1,GOSI,1,Male,6394.0
2020,2020,12,Al-Baha,1,Saudi,1,GOSI,2,Female,2010.0
2020,2020,12,Al-Baha,1,Saudi,1,GOSI,3,Total,8404.0
2020,2020,12,Al-Baha,1,Saudi,2,Civil Services,1,Male,14283.0
2020,2020,12,Al-Baha,1,Saudi,2,Civil Services,2,Female,12032.0
2020,2020,12,Al-Baha,1,Saudi,2,Civil Services,3,Total,26315.0
2020,2020,12,Al-Baha,1,Saudi,4,Total,1,Male,20677.0
2020,2020,12,Al-Baha,1,Saudi,4,Total,2,Female,14042.0
2020,2020,12,Al-Baha,1,Saudi,4,Total,3,Total,34719.0
2020,2020,12,Al-Baha,2,Non Saudi,1,GOSI,1,Male,30475.0
2020,2020,12,Al-Baha,2,Non Saudi,1,GOSI,2,Female,591.0
2020,2020,12,Al-Baha,2,Non Saudi,1,GOSI,3,Total,31066.0
2020,2020,12,Al-Baha,2,Non Saudi,2,Civil Services,1,Male,712.0
2020,2020,12,Al-Baha,2,Non Saudi,2,Civil Services,2,Female,835.0
2020,2020,12,Al-Baha,2,Non Saudi,2,Civil Services,3,Total,1547.0
2020,2020,12,Al-Baha,2,Non Saudi,4,Total,1,Male,31187.0
2020,2020,12,Al-Baha,2,Non Saudi,4,Total,2,Female,1426.0
2020,2020,12,Al-Baha,2,Non Saudi,4,Total,3,Total,32613.0
2020,2020,12,Al-Baha,3,Total,1,GOSI,1,Male,36869.0
2020,2020,12,Al-Baha,3,Total,1,GOSI,2,Female,2601.0
2020,2020,12,Al-Baha,3,Total,1,GOSI,3,Total,39470.0
2020,2020,12,Al-Baha,3,Total,2,Civil Services,1,Male,14995.0
2020,2020,12,Al-Baha,3,Total,2,Civil Services,2,Female,12867.0
2020,2020,12,Al-Baha,3,Total,2,Civil Services,3,Total,27862.0
2020,2020,12,Al-Baha,3,Total,4,Total,1,Male,51864.0
2020,2020,12,Al-Baha,3,Total,4,Total,2,Female,15468.0
2020,2020,12,Al-Baha,3,Total,4,Total,3,Total,67332.0
2020,2020,13,Al-Jouf,1,Saudi,1,GOSI,1,Male,7417.0
2020,2020,13,Al-Jouf,1,Saudi,1,GOSI,2,Female,3043.0
2020,2020,13,Al-Jouf,1,Saudi,1,GOSI,3,Total,10460.0
2020,2020,13,Al-Jouf,1,Saudi,2,Civil Services,1,Male,17689.0
2020,2020,13,Al-Jouf,1,Saudi,2,Civil Services,2,Female,11010.0
2020,2020,13,Al-Jouf,1,Saudi,2,Civil Services,3,Total,28699.0
2020,2020,13,Al-Jouf,1,Saudi,4,Total,1,Male,25106.0
2020,2020,13,Al-Jouf,1,Saudi,4,Total,2,Female,14053.0
2020,2020,13,Al-Jouf,1,Saudi,4,Total,3,Total,39159.0
2020,2020,13,Al-Jouf,2,Non Saudi,1,GOSI,1,Male,45459.0
2020,2020,13,Al-Jouf,2,Non Saudi,1,GOSI,2,Female,1183.0
2020,2020,13,Al-Jouf,2,Non Saudi,1,GOSI,3,Total,46642.0
2020,2020,13,Al-Jouf,2,Non Saudi,2,Civil Services,1,Male,912.0
2020,2020,13,Al-Jouf,2,Non Saudi,2,Civil Services,2,Female,612.0
2020,2020,13,Al-Jouf,2,Non Saudi,2,Civil Services,3,Total,1524.0
2020,2020,13,Al-Jouf,2,Non Saudi,4,Total,1,Male,46371.0
2020,2020,13,Al-Jouf,2,Non Saudi,4,Total,2,Female,1795.0
2020,2020,13,Al-Jouf,2,Non Saudi,4,Total,3,Total,48166.0
2020,2020,13,Al-Jouf,3,Total,1,GOSI,1,Male,52876.0
2020,2020,13,Al-Jouf,3,Total,1,GOSI,2,Female,4226.0
2020,2020,13,Al-Jouf,3,Total,1,GOSI,3,Total,57102.0
2020,2020,13,Al-Jouf,3,Total,2,Civil Services,1,Male,18601.0
2020,2020,13,Al-Jouf,3,Total,2,Civil Services,2,Female,11622.0
2020,2020,13,Al-Jouf,3,Total,2,Civil Services,3,Total,30223.0
2020,2020,13,Al-Jouf,3,Total,4,Total,1,Male,71477.0
2020,2020,13,Al-Jouf,3,Total,4,Total,2,Female,15848.0
2020,2020,13,Al-Jouf,3,Total,4,Total,3,Total,87325.0
2020,2020,14,Unspecified,1,Saudi,2,Civil Services,1,Male,29.0
2020,2020,14,Unspecified,1,Saudi,2,Civil Services,2,Female,6.0
2020,2020,14,Unspecified,1,Saudi,2,Civil Services,3,Total,35.0
2020,2020,14,Unspecified,1,Saudi,3,Domestic Workers,1,Male,0.0
2020,2020,14,Unspecified,1,Saudi,3,Domestic Workers,2,Female,0.0
2020,2020,14,Unspecified,1,Saudi,3,Domestic Workers,3,Total,0.0
2020,2020,14,Unspecified,1,Saudi,4,Total,1,Male,29.0
2020,2020,14,Unspecified,1,Saudi,4,Total,2,Female,6.0
2020,2020,14,Unspecified,1,Saudi,4,Total,3,Total,35.0
2020,2020,14,Unspecified,2,Non Saudi,2,Civil Services,1,Male,0.0
2020,2020,14,Unspecified,2,Non Saudi,2,Civil Services,2,Female,0.0
2020,2020,14,Unspecified,2,Non Saudi,2,Civil Services,3,Total,0.0
2020,2020,14,Unspecified,2,Non Saudi,3,Domestic Workers,1,Male,2619534.0
2020,2020,14,Unspecified,2,Non Saudi,3,Domestic Workers,2,Female,1044405.0
2020,2020,14,Unspecified,2,Non Saudi,3,Domestic Workers,3,Total,3663939.0
2020,2020,14,Unspecified,2,Non Saudi,4,Total,1,Male,0.0
2020,2020,14,Unspecified,2,Non Saudi,4,Total,2,Female,0.0
2020,2020,14,Unspecified,2,Non Saudi,4,Total,3,Total,0.0
2020,2020,14,Unspecified,3,Total,2,Civil Services,1,Male,29.0
2020,2020,14,Unspecified,3,Total,2,Civil Services,2,Female,6.0
2020,2020,14,Unspecified,3,Total,2,Civil Services,3,Total,35.0
2020,2020,14,Unspecified,3,Total,3,Domestic Workers,1,Male,2619534.0
2020,2020,14,Unspecified,3,Total,3,Domestic Workers,2,Female,1044405.0
2020,2020,14,Unspecified,3,Total,3,Domestic Workers,3,Total,3663939.0
2020,2020,14,Unspecified,3,Total,4,Total,1,Male,29.0
2020,2020,14,Unspecified,3,Total,4,Total,2,Female,6.0
2020,2020,14,Unspecified,3,Total,4,Total,3,Total,35.0
2020,2020,15,Grand Total,1,Saudi,1,GOSI,1,Male,1357241.0
2020,2020,15,Grand Total,1,Saudi,1,GOSI,2,Female,670296.0
2020,2020,15,Grand Total,1,Saudi,1,GOSI,3,Total,2027537.0
2020,2020,15,Grand Total,1,Saudi,2,Civil Services,1,Male,722090.0
2020,2020,15,Grand Total,1,Saudi,2,Civil Services,2,Female,502571.0
2020,2020,15,Grand Total,1,Saudi,2,Civil Services,3,Total,1224661.0
2020,2020,15,Grand Total,1,Saudi,3,Domestic Workers,1,Male,0.0
2020,2020,15,Grand Total,1,Saudi,3,Domestic Workers,2,Female,0.0
2020,2020,15,Grand Total,1,Saudi,3,Domestic Workers,3,Total,0.0
2020,2020,15,Grand Total,1,Saudi,4,Total,1,Male,2079331.0
2020,2020,15,Grand Total,1,Saudi,4,Total,2,Female,1172867.0
2020,2020,15,Grand Total,1,Saudi,4,Total,3,Total,3252198.0
2020,2020,15,Grand Total,2,Non Saudi,1,GOSI,1,Male,6108520.0
2020,2020,15,Grand Total,2,Non Saudi,1,GOSI,2,Female,245167.0
2020,2020,15,Grand Total,2,Non Saudi,1,GOSI,3,Total,6353687.0
2020,2020,15,Grand Total,2,Non Saudi,2,Civil Services,1,Male,25931.0
2020,2020,15,Grand Total,2,Non Saudi,2,Civil Services,2,Female,22943.0
2020,2020,15,Grand Total,2,Non Saudi,2,Civil Services,3,Total,48874.0
2020,2020,15,Grand Total,2,Non Saudi,3,Domestic Workers,1,Male,2619534.0
2020,2020,15,Grand Total,2,Non Saudi,3,Domestic Workers,2,Female,1044405.0
2020,2020,15,Grand Total,2,Non Saudi,3,Domestic Workers,3,Total,3663939.0
2020,2020,15,Grand Total,2,Non Saudi,4,Total,1,Male,8753985.0
2020,2020,15,Grand Total,2,Non Saudi,4,Total,2,Female,1312515.0
2020,2020,15,Grand Total,2,Non Saudi,4,Total,3,Total,10066500.0
2020,2020,15,Grand Total,3,Total,1,GOSI,1,Male,7465761.0
2020,2020,15,Grand Total,3,Total,1,GOSI,2,Female,915463.0
2020,2020,15,Grand Total,3,Total,1,GOSI,3,Total,8381224.0
2020,2020,15,Grand Total,3,Total,2,Civil Services,1,Male,748021.0
2020,2020,15,Grand Total,3,Total,2,Civil Services,2,Female,525514.0
2020,2020,15,Grand Total,3,Total,2,Civil Services,3,Total,1273535.0
2020,2020,15,Grand Total,3,Total,3,Domestic Workers,1,Male,2619534.0
2020,2020,15,Grand Total,3,Total,3,Domestic Workers,2,Female,1044405.0
2020,2020,15,Grand Total,3,Total,3,Domestic Workers,3,Total,3663939.0
2020,2020,15,Grand Total,3,Total,4,Total,1,Male,10833316.0
2020,2020,15,Grand Total,3,Total,4,Total,2,Female,2485382.0
2020,2020,15,Grand Total,3,Total,4,Total,3,Total,13318698.0
2020,2020,16,Outside Kingdom,1,Saudi,2,Civil Services,1,Male,526.0
2020,2020,16,Outside Kingdom,1,Saudi,2,Civil Services,2,Female,96.0
2020,2020,16,Outside Kingdom,1,Saudi,2,Civil Services,3,Total,622.0
2020,2020,16,Outside Kingdom,1,Saudi,4,Total,1,Male,526.0
2020,2020,16,Outside Kingdom,1,Saudi,4,Total,2,Female,96.0
2020,2020,16,Outside Kingdom,1,Saudi,4,Total,3,Total,622.0
2020,2020,16,Outside Kingdom,2,Non Saudi,2,Civil Services,1,Male,32.0
2020,2020,16,Outside Kingdom,2,Non Saudi,2,Civil Services,2,Female,6.0
2020,2020,16,Outside Kingdom,2,Non Saudi,2,Civil Services,3,Total,38.0
2020,2020,16,Outside Kingdom,2,Non Saudi,4,Total,1,Male,32.0
2020,2020,16,Outside Kingdom,2,Non Saudi,4,Total,2,Female,6.0
2020,2020,16,Outside Kingdom,2,Non Saudi,4,Total,3,Total,38.0
2020,2020,16,Outside Kingdom,3,Total,2,Civil Services,1,Male,558.0
2020,2020,16,Outside Kingdom,3,Total,2,Civil Services,2,Female,102.0
2020,2020,16,Outside Kingdom,3,Total,2,Civil Services,3,Total,660.0
2020,2020,16,Outside Kingdom,3,Total,4,Total,1,Male,558.0
2020,2020,16,Outside Kingdom,3,Total,4,Total,2,Female,102.0
2020,2020,16,Outside Kingdom,3,Total,4,Total,3,Total,660.0
2021,2021,1,Al-Riyadh,1,Saudi,1,GOSI,1,Male,628175.0
2021,2021,1,Al-Riyadh,1,Saudi,1,GOSI,2,Female,364241.0
2021,2021,1,Al-Riyadh,1,Saudi,1,GOSI,3,Total,992416.0
2021,2021,1,Al-Riyadh,1,Saudi,2,Civil Services,1,Male,279203.0
2021,2021,1,Al-Riyadh,1,Saudi,2,Civil Services,2,Female,174909.0
2021,2021,1,Al-Riyadh,1,Saudi,2,Civil Services,3,Total,454112.0
2021,2021,1,Al-Riyadh,1,Saudi,4,Total,1,Male,907378.0
2021,2021,1,Al-Riyadh,1,Saudi,4,Total,2,Female,539150.0
2021,2021,1,Al-Riyadh,1,Saudi,4,Total,3,Total,1446528.0
2021,2021,1,Al-Riyadh,2,Non Saudi,1,GOSI,1,Male,2451290.0
2021,2021,1,Al-Riyadh,2,Non Saudi,1,GOSI,2,Female,149793.0
2021,2021,1,Al-Riyadh,2,Non Saudi,1,GOSI,3,Total,2601083.0
2021,2021,1,Al-Riyadh,2,Non Saudi,2,Civil Services,1,Male,5198.0
2021,2021,1,Al-Riyadh,2,Non Saudi,2,Civil Services,2,Female,4114.0
2021,2021,1,Al-Riyadh,2,Non Saudi,2,Civil Services,3,Total,9312.0
2021,2021,1,Al-Riyadh,2,Non Saudi,4,Total,1,Male,2456488.0
2021,2021,1,Al-Riyadh,2,Non Saudi,4,Total,2,Female,153907.0
2021,2021,1,Al-Riyadh,2,Non Saudi,4,Total,3,Total,2610395.0
2021,2021,1,Al-Riyadh,3,Total,1,GOSI,1,Male,3079465.0
2021,2021,1,Al-Riyadh,3,Total,1,GOSI,2,Female,514034.0
2021,2021,1,Al-Riyadh,3,Total,1,GOSI,3,Total,3593499.0
2021,2021,1,Al-Riyadh,3,Total,2,Civil Services,1,Male,284401.0
2021,2021,1,Al-Riyadh,3,Total,2,Civil Services,2,Female,179023.0
2021,2021,1,Al-Riyadh,3,Total,2,Civil Services,3,Total,463424.0
2021,2021,1,Al-Riyadh,3,Total,4,Total,1,Male,3363866.0
2021,2021,1,Al-Riyadh,3,Total,4,Total,2,Female,693057.0
2021,2021,1,Al-Riyadh,3,Total,4,Total,3,Total,4056923.0
2021,2021,2,Makkah Al-Mokarramah,1,Saudi,1,GOSI,1,Male,290934.0
2021,2021,2,Makkah Al-Mokarramah,1,Saudi,1,GOSI,2,Female,176543.0
2021,2021,2,Makkah Al-Mokarramah,1,Saudi,1,GOSI,3,Total,467477.0
2021,2021,2,Makkah Al-Mokarramah,1,Saudi,2,Civil Services,1,Male,107236.0
2021,2021,2,Makkah Al-Mokarramah,1,Saudi,2,Civil Services,2,Female,75786.0
2021,2021,2,Makkah Al-Mokarramah,1,Saudi,2,Civil Services,3,Total,183022.0
2021,2021,2,Makkah Al-Mokarramah,1,Saudi,4,Total,1,Male,398170.0
2021,2021,2,Makkah Al-Mokarramah,1,Saudi,4,Total,2,Female,252329.0
2021,2021,2,Makkah Al-Mokarramah,1,Saudi,4,Total,3,Total,650499.0
2021,2021,2,Makkah Al-Mokarramah,2,Non Saudi,1,GOSI,1,Male,1301291.0
2021,2021,2,Makkah Al-Mokarramah,2,Non Saudi,1,GOSI,2,Female,53246.0
2021,2021,2,Makkah Al-Mokarramah,2,Non Saudi,1,GOSI,3,Total,1354537.0
2021,2021,2,Makkah Al-Mokarramah,2,Non Saudi,2,Civil Services,1,Male,3850.0
2021,2021,2,Makkah Al-Mokarramah,2,Non Saudi,2,Civil Services,2,Female,3183.0
2021,2021,2,Makkah Al-Mokarramah,2,Non Saudi,2,Civil Services,3,Total,7033.0
2021,2021,2,Makkah Al-Mokarramah,2,Non Saudi,4,Total,1,Male,1305141.0
2021,2021,2,Makkah Al-Mokarramah,2,Non Saudi,4,Total,2,Female,56429.0
2021,2021,2,Makkah Al-Mokarramah,2,Non Saudi,4,Total,3,Total,1361570.0
2021,2021,2,Makkah Al-Mokarramah,3,Total,1,GOSI,1,Male,1592225.0
2021,2021,2,Makkah Al-Mokarramah,3,Total,1,GOSI,2,Female,229789.0
2021,2021,2,Makkah Al-Mokarramah,3,Total,1,GOSI,3,Total,1822014.0
2021,2021,2,Makkah Al-Mokarramah,3,Total,2,Civil Services,1,Male,111086.0
2021,2021,2,Makkah Al-Mokarramah,3,Total,2,Civil Services,2,Female,78969.0
2021,2021,2,Makkah Al-Mokarramah,3,Total,2,Civil Services,3,Total,190055.0
2021,2021,2,Makkah Al-Mokarramah,3,Total,4,Total,1,Male,1703311.0
2021,2021,2,Makkah Al-Mokarramah,3,Total,4,Total,2,Female,308758.0
2021,2021,2,Makkah Al-Mokarramah,3,Total,4,Total,3,Total,2012069.0
2021,2021,3,Al-Madinah Al-Monawarah,1,Saudi,1,GOSI,1,Male,30226.0
2021,2021,3,Al-Madinah Al-Monawarah,1,Saudi,1,GOSI,2,Female,18231.0
2021,2021,3,Al-Madinah Al-Monawarah,1,Saudi,1,GOSI,3,Total,48457.0
2021,2021,3,Al-Madinah Al-Monawarah,1,Saudi,2,Civil Services,1,Male,40124.0
2021,2021,3,Al-Madinah Al-Monawarah,1,Saudi,2,Civil Services,2,Female,29133.0
2021,2021,3,Al-Madinah Al-Monawarah,1,Saudi,2,Civil Services,3,Total,69257.0
2021,2021,3,Al-Madinah Al-Monawarah,1,Saudi,4,Total,1,Male,70350.0
2021,2021,3,Al-Madinah Al-Monawarah,1,Saudi,4,Total,2,Female,47364.0
2021,2021,3,Al-Madinah Al-Monawarah,1,Saudi,4,Total,3,Total,117714.0
2021,2021,3,Al-Madinah Al-Monawarah,2,Non Saudi,1,GOSI,1,Male,147198.0
2021,2021,3,Al-Madinah Al-Monawarah,2,Non Saudi,1,GOSI,2,Female,6221.0
2021,2021,3,Al-Madinah Al-Monawarah,2,Non Saudi,1,GOSI,3,Total,153419.0
2021,2021,3,Al-Madinah Al-Monawarah,2,Non Saudi,2,Civil Services,1,Male,1510.0
2021,2021,3,Al-Madinah Al-Monawarah,2,Non Saudi,2,Civil Services,2,Female,1879.0
2021,2021,3,Al-Madinah Al-Monawarah,2,Non Saudi,2,Civil Services,3,Total,3389.0
2021,2021,3,Al-Madinah Al-Monawarah,2,Non Saudi,4,Total,1,Male,148708.0
2021,2021,3,Al-Madinah Al-Monawarah,2,Non Saudi,4,Total,2,Female,8100.0
2021,2021,3,Al-Madinah Al-Monawarah,2,Non Saudi,4,Total,3,Total,156808.0
2021,2021,3,Al-Madinah Al-Monawarah,3,Total,1,GOSI,1,Male,177424.0
2021,2021,3,Al-Madinah Al-Monawarah,3,Total,1,GOSI,2,Female,24452.0
2021,2021,3,Al-Madinah Al-Monawarah,3,Total,1,GOSI,3,Total,201876.0
2021,2021,3,Al-Madinah Al-Monawarah,3,Total,2,Civil Services,1,Male,41634.0
2021,2021,3,Al-Madinah Al-Monawarah,3,Total,2,Civil Services,2,Female,31012.0
2021,2021,3,Al-Madinah Al-Monawarah,3,Total,2,Civil Services,3,Total,72646.0
2021,2021,3,Al-Madinah Al-Monawarah,3,Total,4,Total,1,Male,219058.0
2021,2021,3,Al-Madinah Al-Monawarah,3,Total,4,Total,2,Female,55464.0
2021,2021,3,Al-Madinah Al-Monawarah,3,Total,4,Total,3,Total,274522.0
2021,2021,4,Al-Qaseem,1,Saudi,1,GOSI,1,Male,35939.0
2021,2021,4,Al-Qaseem,1,Saudi,1,GOSI,2,Female,20385.0
2021,2021,4,Al-Qaseem,1,Saudi,1,GOSI,3,Total,56324.0
2021,2021,4,Al-Qaseem,1,Saudi,2,Civil Services,1,Male,34982.0
2021,2021,4,Al-Qaseem,1,Saudi,2,Civil Services,2,Female,27277.0
2021,2021,4,Al-Qaseem,1,Saudi,2,Civil Services,3,Total,62259.0
2021,2021,4,Al-Qaseem,1,Saudi,4,Total,1,Male,70921.0
2021,2021,4,Al-Qaseem,1,Saudi,4,Total,2,Female,47662.0
2021,2021,4,Al-Qaseem,1,Saudi,4,Total,3,Total,118583.0
2021,2021,4,Al-Qaseem,2,Non Saudi,1,GOSI,1,Male,271380.0
2021,2021,4,Al-Qaseem,2,Non Saudi,1,GOSI,2,Female,8079.0
2021,2021,4,Al-Qaseem,2,Non Saudi,1,GOSI,3,Total,279459.0
2021,2021,4,Al-Qaseem,2,Non Saudi,2,Civil Services,1,Male,1604.0
2021,2021,4,Al-Qaseem,2,Non Saudi,2,Civil Services,2,Female,1829.0
2021,2021,4,Al-Qaseem,2,Non Saudi,2,Civil Services,3,Total,3433.0
2021,2021,4,Al-Qaseem,2,Non Saudi,4,Total,1,Male,272984.0
2021,2021,4,Al-Qaseem,2,Non Saudi,4,Total,2,Female,9908.0
2021,2021,4,Al-Qaseem,2,Non Saudi,4,Total,3,Total,282892.0
2021,2021,4,Al-Qaseem,3,Total,1,GOSI,1,Male,307319.0
2021,2021,4,Al-Qaseem,3,Total,1,GOSI,2,Female,28464.0
2021,2021,4,Al-Qaseem,3,Total,1,GOSI,3,Total,335783.0
2021,2021,4,Al-Qaseem,3,Total,2,Civil Services,1,Male,36586.0
2021,2021,4,Al-Qaseem,3,Total,2,Civil Services,2,Female,29106.0
2021,2021,4,Al-Qaseem,3,Total,2,Civil Services,3,Total,65692.0
2021,2021,4,Al-Qaseem,3,Total,4,Total,1,Male,343905.0
2021,2021,4,Al-Qaseem,3,Total,4,Total,2,Female,57570.0
2021,2021,4,Al-Qaseem,3,Total,4,Total,3,Total,401475.0
2021,2021,5,Eastern Region,1,Saudi,1,GOSI,1,Male,359794.0
2021,2021,5,Eastern Region,1,Saudi,1,GOSI,2,Female,124884.0
2021,2021,5,Eastern Region,1,Saudi,1,GOSI,3,Total,484678.0
2021,2021,5,Eastern Region,1,Saudi,2,Civil Services,1,Male,68129.0
2021,2021,5,Eastern Region,1,Saudi,2,Civil Services,2,Female,50630.0
2021,2021,5,Eastern Region,1,Saudi,2,Civil Services,3,Total,118759.0
2021,2021,5,Eastern Region,1,Saudi,4,Total,1,Male,427923.0
2021,2021,5,Eastern Region,1,Saudi,4,Total,2,Female,175514.0
2021,2021,5,Eastern Region,1,Saudi,4,Total,3,Total,603437.0
2021,2021,5,Eastern Region,2,Non Saudi,1,GOSI,1,Male,1125989.0
2021,2021,5,Eastern Region,2,Non Saudi,1,GOSI,2,Female,36491.0
2021,2021,5,Eastern Region,2,Non Saudi,1,GOSI,3,Total,1162480.0
2021,2021,5,Eastern Region,2,Non Saudi,2,Civil Services,1,Male,3463.0
2021,2021,5,Eastern Region,2,Non Saudi,2,Civil Services,2,Female,2663.0
2021,2021,5,Eastern Region,2,Non Saudi,2,Civil Services,3,Total,6126.0
2021,2021,5,Eastern Region,2,Non Saudi,4,Total,1,Male,1129452.0
2021,2021,5,Eastern Region,2,Non Saudi,4,Total,2,Female,39154.0
2021,2021,5,Eastern Region,2,Non Saudi,4,Total,3,Total,1168606.0
2021,2021,5,Eastern Region,3,Total,1,GOSI,1,Male,1485783.0
2021,2021,5,Eastern Region,3,Total,1,GOSI,2,Female,161375.0
2021,2021,5,Eastern Region,3,Total,1,GOSI,3,Total,1647158.0
2021,2021,5,Eastern Region,3,Total,2,Civil Services,1,Male,71592.0
2021,2021,5,Eastern Region,3,Total,2,Civil Services,2,Female,53293.0
2021,2021,5,Eastern Region,3,Total,2,Civil Services,3,Total,124885.0
2021,2021,5,Eastern Region,3,Total,4,Total,1,Male,1557375.0
2021,2021,5,Eastern Region,3,Total,4,Total,2,Female,214668.0
2021,2021,5,Eastern Region,3,Total,4,Total,3,Total,1772043.0
2021,2021,6,Aseer,1,Saudi,1,GOSI,1,Male,42504.0
2021,2021,6,Aseer,1,Saudi,1,GOSI,2,Female,19779.0
2021,2021,6,Aseer,1,Saudi,1,GOSI,3,Total,62283.0
2021,2021,6,Aseer,1,Saudi,2,Civil Services,1,Male,49923.0
2021,2021,6,Aseer,1,Saudi,2,Civil Services,2,Female,45767.0
2021,2021,6,Aseer,1,Saudi,2,Civil Services,3,Total,95690.0
2021,2021,6,Aseer,1,Saudi,4,Total,1,Male,92427.0
2021,2021,6,Aseer,1,Saudi,4,Total,2,Female,65546.0
2021,2021,6,Aseer,1,Saudi,4,Total,3,Total,157973.0
2021,2021,6,Aseer,2,Non Saudi,1,GOSI,1,Male,209770.0
2021,2021,6,Aseer,2,Non Saudi,1,GOSI,2,Female,9576.0
2021,2021,6,Aseer,2,Non Saudi,1,GOSI,3,Total,219346.0
2021,2021,6,Aseer,2,Non Saudi,2,Civil Services,1,Male,2264.0
2021,2021,6,Aseer,2,Non Saudi,2,Civil Services,2,Female,2402.0
2021,2021,6,Aseer,2,Non Saudi,2,Civil Services,3,Total,4666.0
2021,2021,6,Aseer,2,Non Saudi,4,Total,1,Male,212034.0
2021,2021,6,Aseer,2,Non Saudi,4,Total,2,Female,11978.0
2021,2021,6,Aseer,2,Non Saudi,4,Total,3,Total,224012.0
2021,2021,6,Aseer,3,Total,1,GOSI,1,Male,252274.0
2021,2021,6,Aseer,3,Total,1,GOSI,2,Female,29355.0
2021,2021,6,Aseer,3,Total,1,GOSI,3,Total,281629.0
2021,2021,6,Aseer,3,Total,2,Civil Services,1,Male,52187.0
2021,2021,6,Aseer,3,Total,2,Civil Services,2,Female,48169.0
2021,2021,6,Aseer,3,Total,2,Civil Services,3,Total,100356.0
2021,2021,6,Aseer,3,Total,4,Total,1,Male,304461.0
2021,2021,6,Aseer,3,Total,4,Total,2,Female,77524.0
2021,2021,6,Aseer,3,Total,4,Total,3,Total,381985.0
2021,2021,7,Tabouk,1,Saudi,1,GOSI,1,Male,13232.0
2021,2021,7,Tabouk,1,Saudi,1,GOSI,2,Female,8785.0
2021,2021,7,Tabouk,1,Saudi,1,GOSI,3,Total,22017.0
2021,2021,7,Tabouk,1,Saudi,2,Civil Services,1,Male,20170.0
2021,2021,7,Tabouk,1,Saudi,2,Civil Services,2,Female,15137.0
2021,2021,7,Tabouk,1,Saudi,2,Civil Services,3,Total,35307.0
2021,2021,7,Tabouk,1,Saudi,4,Total,1,Male,33402.0
2021,2021,7,Tabouk,1,Saudi,4,Total,2,Female,23922.0
2021,2021,7,Tabouk,1,Saudi,4,Total,3,Total,57324.0
2021,2021,7,Tabouk,2,Non Saudi,1,GOSI,1,Male,69812.0
2021,2021,7,Tabouk,2,Non Saudi,1,GOSI,2,Female,2684.0
2021,2021,7,Tabouk,2,Non Saudi,1,GOSI,3,Total,72496.0
2021,2021,7,Tabouk,2,Non Saudi,2,Civil Services,1,Male,972.0
2021,2021,7,Tabouk,2,Non Saudi,2,Civil Services,2,Female,711.0
2021,2021,7,Tabouk,2,Non Saudi,2,Civil Services,3,Total,1683.0
2021,2021,7,Tabouk,2,Non Saudi,4,Total,1,Male,70784.0
2021,2021,7,Tabouk,2,Non Saudi,4,Total,2,Female,3395.0
2021,2021,7,Tabouk,2,Non Saudi,4,Total,3,Total,74179.0
2021,2021,7,Tabouk,3,Total,1,GOSI,1,Male,83044.0
2021,2021,7,Tabouk,3,Total,1,GOSI,2,Female,11469.0
2021,2021,7,Tabouk,3,Total,1,GOSI,3,Total,94513.0
2021,2021,7,Tabouk,3,Total,2,Civil Services,1,Male,21142.0
2021,2021,7,Tabouk,3,Total,2,Civil Services,2,Female,15848.0
2021,2021,7,Tabouk,3,Total,2,Civil Services,3,Total,36990.0
2021,2021,7,Tabouk,3,Total,4,Total,1,Male,104186.0
2021,2021,7,Tabouk,3,Total,4,Total,2,Female,27317.0
2021,2021,7,Tabouk,3,Total,4,Total,3,Total,131503.0
2021,2021,8,Hail,1,Saudi,1,GOSI,1,Male,12905.0
2021,2021,8,Hail,1,Saudi,1,GOSI,2,Female,7511.0
2021,2021,8,Hail,1,Saudi,1,GOSI,3,Total,20416.0
2021,2021,8,Hail,1,Saudi,2,Civil Services,1,Male,18659.0
2021,2021,8,Hail,1,Saudi,2,Civil Services,2,Female,14419.0
2021,2021,8,Hail,1,Saudi,2,Civil Services,3,Total,33078.0
2021,2021,8,Hail,1,Saudi,4,Total,1,Male,31564.0
2021,2021,8,Hail,1,Saudi,4,Total,2,Female,21930.0
2021,2021,8,Hail,1,Saudi,4,Total,3,Total,53494.0
2021,2021,8,Hail,2,Non Saudi,1,GOSI,1,Male,81312.0
2021,2021,8,Hail,2,Non Saudi,1,GOSI,2,Female,3357.0
2021,2021,8,Hail,2,Non Saudi,1,GOSI,3,Total,84669.0
2021,2021,8,Hail,2,Non Saudi,2,Civil Services,1,Male,731.0
2021,2021,8,Hail,2,Non Saudi,2,Civil Services,2,Female,708.0
2021,2021,8,Hail,2,Non Saudi,2,Civil Services,3,Total,1439.0
2021,2021,8,Hail,2,Non Saudi,4,Total,1,Male,82043.0
2021,2021,8,Hail,2,Non Saudi,4,Total,2,Female,4065.0
2021,2021,8,Hail,2,Non Saudi,4,Total,3,Total,86108.0
2021,2021,8,Hail,3,Total,1,GOSI,1,Male,94217.0
2021,2021,8,Hail,3,Total,1,GOSI,2,Female,10868.0
2021,2021,8,Hail,3,Total,1,GOSI,3,Total,105085.0
2021,2021,8,Hail,3,Total,2,Civil Services,1,Male,19390.0
2021,2021,8,Hail,3,Total,2,Civil Services,2,Female,15127.0
2021,2021,8,Hail,3,Total,2,Civil Services,3,Total,34517.0
2021,2021,8,Hail,3,Total,4,Total,1,Male,113607.0
2021,2021,8,Hail,3,Total,4,Total,2,Female,25995.0
2021,2021,8,Hail,3,Total,4,Total,3,Total,139602.0
2021,2021,9,Northern Borders,1,Saudi,1,GOSI,1,Male,14077.0
2021,2021,9,Northern Borders,1,Saudi,1,GOSI,2,Female,8025.0
2021,2021,9,Northern Borders,1,Saudi,1,GOSI,3,Total,22102.0
2021,2021,9,Northern Borders,1,Saudi,2,Civil Services,1,Male,11602.0
2021,2021,9,Northern Borders,1,Saudi,2,Civil Services,2,Female,7080.0
2021,2021,9,Northern Borders,1,Saudi,2,Civil Services,3,Total,18682.0
2021,2021,9,Northern Borders,1,Saudi,4,Total,1,Male,25679.0
2021,2021,9,Northern Borders,1,Saudi,4,Total,2,Female,15105.0
2021,2021,9,Northern Borders,1,Saudi,4,Total,3,Total,40784.0
2021,2021,9,Northern Borders,2,Non Saudi,1,GOSI,1,Male,88187.0
2021,2021,9,Northern Borders,2,Non Saudi,1,GOSI,2,Female,3234.0
2021,2021,9,Northern Borders,2,Non Saudi,1,GOSI,3,Total,91421.0
2021,2021,9,Northern Borders,2,Non Saudi,2,Civil Services,1,Male,992.0
2021,2021,9,Northern Borders,2,Non Saudi,2,Civil Services,2,Female,774.0
2021,2021,9,Northern Borders,2,Non Saudi,2,Civil Services,3,Total,1766.0
2021,2021,9,Northern Borders,2,Non Saudi,4,Total,1,Male,89179.0
2021,2021,9,Northern Borders,2,Non Saudi,4,Total,2,Female,4008.0
2021,2021,9,Northern Borders,2,Non Saudi,4,Total,3,Total,93187.0
2021,2021,9,Northern Borders,3,Total,1,GOSI,1,Male,102264.0
2021,2021,9,Northern Borders,3,Total,1,GOSI,2,Female,11259.0
2021,2021,9,Northern Borders,3,Total,1,GOSI,3,Total,113523.0
2021,2021,9,Northern Borders,3,Total,2,Civil Services,1,Male,12594.0
2021,2021,9,Northern Borders,3,Total,2,Civil Services,2,Female,7854.0
2021,2021,9,Northern Borders,3,Total,2,Civil Services,3,Total,20448.0
2021,2021,9,Northern Borders,3,Total,4,Total,1,Male,114858.0
2021,2021,9,Northern Borders,3,Total,4,Total,2,Female,19113.0
2021,2021,9,Northern Borders,3,Total,4,Total,3,Total,133971.0
2021,2021,10,Jazan,1,Saudi,1,GOSI,1,Male,15530.0
2021,2021,10,Jazan,1,Saudi,1,GOSI,2,Female,10398.0
2021,2021,10,Jazan,1,Saudi,1,GOSI,3,Total,25928.0
2021,2021,10,Jazan,1,Saudi,2,Civil Services,1,Male,29441.0
2021,2021,10,Jazan,1,Saudi,2,Civil Services,2,Female,24710.0
2021,2021,10,Jazan,1,Saudi,2,Civil Services,3,Total,54151.0
2021,2021,10,Jazan,1,Saudi,4,Total,1,Male,44971.0
2021,2021,10,Jazan,1,Saudi,4,Total,2,Female,35108.0
2021,2021,10,Jazan,1,Saudi,4,Total,3,Total,80079.0
2021,2021,10,Jazan,2,Non Saudi,1,GOSI,1,Male,100588.0
2021,2021,10,Jazan,2,Non Saudi,1,GOSI,2,Female,3464.0
2021,2021,10,Jazan,2,Non Saudi,1,GOSI,3,Total,104052.0
2021,2021,10,Jazan,2,Non Saudi,2,Civil Services,1,Male,1247.0
2021,2021,10,Jazan,2,Non Saudi,2,Civil Services,2,Female,1131.0
2021,2021,10,Jazan,2,Non Saudi,2,Civil Services,3,Total,2378.0
2021,2021,10,Jazan,2,Non Saudi,4,Total,1,Male,101835.0
2021,2021,10,Jazan,2,Non Saudi,4,Total,2,Female,4595.0
2021,2021,10,Jazan,2,Non Saudi,4,Total,3,Total,106430.0
2021,2021,10,Jazan,3,Total,1,GOSI,1,Male,116118.0
2021,2021,10,Jazan,3,Total,1,GOSI,2,Female,13862.0
2021,2021,10,Jazan,3,Total,1,GOSI,3,Total,129980.0
2021,2021,10,Jazan,3,Total,2,Civil Services,1,Male,30688.0
2021,2021,10,Jazan,3,Total,2,Civil Services,2,Female,25841.0
2021,2021,10,Jazan,3,Total,2,Civil Services,3,Total,56529.0
2021,2021,10,Jazan,3,Total,4,Total,1,Male,146806.0
2021,2021,10,Jazan,3,Total,4,Total,2,Female,39703.0
2021,2021,10,Jazan,3,Total,4,Total,3,Total,186509.0
2021,2021,11,Najran,1,Saudi,1,GOSI,1,Male,12857.0
2021,2021,11,Najran,1,Saudi,1,GOSI,2,Female,6120.0
2021,2021,11,Najran,1,Saudi,1,GOSI,3,Total,18977.0
2021,2021,11,Najran,1,Saudi,2,Civil Services,1,Male,18900.0
2021,2021,11,Najran,1,Saudi,2,Civil Services,2,Female,11064.0
2021,2021,11,Najran,1,Saudi,2,Civil Services,3,Total,29964.0
2021,2021,11,Najran,1,Saudi,4,Total,1,Male,31757.0
2021,2021,11,Najran,1,Saudi,4,Total,2,Female,17184.0
2021,2021,11,Najran,1,Saudi,4,Total,3,Total,48941.0
2021,2021,11,Najran,2,Non Saudi,1,GOSI,1,Male,90569.0
2021,2021,11,Najran,2,Non Saudi,1,GOSI,2,Female,2162.0
2021,2021,11,Najran,2,Non Saudi,1,GOSI,3,Total,92731.0
2021,2021,11,Najran,2,Non Saudi,2,Civil Services,1,Male,976.0
2021,2021,11,Najran,2,Non Saudi,2,Civil Services,2,Female,1331.0
2021,2021,11,Najran,2,Non Saudi,2,Civil Services,3,Total,2307.0
2021,2021,11,Najran,2,Non Saudi,4,Total,1,Male,91545.0
2021,2021,11,Najran,2,Non Saudi,4,Total,2,Female,3493.0
2021,2021,11,Najran,2,Non Saudi,4,Total,3,Total,95038.0
2021,2021,11,Najran,3,Total,1,GOSI,1,Male,103426.0
2021,2021,11,Najran,3,Total,1,GOSI,2,Female,8282.0
2021,2021,11,Najran,3,Total,1,GOSI,3,Total,111708.0
2021,2021,11,Najran,3,Total,2,Civil Services,1,Male,19876.0
2021,2021,11,Najran,3,Total,2,Civil Services,2,Female,12395.0
2021,2021,11,Najran,3,Total,2,Civil Services,3,Total,32271.0
2021,2021,11,Najran,3,Total,4,Total,1,Male,123302.0
2021,2021,11,Najran,3,Total,4,Total,2,Female,20677.0
2021,2021,11,Najran,3,Total,4,Total,3,Total,143979.0
2021,2021,12,Al-Baha,1,Saudi,1,GOSI,1,Male,5939.0
2021,2021,12,Al-Baha,1,Saudi,1,GOSI,2,Female,2237.0
2021,2021,12,Al-Baha,1,Saudi,1,GOSI,3,Total,8176.0
2021,2021,12,Al-Baha,1,Saudi,2,Civil Services,1,Male,13907.0
2021,2021,12,Al-Baha,1,Saudi,2,Civil Services,2,Female,11742.0
2021,2021,12,Al-Baha,1,Saudi,2,Civil Services,3,Total,25649.0
2021,2021,12,Al-Baha,1,Saudi,4,Total,1,Male,19846.0
2021,2021,12,Al-Baha,1,Saudi,4,Total,2,Female,13979.0
2021,2021,12,Al-Baha,1,Saudi,4,Total,3,Total,33825.0
2021,2021,12,Al-Baha,2,Non Saudi,1,GOSI,1,Male,28493.0
2021,2021,12,Al-Baha,2,Non Saudi,1,GOSI,2,Female,508.0
2021,2021,12,Al-Baha,2,Non Saudi,1,GOSI,3,Total,29001.0
2021,2021,12,Al-Baha,2,Non Saudi,2,Civil Services,1,Male,565.0
2021,2021,12,Al-Baha,2,Non Saudi,2,Civil Services,2,Female,753.0
2021,2021,12,Al-Baha,2,Non Saudi,2,Civil Services,3,Total,1318.0
2021,2021,12,Al-Baha,2,Non Saudi,4,Total,1,Male,29058.0
2021,2021,12,Al-Baha,2,Non Saudi,4,Total,2,Female,1261.0
2021,2021,12,Al-Baha,2,Non Saudi,4,Total,3,Total,30319.0
2021,2021,12,Al-Baha,3,Total,1,GOSI,1,Male,34432.0
2021,2021,12,Al-Baha,3,Total,1,GOSI,2,Female,2745.0
2021,2021,12,Al-Baha,3,Total,1,GOSI,3,Total,37177.0
2021,2021,12,Al-Baha,3,Total,2,Civil Services,1,Male,14472.0
2021,2021,12,Al-Baha,3,Total,2,Civil Services,2,Female,12495.0
2021,2021,12,Al-Baha,3,Total,2,Civil Services,3,Total,26967.0
2021,2021,12,Al-Baha,3,Total,4,Total,1,Male,48904.0
2021,2021,12,Al-Baha,3,Total,4,Total,2,Female,15240.0
2021,2021,12,Al-Baha,3,Total,4,Total,3,Total,64144.0
2021,2021,13,Al-Jouf,1,Saudi,1,GOSI,1,Male,7738.0
2021,2021,13,Al-Jouf,1,Saudi,1,GOSI,2,Female,3823.0
2021,2021,13,Al-Jouf,1,Saudi,1,GOSI,3,Total,11561.0
2021,2021,13,Al-Jouf,1,Saudi,2,Civil Services,1,Male,17356.0
2021,2021,13,Al-Jouf,1,Saudi,2,Civil Services,2,Female,10982.0
2021,2021,13,Al-Jouf,1,Saudi,2,Civil Services,3,Total,28338.0
2021,2021,13,Al-Jouf,1,Saudi,4,Total,1,Male,25094.0
2021,2021,13,Al-Jouf,1,Saudi,4,Total,2,Female,14805.0
2021,2021,13,Al-Jouf,1,Saudi,4,Total,3,Total,39899.0
2021,2021,13,Al-Jouf,2,Non Saudi,1,GOSI,1,Male,44626.0
2021,2021,13,Al-Jouf,2,Non Saudi,1,GOSI,2,Female,1176.0
2021,2021,13,Al-Jouf,2,Non Saudi,1,GOSI,3,Total,45802.0
2021,2021,13,Al-Jouf,2,Non Saudi,2,Civil Services,1,Male,879.0
2021,2021,13,Al-Jouf,2,Non Saudi,2,Civil Services,2,Female,581.0
2021,2021,13,Al-Jouf,2,Non Saudi,2,Civil Services,3,Total,1460.0
2021,2021,13,Al-Jouf,2,Non Saudi,4,Total,1,Male,45505.0
2021,2021,13,Al-Jouf,2,Non Saudi,4,Total,2,Female,1757.0
2021,2021,13,Al-Jouf,2,Non Saudi,4,Total,3,Total,47262.0
2021,2021,13,Al-Jouf,3,Total,1,GOSI,1,Male,52364.0
2021,2021,13,Al-Jouf,3,Total,1,GOSI,2,Female,4999.0
2021,2021,13,Al-Jouf,3,Total,1,GOSI,3,Total,57363.0
2021,2021,13,Al-Jouf,3,Total,2,Civil Services,1,Male,18235.0
2021,2021,13,Al-Jouf,3,Total,2,Civil Services,2,Female,11563.0
2021,2021,13,Al-Jouf,3,Total,2,Civil Services,3,Total,29798.0
2021,2021,13,Al-Jouf,3,Total,4,Total,1,Male,70599.0
2021,2021,13,Al-Jouf,3,Total,4,Total,2,Female,16562.0
2021,2021,13,Al-Jouf,3,Total,4,Total,3,Total,87161.0
2021,2021,14,Unspecified,1,Saudi,2,Civil Services,1,Male,357.0
2021,2021,14,Unspecified,1,Saudi,2,Civil Services,2,Female,51.0
2021,2021,14,Unspecified,1,Saudi,2,Civil Services,3,Total,408.0
2021,2021,14,Unspecified,1,Saudi,3,Domestic Workers,1,Male,0.0
2021,2021,14,Unspecified,1,Saudi,3,Domestic Workers,2,Female,0.0
2021,2021,14,Unspecified,1,Saudi,3,Domestic Workers,3,Total,0.0
2021,2021,14,Unspecified,1,Saudi,4,Total,1,Male,357.0
2021,2021,14,Unspecified,1,Saudi,4,Total,2,Female,51.0
2021,2021,14,Unspecified,1,Saudi,4,Total,3,Total,408.0
2021,2021,14,Unspecified,2,Non Saudi,2,Civil Services,1,Male,0.0
2021,2021,14,Unspecified,2,Non Saudi,2,Civil Services,2,Female,0.0
2021,2021,14,Unspecified,2,Non Saudi,2,Civil Services,3,Total,0.0
2021,2021,14,Unspecified,2,Non Saudi,3,Domestic Workers,1,Male,2446355.0
2021,2021,14,Unspecified,2,Non Saudi,3,Domestic Workers,2,Female,812013.0
2021,2021,14,Unspecified,2,Non Saudi,3,Domestic Workers,3,Total,3258368.0
2021,2021,14,Unspecified,2,Non Saudi,4,Total,1,Male,0.0
2021,2021,14,Unspecified,2,Non Saudi,4,Total,2,Female,0.0
2021,2021,14,Unspecified,2,Non Saudi,4,Total,3,Total,0.0
2021,2021,14,Unspecified,3,Total,2,Civil Services,1,Male,357.0
2021,2021,14,Unspecified,3,Total,2,Civil Services,2,Female,51.0
2021,2021,14,Unspecified,3,Total,2,Civil Services,3,Total,408.0
2021,2021,14,Unspecified,3,Total,3,Domestic Workers,1,Male,2446355.0
2021,2021,14,Unspecified,3,Total,3,Domestic Workers,2,Female,812013.0
2021,2021,14,Unspecified,3,Total,3,Domestic Workers,3,Total,3258368.0
2021,2021,14,Unspecified,3,Total,4,Total,1,Male,357.0
2021,2021,14,Unspecified,3,Total,4,Total,2,Female,51.0
2021,2021,14,Unspecified,3,Total,4,Total,3,Total,408.0
2021,2021,15,Grand Total,1,Saudi,1,GOSI,1,Male,1469850.0
2021,2021,15,Grand Total,1,Saudi,1,GOSI,2,Female,770962.0
2021,2021,15,Grand Total,1,Saudi,1,GOSI,3,Total,2240812.0
2021,2021,15,Grand Total,1,Saudi,2,Civil Services,1,Male,710470.0
2021,2021,15,Grand Total,1,Saudi,2,Civil Services,2,Female,498775.0
2021,2021,15,Grand Total,1,Saudi,2,Civil Services,3,Total,1209245.0
2021,2021,15,Grand Total,1,Saudi,3,Domestic Workers,1,Male,0.0
2021,2021,15,Grand Total,1,Saudi,3,Domestic Workers,2,Female,0.0
2021,2021,15,Grand Total,1,Saudi,3,Domestic Workers,3,Total,0.0
2021,2021,15,Grand Total,1,Saudi,4,Total,1,Male,2180320.0
2021,2021,15,Grand Total,1,Saudi,4,Total,2,Female,1269737.0
2021,2021,15,Grand Total,1,Saudi,4,Total,3,Total,3450057.0
2021,2021,15,Grand Total,2,Non Saudi,1,GOSI,1,Male,6010505.0
2021,2021,15,Grand Total,2,Non Saudi,1,GOSI,2,Female,279991.0
2021,2021,15,Grand Total,2,Non Saudi,1,GOSI,3,Total,6290496.0
2021,2021,15,Grand Total,2,Non Saudi,2,Civil Services,1,Male,24257.0
2021,2021,15,Grand Total,2,Non Saudi,2,Civil Services,2,Female,22060.0
2021,2021,15,Grand Total,2,Non Saudi,2,Civil Services,3,Total,46317.0
2021,2021,15,Grand Total,2,Non Saudi,3,Domestic Workers,1,Male,2446355.0
2021,2021,15,Grand Total,2,Non Saudi,3,Domestic Workers,2,Female,812013.0
2021,2021,15,Grand Total,2,Non Saudi,3,Domestic Workers,3,Total,3258368.0
2021,2021,15,Grand Total,2,Non Saudi,4,Total,1,Male,8481117.0
2021,2021,15,Grand Total,2,Non Saudi,4,Total,2,Female,1114064.0
2021,2021,15,Grand Total,2,Non Saudi,4,Total,3,Total,9595181.0
2021,2021,15,Grand Total,3,Total,1,GOSI,1,Male,7480355.0
2021,2021,15,Grand Total,3,Total,1,GOSI,2,Female,1050953.0
2021,2021,15,Grand Total,3,Total,1,GOSI,3,Total,8531308.0
2021,2021,15,Grand Total,3,Total,2,Civil Services,1,Male,734727.0
2021,2021,15,Grand Total,3,Total,2,Civil Services,2,Female,520835.0
2021,2021,15,Grand Total,3,Total,2,Civil Services,3,Total,1255562.0
2021,2021,15,Grand Total,3,Total,3,Domestic Workers,1,Male,2446355.0
2021,2021,15,Grand Total,3,Total,3,Domestic Workers,2,Female,812013.0
2021,2021,15,Grand Total,3,Total,3,Domestic Workers,3,Total,3258368.0
2021,2021,15,Grand Total,3,Total,4,Total,1,Male,10661437.0
2021,2021,15,Grand Total,3,Total,4,Total,2,Female,2383801.0
2021,2021,15,Grand Total,3,Total,4,Total,3,Total,13045238.0
2021,2021,16,Outside Kingdom,1,Saudi,2,Civil Services,1,Male,481.0
2021,2021,16,Outside Kingdom,1,Saudi,2,Civil Services,2,Female,88.0
2021,2021,16,Outside Kingdom,1,Saudi,2,Civil Services,3,Total,569.0
2021,2021,16,Outside Kingdom,1,Saudi,4,Total,1,Male,481.0
2021,2021,16,Outside Kingdom,1,Saudi,4,Total,2,Female,88.0
2021,2021,16,Outside Kingdom,1,Saudi,4,Total,3,Total,569.0
2021,2021,16,Outside Kingdom,2,Non Saudi,2,Civil Services,1,Male,6.0
2021,2021,16,Outside Kingdom,2,Non Saudi,2,Civil Services,2,Female,1.0
2021,2021,16,Outside Kingdom,2,Non Saudi,2,Civil Services,3,Total,7.0
2021,2021,16,Outside Kingdom,2,Non Saudi,4,Total,1,Male,6.0
2021,2021,16,Outside Kingdom,2,Non Saudi,4,Total,2,Female,1.0
2021,2021,16,Outside Kingdom,2,Non Saudi,4,Total,3,Total,7.0
2021,2021,16,Outside Kingdom,3,Total,2,Civil Services,1,Male,487.0
2021,2021,16,Outside Kingdom,3,Total,2,Civil Services,2,Female,89.0
2021,2021,16,Outside Kingdom,3,Total,2,Civil Services,3,Total,576.0
2021,2021,16,Outside Kingdom,3,Total,4,Total,1,Male,487.0
2021,2021,16,Outside Kingdom,3,Total,4,Total,2,Female,89.0
2021,2021,16,Outside Kingdom,3,Total,4,Total,3,Total,576.0
2022,2022,1,Al-Riyadh,1,Saudi,1,GOSI,1,Male,714694.0
2022,2022,1,Al-Riyadh,1,Saudi,1,GOSI,2,Female,460249.0
2022,2022,1,Al-Riyadh,1,Saudi,1,GOSI,3,Total,1174943.0
2022,2022,1,Al-Riyadh,1,Saudi,2,Civil Services,1,Male,271844.0
2022,2022,1,Al-Riyadh,1,Saudi,2,Civil Services,2,Female,176830.0
2022,2022,1,Al-Riyadh,1,Saudi,2,Civil Services,3,Total,448674.0
2022,2022,1,Al-Riyadh,1,Saudi,4,Total,1,Male,986538.0
2022,2022,1,Al-Riyadh,1,Saudi,4,Total,2,Female,637079.0
2022,2022,1,Al-Riyadh,1,Saudi,4,Total,3,Total,1623617.0
2022,2022,1,Al-Riyadh,2,Non Saudi,1,GOSI,1,Male,3063632.0
2022,2022,1,Al-Riyadh,2,Non Saudi,1,GOSI,2,Female,177694.0
2022,2022,1,Al-Riyadh,2,Non Saudi,1,GOSI,3,Total,3241326.0
2022,2022,1,Al-Riyadh,2,Non Saudi,2,Civil Services,1,Male,4999.0
2022,2022,1,Al-Riyadh,2,Non Saudi,2,Civil Services,2,Female,4026.0
2022,2022,1,Al-Riyadh,2,Non Saudi,2,Civil Services,3,Total,9025.0
2022,2022,1,Al-Riyadh,2,Non Saudi,4,Total,1,Male,3068631.0
2022,2022,1,Al-Riyadh,2,Non Saudi,4,Total,2,Female,181720.0
2022,2022,1,Al-Riyadh,2,Non Saudi,4,Total,3,Total,3250351.0
2022,2022,1,Al-Riyadh,3,Total,1,GOSI,1,Male,3778326.0
2022,2022,1,Al-Riyadh,3,Total,1,GOSI,2,Female,637943.0
2022,2022,1,Al-Riyadh,3,Total,1,GOSI,3,Total,4416269.0
2022,2022,1,Al-Riyadh,3,Total,2,Civil Services,1,Male,276843.0
2022,2022,1,Al-Riyadh,3,Total,2,Civil Services,2,Female,180856.0
2022,2022,1,Al-Riyadh,3,Total,2,Civil Services,3,Total,457699.0
2022,2022,1,Al-Riyadh,3,Total,4,Total,1,Male,4055169.0
2022,2022,1,Al-Riyadh,3,Total,4,Total,2,Female,818799.0
2022,2022,1,Al-Riyadh,3,Total,4,Total,3,Total,4873968.0
2022,2022,2,Makkah Al-Mokarramah,1,Saudi,1,GOSI,1,Male,286128.0
2022,2022,2,Makkah Al-Mokarramah,1,Saudi,1,GOSI,2,Female,204341.0
2022,2022,2,Makkah Al-Mokarramah,1,Saudi,1,GOSI,3,Total,490469.0
2022,2022,2,Makkah Al-Mokarramah,1,Saudi,2,Civil Services,1,Male,102567.0
2022,2022,2,Makkah Al-Mokarramah,1,Saudi,2,Civil Services,2,Female,75319.0
2022,2022,2,Makkah Al-Mokarramah,1,Saudi,2,Civil Services,3,Total,177886.0
2022,2022,2,Makkah Al-Mokarramah,1,Saudi,4,Total,1,Male,388695.0
2022,2022,2,Makkah Al-Mokarramah,1,Saudi,4,Total,2,Female,279660.0
2022,2022,2,Makkah Al-Mokarramah,1,Saudi,4,Total,3,Total,668355.0
2022,2022,2,Makkah Al-Mokarramah,2,Non Saudi,1,GOSI,1,Male,1317344.0
2022,2022,2,Makkah Al-Mokarramah,2,Non Saudi,1,GOSI,2,Female,54727.0
2022,2022,2,Makkah Al-Mokarramah,2,Non Saudi,1,GOSI,3,Total,1372071.0
2022,2022,2,Makkah Al-Mokarramah,2,Non Saudi,2,Civil Services,1,Male,3641.0
2022,2022,2,Makkah Al-Mokarramah,2,Non Saudi,2,Civil Services,2,Female,3007.0
2022,2022,2,Makkah Al-Mokarramah,2,Non Saudi,2,Civil Services,3,Total,6648.0
2022,2022,2,Makkah Al-Mokarramah,2,Non Saudi,4,Total,1,Male,1320985.0
2022,2022,2,Makkah Al-Mokarramah,2,Non Saudi,4,Total,2,Female,57734.0
2022,2022,2,Makkah Al-Mokarramah,2,Non Saudi,4,Total,3,Total,1378719.0
2022,2022,2,Makkah Al-Mokarramah,3,Total,1,GOSI,1,Male,1603472.0
2022,2022,2,Makkah Al-Mokarramah,3,Total,1,GOSI,2,Female,259068.0
2022,2022,2,Makkah Al-Mokarramah,3,Total,1,GOSI,3,Total,1862540.0
2022,2022,2,Makkah Al-Mokarramah,3,Total,2,Civil Services,1,Male,106208.0
2022,2022,2,Makkah Al-Mokarramah,3,Total,2,Civil Services,2,Female,78326.0
2022,2022,2,Makkah Al-Mokarramah,3,Total,2,Civil Services,3,Total,184534.0
2022,2022,2,Makkah Al-Mokarramah,3,Total,4,Total,1,Male,1709680.0
2022,2022,2,Makkah Al-Mokarramah,3,Total,4,Total,2,Female,337394.0
2022,2022,2,Makkah Al-Mokarramah,3,Total,4,Total,3,Total,2047074.0
2022,2022,3,Al-Madinah Al-Monawarah,1,Saudi,1,GOSI,1,Male,53997.0
2022,2022,3,Al-Madinah Al-Monawarah,1,Saudi,1,GOSI,2,Female,31663.0
2022,2022,3,Al-Madinah Al-Monawarah,1,Saudi,1,GOSI,3,Total,85660.0
2022,2022,3,Al-Madinah Al-Monawarah,1,Saudi,2,Civil Services,1,Male,38873.0
2022,2022,3,Al-Madinah Al-Monawarah,1,Saudi,2,Civil Services,2,Female,29052.0
2022,2022,3,Al-Madinah Al-Monawarah,1,Saudi,2,Civil Services,3,Total,67925.0
2022,2022,3,Al-Madinah Al-Monawarah,1,Saudi,4,Total,1,Male,92870.0
2022,2022,3,Al-Madinah Al-Monawarah,1,Saudi,4,Total,2,Female,60715.0
2022,2022,3,Al-Madinah Al-Monawarah,1,Saudi,4,Total,3,Total,153585.0
2022,2022,3,Al-Madinah Al-Monawarah,2,Non Saudi,1,GOSI,1,Male,245591.0
2022,2022,3,Al-Madinah Al-Monawarah,2,Non Saudi,1,GOSI,2,Female,8646.0
2022,2022,3,Al-Madinah Al-Monawarah,2,Non Saudi,1,GOSI,3,Total,254237.0
2022,2022,3,Al-Madinah Al-Monawarah,2,Non Saudi,2,Civil Services,1,Male,1343.0
2022,2022,3,Al-Madinah Al-Monawarah,2,Non Saudi,2,Civil Services,2,Female,1629.0
2022,2022,3,Al-Madinah Al-Monawarah,2,Non Saudi,2,Civil Services,3,Total,2972.0
2022,2022,3,Al-Madinah Al-Monawarah,2,Non Saudi,4,Total,1,Male,246934.0
2022,2022,3,Al-Madinah Al-Monawarah,2,Non Saudi,4,Total,2,Female,10275.0
2022,2022,3,Al-Madinah Al-Monawarah,2,Non Saudi,4,Total,3,Total,257209.0
2022,2022,3,Al-Madinah Al-Monawarah,3,Total,1,GOSI,1,Male,299588.0
2022,2022,3,Al-Madinah Al-Monawarah,3,Total,1,GOSI,2,Female,40309.0
2022,2022,3,Al-Madinah Al-Monawarah,3,Total,1,GOSI,3,Total,339897.0
2022,2022,3,Al-Madinah Al-Monawarah,3,Total,2,Civil Services,1,Male,40216.0
2022,2022,3,Al-Madinah Al-Monawarah,3,Total,2,Civil Services,2,Female,30681.0
2022,2022,3,Al-Madinah Al-Monawarah,3,Total,2,Civil Services,3,Total,70897.0
2022,2022,3,Al-Madinah Al-Monawarah,3,Total,4,Total,1,Male,339804.0
2022,2022,3,Al-Madinah Al-Monawarah,3,Total,4,Total,2,Female,70990.0
2022,2022,3,Al-Madinah Al-Monawarah,3,Total,4,Total,3,Total,410794.0
2022,2022,4,Al-Qaseem,1,Saudi,1,GOSI,1,Male,39561.0
2022,2022,4,Al-Qaseem,1,Saudi,1,GOSI,2,Female,24896.0
2022,2022,4,Al-Qaseem,1,Saudi,1,GOSI,3,Total,64457.0
2022,2022,4,Al-Qaseem,1,Saudi,2,Civil Services,1,Male,34179.0
2022,2022,4,Al-Qaseem,1,Saudi,2,Civil Services,2,Female,26923.0
2022,2022,4,Al-Qaseem,1,Saudi,2,Civil Services,3,Total,61102.0
2022,2022,4,Al-Qaseem,1,Saudi,4,Total,1,Male,73740.0
2022,2022,4,Al-Qaseem,1,Saudi,4,Total,2,Female,51819.0
2022,2022,4,Al-Qaseem,1,Saudi,4,Total,3,Total,125559.0
2022,2022,4,Al-Qaseem,2,Non Saudi,1,GOSI,1,Male,318952.0
2022,2022,4,Al-Qaseem,2,Non Saudi,1,GOSI,2,Female,8713.0
2022,2022,4,Al-Qaseem,2,Non Saudi,1,GOSI,3,Total,327665.0
2022,2022,4,Al-Qaseem,2,Non Saudi,2,Civil Services,1,Male,1523.0
2022,2022,4,Al-Qaseem,2,Non Saudi,2,Civil Services,2,Female,1672.0
2022,2022,4,Al-Qaseem,2,Non Saudi,2,Civil Services,3,Total,3195.0
2022,2022,4,Al-Qaseem,2,Non Saudi,4,Total,1,Male,320475.0
2022,2022,4,Al-Qaseem,2,Non Saudi,4,Total,2,Female,10385.0
2022,2022,4,Al-Qaseem,2,Non Saudi,4,Total,3,Total,330860.0
2022,2022,4,Al-Qaseem,3,Total,1,GOSI,1,Male,358513.0
2022,2022,4,Al-Qaseem,3,Total,1,GOSI,2,Female,33609.0
2022,2022,4,Al-Qaseem,3,Total,1,GOSI,3,Total,392122.0
2022,2022,4,Al-Qaseem,3,Total,2,Civil Services,1,Male,35702.0
2022,2022,4,Al-Qaseem,3,Total,2,Civil Services,2,Female,28595.0
2022,2022,4,Al-Qaseem,3,Total,2,Civil Services,3,Total,64297.0
2022,2022,4,Al-Qaseem,3,Total,4,Total,1,Male,394215.0
2022,2022,4,Al-Qaseem,3,Total,4,Total,2,Female,62204.0
2022,2022,4,Al-Qaseem,3,Total,4,Total,3,Total,456419.0
2022,2022,5,Eastern Region,1,Saudi,1,GOSI,1,Male,394826.0
2022,2022,5,Eastern Region,1,Saudi,1,GOSI,2,Female,166874.0
2022,2022,5,Eastern Region,1,Saudi,1,GOSI,3,Total,561700.0
2022,2022,5,Eastern Region,1,Saudi,2,Civil Services,1,Male,65511.0
2022,2022,5,Eastern Region,1,Saudi,2,Civil Services,2,Female,50202.0
2022,2022,5,Eastern Region,1,Saudi,2,Civil Services,3,Total,115713.0
2022,2022,5,Eastern Region,1,Saudi,4,Total,1,Male,460337.0
2022,2022,5,Eastern Region,1,Saudi,4,Total,2,Female,217076.0
2022,2022,5,Eastern Region,1,Saudi,4,Total,3,Total,677413.0
2022,2022,5,Eastern Region,2,Non Saudi,1,GOSI,1,Male,1308812.0
2022,2022,5,Eastern Region,2,Non Saudi,1,GOSI,2,Female,44881.0
2022,2022,5,Eastern Region,2,Non Saudi,1,GOSI,3,Total,1353693.0
2022,2022,5,Eastern Region,2,Non Saudi,2,Civil Services,1,Male,3302.0
2022,2022,5,Eastern Region,2,Non Saudi,2,Civil Services,2,Female,2463.0
2022,2022,5,Eastern Region,2,Non Saudi,2,Civil Services,3,Total,5765.0
2022,2022,5,Eastern Region,2,Non Saudi,4,Total,1,Male,1312114.0
2022,2022,5,Eastern Region,2,Non Saudi,4,Total,2,Female,47344.0
2022,2022,5,Eastern Region,2,Non Saudi,4,Total,3,Total,1359458.0
2022,2022,5,Eastern Region,3,Total,1,GOSI,1,Male,1703638.0
2022,2022,5,Eastern Region,3,Total,1,GOSI,2,Female,211755.0
2022,2022,5,Eastern Region,3,Total,1,GOSI,3,Total,1915393.0
2022,2022,5,Eastern Region,3,Total,2,Civil Services,1,Male,68813.0
2022,2022,5,Eastern Region,3,Total,2,Civil Services,2,Female,52665.0
2022,2022,5,Eastern Region,3,Total,2,Civil Services,3,Total,121478.0
2022,2022,5,Eastern Region,3,Total,4,Total,1,Male,1772451.0
2022,2022,5,Eastern Region,3,Total,4,Total,2,Female,264420.0
2022,2022,5,Eastern Region,3,Total,4,Total,3,Total,2036871.0
2022,2022,6,Aseer,1,Saudi,1,GOSI,1,Male,44154.0
2022,2022,6,Aseer,1,Saudi,1,GOSI,2,Female,27266.0
2022,2022,6,Aseer,1,Saudi,1,GOSI,3,Total,71420.0
2022,2022,6,Aseer,1,Saudi,2,Civil Services,1,Male,48974.0
2022,2022,6,Aseer,1,Saudi,2,Civil Services,2,Female,46185.0
2022,2022,6,Aseer,1,Saudi,2,Civil Services,3,Total,95159.0
2022,2022,6,Aseer,1,Saudi,4,Total,1,Male,93128.0
2022,2022,6,Aseer,1,Saudi,4,Total,2,Female,73451.0
2022,2022,6,Aseer,1,Saudi,4,Total,3,Total,166579.0
2022,2022,6,Aseer,2,Non Saudi,1,GOSI,1,Male,238560.0
2022,2022,6,Aseer,2,Non Saudi,1,GOSI,2,Female,12175.0
2022,2022,6,Aseer,2,Non Saudi,1,GOSI,3,Total,250735.0
2022,2022,6,Aseer,2,Non Saudi,2,Civil Services,1,Male,2080.0
2022,2022,6,Aseer,2,Non Saudi,2,Civil Services,2,Female,2183.0
2022,2022,6,Aseer,2,Non Saudi,2,Civil Services,3,Total,4263.0
2022,2022,6,Aseer,2,Non Saudi,4,Total,1,Male,240640.0
2022,2022,6,Aseer,2,Non Saudi,4,Total,2,Female,14358.0
2022,2022,6,Aseer,2,Non Saudi,4,Total,3,Total,254998.0
2022,2022,6,Aseer,3,Total,1,GOSI,1,Male,282714.0
2022,2022,6,Aseer,3,Total,1,GOSI,2,Female,39441.0
2022,2022,6,Aseer,3,Total,1,GOSI,3,Total,322155.0
2022,2022,6,Aseer,3,Total,2,Civil Services,1,Male,51054.0
2022,2022,6,Aseer,3,Total,2,Civil Services,2,Female,48368.0
2022,2022,6,Aseer,3,Total,2,Civil Services,3,Total,99422.0
2022,2022,6,Aseer,3,Total,4,Total,1,Male,333768.0
2022,2022,6,Aseer,3,Total,4,Total,2,Female,87809.0
2022,2022,6,Aseer,3,Total,4,Total,3,Total,421577.0
2022,2022,7,Tabouk,1,Saudi,1,GOSI,1,Male,14408.0
2022,2022,7,Tabouk,1,Saudi,1,GOSI,2,Female,11372.0
2022,2022,7,Tabouk,1,Saudi,1,GOSI,3,Total,25780.0
2022,2022,7,Tabouk,1,Saudi,2,Civil Services,1,Male,19751.0
2022,2022,7,Tabouk,1,Saudi,2,Civil Services,2,Female,15206.0
2022,2022,7,Tabouk,1,Saudi,2,Civil Services,3,Total,34957.0
2022,2022,7,Tabouk,1,Saudi,4,Total,1,Male,34159.0
2022,2022,7,Tabouk,1,Saudi,4,Total,2,Female,26578.0
2022,2022,7,Tabouk,1,Saudi,4,Total,3,Total,60737.0
2022,2022,7,Tabouk,2,Non Saudi,1,GOSI,1,Male,83431.0
2022,2022,7,Tabouk,2,Non Saudi,1,GOSI,2,Female,2764.0
2022,2022,7,Tabouk,2,Non Saudi,1,GOSI,3,Total,86195.0
2022,2022,7,Tabouk,2,Non Saudi,2,Civil Services,1,Male,929.0
2022,2022,7,Tabouk,2,Non Saudi,2,Civil Services,2,Female,663.0
2022,2022,7,Tabouk,2,Non Saudi,2,Civil Services,3,Total,1592.0
2022,2022,7,Tabouk,2,Non Saudi,4,Total,1,Male,84360.0
2022,2022,7,Tabouk,2,Non Saudi,4,Total,2,Female,3427.0
2022,2022,7,Tabouk,2,Non Saudi,4,Total,3,Total,87787.0
2022,2022,7,Tabouk,3,Total,1,GOSI,1,Male,97839.0
2022,2022,7,Tabouk,3,Total,1,GOSI,2,Female,14136.0
2022,2022,7,Tabouk,3,Total,1,GOSI,3,Total,111975.0
2022,2022,7,Tabouk,3,Total,2,Civil Services,1,Male,20680.0
2022,2022,7,Tabouk,3,Total,2,Civil Services,2,Female,15869.0
2022,2022,7,Tabouk,3,Total,2,Civil Services,3,Total,36549.0
2022,2022,7,Tabouk,3,Total,4,Total,1,Male,118519.0
2022,2022,7,Tabouk,3,Total,4,Total,2,Female,30005.0
2022,2022,7,Tabouk,3,Total,4,Total,3,Total,148524.0
2022,2022,8,Hail,1,Saudi,1,GOSI,1,Male,12471.0
2022,2022,8,Hail,1,Saudi,1,GOSI,2,Female,9239.0
2022,2022,8,Hail,1,Saudi,1,GOSI,3,Total,21710.0
2022,2022,8,Hail,1,Saudi,2,Civil Services,1,Male,18212.0
2022,2022,8,Hail,1,Saudi,2,Civil Services,2,Female,14745.0
2022,2022,8,Hail,1,Saudi,2,Civil Services,3,Total,32957.0
2022,2022,8,Hail,1,Saudi,4,Total,1,Male,30683.0
2022,2022,8,Hail,1,Saudi,4,Total,2,Female,23984.0
2022,2022,8,Hail,1,Saudi,4,Total,3,Total,54667.0
2022,2022,8,Hail,2,Non Saudi,1,GOSI,1,Male,100429.0
2022,2022,8,Hail,2,Non Saudi,1,GOSI,2,Female,3615.0
2022,2022,8,Hail,2,Non Saudi,1,GOSI,3,Total,104044.0
2022,2022,8,Hail,2,Non Saudi,2,Civil Services,1,Male,720.0
2022,2022,8,Hail,2,Non Saudi,2,Civil Services,2,Female,709.0
2022,2022,8,Hail,2,Non Saudi,2,Civil Services,3,Total,1429.0
2022,2022,8,Hail,2,Non Saudi,4,Total,1,Male,101149.0
2022,2022,8,Hail,2,Non Saudi,4,Total,2,Female,4324.0
2022,2022,8,Hail,2,Non Saudi,4,Total,3,Total,105473.0
2022,2022,8,Hail,3,Total,1,GOSI,1,Male,112900.0
2022,2022,8,Hail,3,Total,1,GOSI,2,Female,12854.0
2022,2022,8,Hail,3,Total,1,GOSI,3,Total,125754.0
2022,2022,8,Hail,3,Total,2,Civil Services,1,Male,18932.0
2022,2022,8,Hail,3,Total,2,Civil Services,2,Female,15454.0
2022,2022,8,Hail,3,Total,2,Civil Services,3,Total,34386.0
2022,2022,8,Hail,3,Total,4,Total,1,Male,131832.0
2022,2022,8,Hail,3,Total,4,Total,2,Female,28308.0
2022,2022,8,Hail,3,Total,4,Total,3,Total,160140.0
2022,2022,9,Northern Borders,1,Saudi,1,GOSI,1,Male,5451.0
2022,2022,9,Northern Borders,1,Saudi,1,GOSI,2,Female,3795.0
2022,2022,9,Northern Borders,1,Saudi,1,GOSI,3,Total,9246.0
2022,2022,9,Northern Borders,1,Saudi,2,Civil Services,1,Male,11298.0
2022,2022,9,Northern Borders,1,Saudi,2,Civil Services,2,Female,7269.0
2022,2022,9,Northern Borders,1,Saudi,2,Civil Services,3,Total,18567.0
2022,2022,9,Northern Borders,1,Saudi,4,Total,1,Male,16749.0
2022,2022,9,Northern Borders,1,Saudi,4,Total,2,Female,11064.0
2022,2022,9,Northern Borders,1,Saudi,4,Total,3,Total,27813.0
2022,2022,9,Northern Borders,2,Non Saudi,1,GOSI,1,Male,37521.0
2022,2022,9,Northern Borders,2,Non Saudi,1,GOSI,2,Female,997.0
2022,2022,9,Northern Borders,2,Non Saudi,1,GOSI,3,Total,38518.0
2022,2022,9,Northern Borders,2,Non Saudi,2,Civil Services,1,Male,959.0
2022,2022,9,Northern Borders,2,Non Saudi,2,Civil Services,2,Female,749.0
2022,2022,9,Northern Borders,2,Non Saudi,2,Civil Services,3,Total,1708.0
2022,2022,9,Northern Borders,2,Non Saudi,4,Total,1,Male,38480.0
2022,2022,9,Northern Borders,2,Non Saudi,4,Total,2,Female,1746.0
2022,2022,9,Northern Borders,2,Non Saudi,4,Total,3,Total,40226.0
2022,2022,9,Northern Borders,3,Total,1,GOSI,1,Male,42972.0
2022,2022,9,Northern Borders,3,Total,1,GOSI,2,Female,4792.0
2022,2022,9,Northern Borders,3,Total,1,GOSI,3,Total,47764.0
2022,2022,9,Northern Borders,3,Total,2,Civil Services,1,Male,12257.0
2022,2022,9,Northern Borders,3,Total,2,Civil Services,2,Female,8018.0
2022,2022,9,Northern Borders,3,Total,2,Civil Services,3,Total,20275.0
2022,2022,9,Northern Borders,3,Total,4,Total,1,Male,55229.0
2022,2022,9,Northern Borders,3,Total,4,Total,2,Female,12810.0
2022,2022,9,Northern Borders,3,Total,4,Total,3,Total,68039.0
2022,2022,10,Jazan,1,Saudi,1,GOSI,1,Male,17374.0
2022,2022,10,Jazan,1,Saudi,1,GOSI,2,Female,13490.0
2022,2022,10,Jazan,1,Saudi,1,GOSI,3,Total,30864.0
2022,2022,10,Jazan,1,Saudi,2,Civil Services,1,Male,28464.0
2022,2022,10,Jazan,1,Saudi,2,Civil Services,2,Female,24519.0
2022,2022,10,Jazan,1,Saudi,2,Civil Services,3,Total,52983.0
2022,2022,10,Jazan,1,Saudi,4,Total,1,Male,45838.0
2022,2022,10,Jazan,1,Saudi,4,Total,2,Female,38009.0
2022,2022,10,Jazan,1,Saudi,4,Total,3,Total,83847.0
2022,2022,10,Jazan,2,Non Saudi,1,GOSI,1,Male,120932.0
2022,2022,10,Jazan,2,Non Saudi,1,GOSI,2,Female,3808.0
2022,2022,10,Jazan,2,Non Saudi,1,GOSI,3,Total,124740.0
2022,2022,10,Jazan,2,Non Saudi,2,Civil Services,1,Male,1206.0
2022,2022,10,Jazan,2,Non Saudi,2,Civil Services,2,Female,1080.0
2022,2022,10,Jazan,2,Non Saudi,2,Civil Services,3,Total,2286.0
2022,2022,10,Jazan,2,Non Saudi,4,Total,1,Male,122138.0
2022,2022,10,Jazan,2,Non Saudi,4,Total,2,Female,4888.0
2022,2022,10,Jazan,2,Non Saudi,4,Total,3,Total,127026.0
2022,2022,10,Jazan,3,Total,1,GOSI,1,Male,138306.0
2022,2022,10,Jazan,3,Total,1,GOSI,2,Female,17298.0
2022,2022,10,Jazan,3,Total,1,GOSI,3,Total,155604.0
2022,2022,10,Jazan,3,Total,2,Civil Services,1,Male,29670.0
2022,2022,10,Jazan,3,Total,2,Civil Services,2,Female,25599.0
2022,2022,10,Jazan,3,Total,2,Civil Services,3,Total,55269.0
2022,2022,10,Jazan,3,Total,4,Total,1,Male,167976.0
2022,2022,10,Jazan,3,Total,4,Total,2,Female,42897.0
2022,2022,10,Jazan,3,Total,4,Total,3,Total,210873.0
2022,2022,11,Najran,1,Saudi,1,GOSI,1,Male,13027.0
2022,2022,11,Najran,1,Saudi,1,GOSI,2,Female,8344.0
2022,2022,11,Najran,1,Saudi,1,GOSI,3,Total,21371.0
2022,2022,11,Najran,1,Saudi,2,Civil Services,1,Male,18607.0
2022,2022,11,Najran,1,Saudi,2,Civil Services,2,Female,11202.0
2022,2022,11,Najran,1,Saudi,2,Civil Services,3,Total,29809.0
2022,2022,11,Najran,1,Saudi,4,Total,1,Male,31634.0
2022,2022,11,Najran,1,Saudi,4,Total,2,Female,19546.0
2022,2022,11,Najran,1,Saudi,4,Total,3,Total,51180.0
2022,2022,11,Najran,2,Non Saudi,1,GOSI,1,Male,100199.0
2022,2022,11,Najran,2,Non Saudi,1,GOSI,2,Female,1998.0
2022,2022,11,Najran,2,Non Saudi,1,GOSI,3,Total,102197.0
2022,2022,11,Najran,2,Non Saudi,2,Civil Services,1,Male,955.0
2022,2022,11,Najran,2,Non Saudi,2,Civil Services,2,Female,1317.0
2022,2022,11,Najran,2,Non Saudi,2,Civil Services,3,Total,2272.0
2022,2022,11,Najran,2,Non Saudi,4,Total,1,Male,101154.0
2022,2022,11,Najran,2,Non Saudi,4,Total,2,Female,3315.0
2022,2022,11,Najran,2,Non Saudi,4,Total,3,Total,104469.0
2022,2022,11,Najran,3,Total,1,GOSI,1,Male,113226.0
2022,2022,11,Najran,3,Total,1,GOSI,2,Female,10342.0
2022,2022,11,Najran,3,Total,1,GOSI,3,Total,123568.0
2022,2022,11,Najran,3,Total,2,Civil Services,1,Male,19562.0
2022,2022,11,Najran,3,Total,2,Civil Services,2,Female,12519.0
2022,2022,11,Najran,3,Total,2,Civil Services,3,Total,32081.0
2022,2022,11,Najran,3,Total,4,Total,1,Male,132788.0
2022,2022,11,Najran,3,Total,4,Total,2,Female,22861.0
2022,2022,11,Najran,3,Total,4,Total,3,Total,155649.0
2022,2022,12,Al-Baha,1,Saudi,1,GOSI,1,Male,6109.0
2022,2022,12,Al-Baha,1,Saudi,1,GOSI,2,Female,3254.0
2022,2022,12,Al-Baha,1,Saudi,1,GOSI,3,Total,9363.0
2022,2022,12,Al-Baha,1,Saudi,2,Civil Services,1,Male,12936.0
2022,2022,12,Al-Baha,1,Saudi,2,Civil Services,2,Female,11345.0
2022,2022,12,Al-Baha,1,Saudi,2,Civil Services,3,Total,24281.0
2022,2022,12,Al-Baha,1,Saudi,4,Total,1,Male,19045.0
2022,2022,12,Al-Baha,1,Saudi,4,Total,2,Female,14599.0
2022,2022,12,Al-Baha,1,Saudi,4,Total,3,Total,33644.0
2022,2022,12,Al-Baha,2,Non Saudi,1,GOSI,1,Male,31516.0
2022,2022,12,Al-Baha,2,Non Saudi,1,GOSI,2,Female,614.0
2022,2022,12,Al-Baha,2,Non Saudi,1,GOSI,3,Total,32130.0
2022,2022,12,Al-Baha,2,Non Saudi,2,Civil Services,1,Male,508.0
2022,2022,12,Al-Baha,2,Non Saudi,2,Civil Services,2,Female,722.0
2022,2022,12,Al-Baha,2,Non Saudi,2,Civil Services,3,Total,1230.0
2022,2022,12,Al-Baha,2,Non Saudi,4,Total,1,Male,32024.0
2022,2022,12,Al-Baha,2,Non Saudi,4,Total,2,Female,1336.0
2022,2022,12,Al-Baha,2,Non Saudi,4,Total,3,Total,33360.0
2022,2022,12,Al-Baha,3,Total,1,GOSI,1,Male,37625.0
2022,2022,12,Al-Baha,3,Total,1,GOSI,2,Female,3868.0
2022,2022,12,Al-Baha,3,Total,1,GOSI,3,Total,41493.0
2022,2022,12,Al-Baha,3,Total,2,Civil Services,1,Male,13444.0
2022,2022,12,Al-Baha,3,Total,2,Civil Services,2,Female,12067.0
2022,2022,12,Al-Baha,3,Total,2,Civil Services,3,Total,25511.0
2022,2022,12,Al-Baha,3,Total,4,Total,1,Male,51069.0
2022,2022,12,Al-Baha,3,Total,4,Total,2,Female,15935.0
2022,2022,12,Al-Baha,3,Total,4,Total,3,Total,67004.0
2022,2022,13,Al-Jouf,1,Saudi,1,GOSI,1,Male,8885.0
2022,2022,13,Al-Jouf,1,Saudi,1,GOSI,2,Female,5547.0
2022,2022,13,Al-Jouf,1,Saudi,1,GOSI,3,Total,14432.0
2022,2022,13,Al-Jouf,1,Saudi,2,Civil Services,1,Male,16878.0
2022,2022,13,Al-Jouf,1,Saudi,2,Civil Services,2,Female,11280.0
2022,2022,13,Al-Jouf,1,Saudi,2,Civil Services,3,Total,28158.0
2022,2022,13,Al-Jouf,1,Saudi,4,Total,1,Male,25763.0
2022,2022,13,Al-Jouf,1,Saudi,4,Total,2,Female,16827.0
2022,2022,13,Al-Jouf,1,Saudi,4,Total,3,Total,42590.0
2022,2022,13,Al-Jouf,2,Non Saudi,1,GOSI,1,Male,52840.0
2022,2022,13,Al-Jouf,2,Non Saudi,1,GOSI,2,Female,1232.0
2022,2022,13,Al-Jouf,2,Non Saudi,1,GOSI,3,Total,54072.0
2022,2022,13,Al-Jouf,2,Non Saudi,2,Civil Services,1,Male,961.0
2022,2022,13,Al-Jouf,2,Non Saudi,2,Civil Services,2,Female,698.0
2022,2022,13,Al-Jouf,2,Non Saudi,2,Civil Services,3,Total,1659.0
2022,2022,13,Al-Jouf,2,Non Saudi,4,Total,1,Male,53801.0
2022,2022,13,Al-Jouf,2,Non Saudi,4,Total,2,Female,1930.0
2022,2022,13,Al-Jouf,2,Non Saudi,4,Total,3,Total,55731.0
2022,2022,13,Al-Jouf,3,Total,1,GOSI,1,Male,61725.0
2022,2022,13,Al-Jouf,3,Total,1,GOSI,2,Female,6779.0
2022,2022,13,Al-Jouf,3,Total,1,GOSI,3,Total,68504.0
2022,2022,13,Al-Jouf,3,Total,2,Civil Services,1,Male,17839.0
2022,2022,13,Al-Jouf,3,Total,2,Civil Services,2,Female,11978.0
2022,2022,13,Al-Jouf,3,Total,2,Civil Services,3,Total,29817.0
2022,2022,13,Al-Jouf,3,Total,4,Total,1,Male,79564.0
2022,2022,13,Al-Jouf,3,Total,4,Total,2,Female,18757.0
2022,2022,13,Al-Jouf,3,Total,4,Total,3,Total,98321.0
2022,2022,14,Unspecified,1,Saudi,2,Civil Services,1,Male,478.0
2022,2022,14,Unspecified,1,Saudi,2,Civil Services,2,Female,70.0
2022,2022,14,Unspecified,1,Saudi,2,Civil Services,3,Total,548.0
2022,2022,14,Unspecified,1,Saudi,3,Domestic Workers,1,Male,0.0
2022,2022,14,Unspecified,1,Saudi,3,Domestic Workers,2,Female,0.0
2022,2022,14,Unspecified,1,Saudi,3,Domestic Workers,3,Total,0.0
2022,2022,14,Unspecified,1,Saudi,4,Total,1,Male,478.0
2022,2022,14,Unspecified,1,Saudi,4,Total,2,Female,70.0
2022,2022,14,Unspecified,1,Saudi,4,Total,3,Total,548.0
2022,2022,14,Unspecified,2,Non Saudi,2,Civil Services,1,Male,16.0
2022,2022,14,Unspecified,2,Non Saudi,2,Civil Services,2,Female,0.0
2022,2022,14,Unspecified,2,Non Saudi,2,Civil Services,3,Total,16.0
2022,2022,14,Unspecified,2,Non Saudi,3,Domestic Workers,1,Male,2630027.0
2022,2022,14,Unspecified,2,Non Saudi,3,Domestic Workers,2,Female,972012.0
2022,2022,14,Unspecified,2,Non Saudi,3,Domestic Workers,3,Total,3602039.0
2022,2022,14,Unspecified,2,Non Saudi,4,Total,1,Male,16.0
2022,2022,14,Unspecified,2,Non Saudi,4,Total,2,Female,0.0
2022,2022,14,Unspecified,2,Non Saudi,4,Total,3,Total,16.0
2022,2022,14,Unspecified,3,Total,2,Civil Services,1,Male,494.0
2022,2022,14,Unspecified,3,Total,2,Civil Services,2,Female,70.0
2022,2022,14,Unspecified,3,Total,2,Civil Services,3,Total,564.0
2022,2022,14,Unspecified,3,Total,3,Domestic Workers,1,Male,2630027.0
2022,2022,14,Unspecified,3,Total,3,Domestic Workers,2,Female,972012.0
2022,2022,14,Unspecified,3,Total,3,Domestic Workers,3,Total,3602039.0
2022,2022,14,Unspecified,3,Total,4,Total,1,Male,494.0
2022,2022,14,Unspecified,3,Total,4,Total,2,Female,70.0
2022,2022,14,Unspecified,3,Total,4,Total,3,Total,564.0
2022,2022,15,Grand Total,1,Saudi,1,GOSI,1,Male,1611085.0
2022,2022,15,Grand Total,1,Saudi,1,GOSI,2,Female,970330.0
2022,2022,15,Grand Total,1,Saudi,1,GOSI,3,Total,2581415.0
2022,2022,15,Grand Total,1,Saudi,2,Civil Services,1,Male,688985.0
2022,2022,15,Grand Total,1,Saudi,2,Civil Services,2,Female,500231.0
2022,2022,15,Grand Total,1,Saudi,2,Civil Services,3,Total,1189216.0
2022,2022,15,Grand Total,1,Saudi,3,Domestic Workers,1,Male,0.0
2022,2022,15,Grand Total,1,Saudi,3,Domestic Workers,2,Female,0.0
2022,2022,15,Grand Total,1,Saudi,3,Domestic Workers,3,Total,0.0
2022,2022,15,Grand Total,1,Saudi,4,Total,1,Male,2300070.0
2022,2022,15,Grand Total,1,Saudi,4,Total,2,Female,1470561.0
2022,2022,15,Grand Total,1,Saudi,4,Total,3,Total,3770631.0
2022,2022,15,Grand Total,2,Non Saudi,1,GOSI,1,Male,7019759.0
2022,2022,15,Grand Total,2,Non Saudi,1,GOSI,2,Female,321864.0
2022,2022,15,Grand Total,2,Non Saudi,1,GOSI,3,Total,7341623.0
2022,2022,15,Grand Total,2,Non Saudi,2,Civil Services,1,Male,23147.0
2022,2022,15,Grand Total,2,Non Saudi,2,Civil Services,2,Female,20918.0
2022,2022,15,Grand Total,2,Non Saudi,2,Civil Services,3,Total,44065.0
2022,2022,15,Grand Total,2,Non Saudi,3,Domestic Workers,1,Male,2630027.0
2022,2022,15,Grand Total,2,Non Saudi,3,Domestic Workers,2,Female,972012.0
2022,2022,15,Grand Total,2,Non Saudi,3,Domestic Workers,3,Total,3602039.0
2022,2022,15,Grand Total,2,Non Saudi,4,Total,1,Male,9672933.0
2022,2022,15,Grand Total,2,Non Saudi,4,Total,2,Female,1314794.0
2022,2022,15,Grand Total,2,Non Saudi,4,Total,3,Total,10987727.0
2022,2022,15,Grand Total,3,Total,1,GOSI,1,Male,8630844.0
2022,2022,15,Grand Total,3,Total,1,GOSI,2,Female,1292194.0
2022,2022,15,Grand Total,3,Total,1,GOSI,3,Total,9923038.0
2022,2022,15,Grand Total,3,Total,2,Civil Services,1,Male,712132.0
2022,2022,15,Grand Total,3,Total,2,Civil Services,2,Female,521149.0
2022,2022,15,Grand Total,3,Total,2,Civil Services,3,Total,1233281.0
2022,2022,15,Grand Total,3,Total,3,Domestic Workers,1,Male,2630027.0
2022,2022,15,Grand Total,3,Total,3,Domestic Workers,2,Female,972012.0
2022,2022,15,Grand Total,3,Total,3,Domestic Workers,3,Total,3602039.0
2022,2022,15,Grand Total,3,Total,4,Total,1,Male,11973003.0
2022,2022,15,Grand Total,3,Total,4,Total,2,Female,2785355.0
2022,2022,15,Grand Total,3,Total,4,Total,3,Total,14758358.0
2022,2022,16,Outside Kingdom,1,Saudi,2,Civil Services,1,Male,413.0
2022,2022,16,Outside Kingdom,1,Saudi,2,Civil Services,2,Female,84.0
2022,2022,16,Outside Kingdom,1,Saudi,2,Civil Services,3,Total,497.0
2022,2022,16,Outside Kingdom,1,Saudi,4,Total,1,Male,413.0
2022,2022,16,Outside Kingdom,1,Saudi,4,Total,2,Female,84.0
2022,2022,16,Outside Kingdom,1,Saudi,4,Total,3,Total,497.0
2022,2022,16,Outside Kingdom,2,Non Saudi,2,Civil Services,1,Male,5.0
2022,2022,16,Outside Kingdom,2,Non Saudi,2,Civil Services,2,Female,0.0
2022,2022,16,Outside Kingdom,2,Non Saudi,2,Civil Services,3,Total,5.0
2022,2022,16,Outside Kingdom,2,Non Saudi,4,Total,1,Male,5.0
2022,2022,16,Outside Kingdom,2,Non Saudi,4,Total,2,Female,0.0
2022,2022,16,Outside Kingdom,2,Non Saudi,4,Total,3,Total,5.0
2022,2022,16,Outside Kingdom,3,Total,2,Civil Services,1,Male,418.0
2022,2022,16,Outside Kingdom,3,Total,2,Civil Services,2,Female,84.0
2022,2022,16,Outside Kingdom,3,Total,2,Civil Services,3,Total,502.0
2022,2022,16,Outside Kingdom,3,Total,4,Total,1,Male,418.0
2022,2022,16,Outside Kingdom,3,Total,4,Total,2,Female,84.0
2022,2022,16,Outside Kingdom,3,Total,4,Total,3,Total,502.0
2023,2023,1,Al-Riyadh,1,Saudi,1,GOSI,1,Male,760255.0
2023,2023,1,Al-Riyadh,1,Saudi,1,GOSI,2,Female,517107.0
2023,2023,1,Al-Riyadh,1,Saudi,1,GOSI,3,Total,1277362.0
2023,2023,1,Al-Riyadh,1,Saudi,2,Civil Services,1,Male,266213.0
2023,2023,1,Al-Riyadh,1,Saudi,2,Civil Services,2,Female,181162.0
2023,2023,1,Al-Riyadh,1,Saudi,2,Civil Services,3,Total,447375.0
2023,2023,1,Al-Riyadh,1,Saudi,4,Total,1,Male,1026468.0
2023,2023,1,Al-Riyadh,1,Saudi,4,Total,2,Female,698269.0
2023,2023,1,Al-Riyadh,1,Saudi,4,Total,3,Total,1724737.0
2023,2023,1,Al-Riyadh,2,Non Saudi,1,GOSI,1,Male,3551341.0
2023,2023,1,Al-Riyadh,2,Non Saudi,1,GOSI,2,Female,199134.0
2023,2023,1,Al-Riyadh,2,Non Saudi,1,GOSI,3,Total,3750475.0
2023,2023,1,Al-Riyadh,2,Non Saudi,2,Civil Services,1,Male,4729.0
2023,2023,1,Al-Riyadh,2,Non Saudi,2,Civil Services,2,Female,3870.0
2023,2023,1,Al-Riyadh,2,Non Saudi,2,Civil Services,3,Total,8599.0
2023,2023,1,Al-Riyadh,2,Non Saudi,4,Total,1,Male,3556070.0
2023,2023,1,Al-Riyadh,2,Non Saudi,4,Total,2,Female,203004.0
2023,2023,1,Al-Riyadh,2,Non Saudi,4,Total,3,Total,3759074.0
2023,2023,1,Al-Riyadh,3,Total,1,GOSI,1,Male,4311596.0
2023,2023,1,Al-Riyadh,3,Total,1,GOSI,2,Female,716241.0
2023,2023,1,Al-Riyadh,3,Total,1,GOSI,3,Total,5027837.0
2023,2023,1,Al-Riyadh,3,Total,2,Civil Services,1,Male,270942.0
2023,2023,1,Al-Riyadh,3,Total,2,Civil Services,2,Female,185032.0
2023,2023,1,Al-Riyadh,3,Total,2,Civil Services,3,Total,455974.0
2023,2023,1,Al-Riyadh,3,Total,4,Total,1,Male,4582538.0
2023,2023,1,Al-Riyadh,3,Total,4,Total,2,Female,901273.0
2023,2023,1,Al-Riyadh,3,Total,4,Total,3,Total,5483811.0
2023,2023,2,Makkah Al-Mokarramah,1,Saudi,1,GOSI,1,Male,285949.0
2023,2023,2,Makkah Al-Mokarramah,1,Saudi,1,GOSI,2,Female,222198.0
2023,2023,2,Makkah Al-Mokarramah,1,Saudi,1,GOSI,3,Total,508147.0
2023,2023,2,Makkah Al-Mokarramah,1,Saudi,2,Civil Services,1,Male,99239.0
2023,2023,2,Makkah Al-Mokarramah,1,Saudi,2,Civil Services,2,Female,75911.0
2023,2023,2,Makkah Al-Mokarramah,1,Saudi,2,Civil Services,3,Total,175150.0
2023,2023,2,Makkah Al-Mokarramah,1,Saudi,4,Total,1,Male,385188.0
2023,2023,2,Makkah Al-Mokarramah,1,Saudi,4,Total,2,Female,298109.0
2023,2023,2,Makkah Al-Mokarramah,1,Saudi,4,Total,3,Total,683297.0
2023,2023,2,Makkah Al-Mokarramah,2,Non Saudi,1,GOSI,1,Male,1389073.0
2023,2023,2,Makkah Al-Mokarramah,2,Non Saudi,1,GOSI,2,Female,60470.0
2023,2023,2,Makkah Al-Mokarramah,2,Non Saudi,1,GOSI,3,Total,1449543.0
2023,2023,2,Makkah Al-Mokarramah,2,Non Saudi,2,Civil Services,1,Male,3427.0
2023,2023,2,Makkah Al-Mokarramah,2,Non Saudi,2,Civil Services,2,Female,2802.0
2023,2023,2,Makkah Al-Mokarramah,2,Non Saudi,2,Civil Services,3,Total,6229.0
2023,2023,2,Makkah Al-Mokarramah,2,Non Saudi,4,Total,1,Male,1392500.0
2023,2023,2,Makkah Al-Mokarramah,2,Non Saudi,4,Total,2,Female,63272.0
2023,2023,2,Makkah Al-Mokarramah,2,Non Saudi,4,Total,3,Total,1455772.0
2023,2023,2,Makkah Al-Mokarramah,3,Total,1,GOSI,1,Male,1675022.0
2023,2023,2,Makkah Al-Mokarramah,3,Total,1,GOSI,2,Female,282668.0
2023,2023,2,Makkah Al-Mokarramah,3,Total,1,GOSI,3,Total,1957690.0
2023,2023,2,Makkah Al-Mokarramah,3,Total,2,Civil Services,1,Male,102666.0
2023,2023,2,Makkah Al-Mokarramah,3,Total,2,Civil Services,2,Female,78713.0
2023,2023,2,Makkah Al-Mokarramah,3,Total,2,Civil Services,3,Total,181379.0
2023,2023,2,Makkah Al-Mokarramah,3,Total,4,Total,1,Male,1777688.0
2023,2023,2,Makkah Al-Mokarramah,3,Total,4,Total,2,Female,361381.0
2023,2023,2,Makkah Al-Mokarramah,3,Total,4,Total,3,Total,2139069.0
2023,2023,3,Al-Madinah Al-Monawarah,1,Saudi,1,GOSI,1,Male,54390.0
2023,2023,3,Al-Madinah Al-Monawarah,1,Saudi,1,GOSI,2,Female,34701.0
2023,2023,3,Al-Madinah Al-Monawarah,1,Saudi,1,GOSI,3,Total,89091.0
2023,2023,3,Al-Madinah Al-Monawarah,1,Saudi,2,Civil Services,1,Male,37629.0
2023,2023,3,Al-Madinah Al-Monawarah,1,Saudi,2,Civil Services,2,Female,29096.0
2023,2023,3,Al-Madinah Al-Monawarah,1,Saudi,2,Civil Services,3,Total,66725.0
2023,2023,3,Al-Madinah Al-Monawarah,1,Saudi,4,Total,1,Male,92019.0
2023,2023,3,Al-Madinah Al-Monawarah,1,Saudi,4,Total,2,Female,63797.0
2023,2023,3,Al-Madinah Al-Monawarah,1,Saudi,4,Total,3,Total,155816.0
2023,2023,3,Al-Madinah Al-Monawarah,2,Non Saudi,1,GOSI,1,Male,261222.0
2023,2023,3,Al-Madinah Al-Monawarah,2,Non Saudi,1,GOSI,2,Female,10391.0
2023,2023,3,Al-Madinah Al-Monawarah,2,Non Saudi,1,GOSI,3,Total,271613.0
2023,2023,3,Al-Madinah Al-Monawarah,2,Non Saudi,2,Civil Services,1,Male,1215.0
2023,2023,3,Al-Madinah Al-Monawarah,2,Non Saudi,2,Civil Services,2,Female,1437.0
2023,2023,3,Al-Madinah Al-Monawarah,2,Non Saudi,2,Civil Services,3,Total,2652.0
2023,2023,3,Al-Madinah Al-Monawarah,2,Non Saudi,4,Total,1,Male,262437.0
2023,2023,3,Al-Madinah Al-Monawarah,2,Non Saudi,4,Total,2,Female,11828.0
2023,2023,3,Al-Madinah Al-Monawarah,2,Non Saudi,4,Total,3,Total,274265.0
2023,2023,3,Al-Madinah Al-Monawarah,3,Total,1,GOSI,1,Male,315612.0
2023,2023,3,Al-Madinah Al-Monawarah,3,Total,1,GOSI,2,Female,45092.0
2023,2023,3,Al-Madinah Al-Monawarah,3,Total,1,GOSI,3,Total,360704.0
2023,2023,3,Al-Madinah Al-Monawarah,3,Total,2,Civil Services,1,Male,38844.0
2023,2023,3,Al-Madinah Al-Monawarah,3,Total,2,Civil Services,2,Female,30533.0
2023,2023,3,Al-Madinah Al-Monawarah,3,Total,2,Civil Services,3,Total,69377.0
2023,2023,3,Al-Madinah Al-Monawarah,3,Total,4,Total,1,Male,354456.0
2023,2023,3,Al-Madinah Al-Monawarah,3,Total,4,Total,2,Female,75625.0
2023,2023,3,Al-Madinah Al-Monawarah,3,Total,4,Total,3,Total,430081.0
2023,2023,4,Al-Qaseem,1,Saudi,1,GOSI,1,Male,38757.0
2023,2023,4,Al-Qaseem,1,Saudi,1,GOSI,2,Female,27238.0
2023,2023,4,Al-Qaseem,1,Saudi,1,GOSI,3,Total,65995.0
2023,2023,4,Al-Qaseem,1,Saudi,2,Civil Services,1,Male,33456.0
2023,2023,4,Al-Qaseem,1,Saudi,2,Civil Services,2,Female,27132.0
2023,2023,4,Al-Qaseem,1,Saudi,2,Civil Services,3,Total,60588.0
2023,2023,4,Al-Qaseem,1,Saudi,4,Total,1,Male,72213.0
2023,2023,4,Al-Qaseem,1,Saudi,4,Total,2,Female,54370.0
2023,2023,4,Al-Qaseem,1,Saudi,4,Total,3,Total,126583.0
2023,2023,4,Al-Qaseem,2,Non Saudi,1,GOSI,1,Male,321494.0
2023,2023,4,Al-Qaseem,2,Non Saudi,1,GOSI,2,Female,9623.0
2023,2023,4,Al-Qaseem,2,Non Saudi,1,GOSI,3,Total,331117.0
2023,2023,4,Al-Qaseem,2,Non Saudi,2,Civil Services,1,Male,1408.0
2023,2023,4,Al-Qaseem,2,Non Saudi,2,Civil Services,2,Female,1512.0
2023,2023,4,Al-Qaseem,2,Non Saudi,2,Civil Services,3,Total,2920.0
2023,2023,4,Al-Qaseem,2,Non Saudi,4,Total,1,Male,322902.0
2023,2023,4,Al-Qaseem,2,Non Saudi,4,Total,2,Female,11135.0
2023,2023,4,Al-Qaseem,2,Non Saudi,4,Total,3,Total,334037.0
2023,2023,4,Al-Qaseem,3,Total,1,GOSI,1,Male,360251.0
2023,2023,4,Al-Qaseem,3,Total,1,GOSI,2,Female,36861.0
2023,2023,4,Al-Qaseem,3,Total,1,GOSI,3,Total,397112.0
2023,2023,4,Al-Qaseem,3,Total,2,Civil Services,1,Male,34864.0
2023,2023,4,Al-Qaseem,3,Total,2,Civil Services,2,Female,28644.0
2023,2023,4,Al-Qaseem,3,Total,2,Civil Services,3,Total,63508.0
2023,2023,4,Al-Qaseem,3,Total,4,Total,1,Male,395115.0
2023,2023,4,Al-Qaseem,3,Total,4,Total,2,Female,65505.0
2023,2023,4,Al-Qaseem,3,Total,4,Total,3,Total,460620.0
2023,2023,5,Eastern Region,1,Saudi,1,GOSI,1,Male,405990.0
2023,2023,5,Eastern Region,1,Saudi,1,GOSI,2,Female,184332.0
2023,2023,5,Eastern Region,1,Saudi,1,GOSI,3,Total,590322.0
2023,2023,5,Eastern Region,1,Saudi,2,Civil Services,1,Male,63175.0
2023,2023,5,Eastern Region,1,Saudi,2,Civil Services,2,Female,50884.0
2023,2023,5,Eastern Region,1,Saudi,2,Civil Services,3,Total,114059.0
2023,2023,5,Eastern Region,1,Saudi,4,Total,1,Male,469165.0
2023,2023,5,Eastern Region,1,Saudi,4,Total,2,Female,235216.0
2023,2023,5,Eastern Region,1,Saudi,4,Total,3,Total,704381.0
2023,2023,5,Eastern Region,2,Non Saudi,1,GOSI,1,Male,1413286.0
2023,2023,5,Eastern Region,2,Non Saudi,1,GOSI,2,Female,50239.0
2023,2023,5,Eastern Region,2,Non Saudi,1,GOSI,3,Total,1463525.0
2023,2023,5,Eastern Region,2,Non Saudi,2,Civil Services,1,Male,3106.0
2023,2023,5,Eastern Region,2,Non Saudi,2,Civil Services,2,Female,2304.0
2023,2023,5,Eastern Region,2,Non Saudi,2,Civil Services,3,Total,5410.0
2023,2023,5,Eastern Region,2,Non Saudi,4,Total,1,Male,1416392.0
2023,2023,5,Eastern Region,2,Non Saudi,4,Total,2,Female,52543.0
2023,2023,5,Eastern Region,2,Non Saudi,4,Total,3,Total,1468935.0
2023,2023,5,Eastern Region,3,Total,1,GOSI,1,Male,1819276.0
2023,2023,5,Eastern Region,3,Total,1,GOSI,2,Female,234571.0
2023,2023,5,Eastern Region,3,Total,1,GOSI,3,Total,2053847.0
2023,2023,5,Eastern Region,3,Total,2,Civil Services,1,Male,66281.0
2023,2023,5,Eastern Region,3,Total,2,Civil Services,2,Female,53188.0
2023,2023,5,Eastern Region,3,Total,2,Civil Services,3,Total,119469.0
2023,2023,5,Eastern Region,3,Total,4,Total,1,Male,1885557.0
2023,2023,5,Eastern Region,3,Total,4,Total,2,Female,287759.0
2023,2023,5,Eastern Region,3,Total,4,Total,3,Total,2173316.0
2023,2023,6,Aseer,1,Saudi,1,GOSI,1,Male,41064.0
2023,2023,6,Aseer,1,Saudi,1,GOSI,2,Female,29566.0
2023,2023,6,Aseer,1,Saudi,1,GOSI,3,Total,70630.0
2023,2023,6,Aseer,1,Saudi,2,Civil Services,1,Male,47909.0
2023,2023,6,Aseer,1,Saudi,2,Civil Services,2,Female,45770.0
2023,2023,6,Aseer,1,Saudi,2,Civil Services,3,Total,93679.0
2023,2023,6,Aseer,1,Saudi,4,Total,1,Male,88973.0
2023,2023,6,Aseer,1,Saudi,4,Total,2,Female,75336.0
2023,2023,6,Aseer,1,Saudi,4,Total,3,Total,164309.0
2023,2023,6,Aseer,2,Non Saudi,1,GOSI,1,Male,246162.0
2023,2023,6,Aseer,2,Non Saudi,1,GOSI,2,Female,13940.0
2023,2023,6,Aseer,2,Non Saudi,1,GOSI,3,Total,260102.0
2023,2023,6,Aseer,2,Non Saudi,2,Civil Services,1,Male,1963.0
2023,2023,6,Aseer,2,Non Saudi,2,Civil Services,2,Female,2039.0
2023,2023,6,Aseer,2,Non Saudi,2,Civil Services,3,Total,4002.0
2023,2023,6,Aseer,2,Non Saudi,4,Total,1,Male,248125.0
2023,2023,6,Aseer,2,Non Saudi,4,Total,2,Female,15979.0
2023,2023,6,Aseer,2,Non Saudi,4,Total,3,Total,264104.0
2023,2023,6,Aseer,3,Total,1,GOSI,1,Male,287226.0
2023,2023,6,Aseer,3,Total,1,GOSI,2,Female,43506.0
2023,2023,6,Aseer,3,Total,1,GOSI,3,Total,330732.0
2023,2023,6,Aseer,3,Total,2,Civil Services,1,Male,49872.0
2023,2023,6,Aseer,3,Total,2,Civil Services,2,Female,47809.0
2023,2023,6,Aseer,3,Total,2,Civil Services,3,Total,97681.0
2023,2023,6,Aseer,3,Total,4,Total,1,Male,337098.0
2023,2023,6,Aseer,3,Total,4,Total,2,Female,91315.0
2023,2023,6,Aseer,3,Total,4,Total,3,Total,428413.0
2023,2023,7,Tabouk,1,Saudi,1,GOSI,1,Male,14229.0
2023,2023,7,Tabouk,1,Saudi,1,GOSI,2,Female,12565.0
2023,2023,7,Tabouk,1,Saudi,1,GOSI,3,Total,26794.0
2023,2023,7,Tabouk,1,Saudi,2,Civil Services,1,Male,19373.0
2023,2023,7,Tabouk,1,Saudi,2,Civil Services,2,Female,15061.0
2023,2023,7,Tabouk,1,Saudi,2,Civil Services,3,Total,34434.0
2023,2023,7,Tabouk,1,Saudi,4,Total,1,Male,33602.0
2023,2023,7,Tabouk,1,Saudi,4,Total,2,Female,27626.0
2023,2023,7,Tabouk,1,Saudi,4,Total,3,Total,61228.0
2023,2023,7,Tabouk,2,Non Saudi,1,GOSI,1,Male,90238.0
2023,2023,7,Tabouk,2,Non Saudi,1,GOSI,2,Female,2914.0
2023,2023,7,Tabouk,2,Non Saudi,1,GOSI,3,Total,93152.0
2023,2023,7,Tabouk,2,Non Saudi,2,Civil Services,1,Male,888.0
2023,2023,7,Tabouk,2,Non Saudi,2,Civil Services,2,Female,622.0
2023,2023,7,Tabouk,2,Non Saudi,2,Civil Services,3,Total,1510.0
2023,2023,7,Tabouk,2,Non Saudi,4,Total,1,Male,91126.0
2023,2023,7,Tabouk,2,Non Saudi,4,Total,2,Female,3536.0
2023,2023,7,Tabouk,2,Non Saudi,4,Total,3,Total,94662.0
2023,2023,7,Tabouk,3,Total,1,GOSI,1,Male,104467.0
2023,2023,7,Tabouk,3,Total,1,GOSI,2,Female,15479.0
2023,2023,7,Tabouk,3,Total,1,GOSI,3,Total,119946.0
2023,2023,7,Tabouk,3,Total,2,Civil Services,1,Male,20261.0
2023,2023,7,Tabouk,3,Total,2,Civil Services,2,Female,15683.0
2023,2023,7,Tabouk,3,Total,2,Civil Services,3,Total,35944.0
2023,2023,7,Tabouk,3,Total,4,Total,1,Male,124728.0
2023,2023,7,Tabouk,3,Total,4,Total,2,Female,31162.0
2023,2023,7,Tabouk,3,Total,4,Total,3,Total,155890.0
2023,2023,8,Hail,1,Saudi,1,GOSI,1,Male,11701.0
2023,2023,8,Hail,1,Saudi,1,GOSI,2,Female,10174.0
2023,2023,8,Hail,1,Saudi,1,GOSI,3,Total,21875.0
2023,2023,8,Hail,1,Saudi,2,Civil Services,1,Male,17756.0
2023,2023,8,Hail,1,Saudi,2,Civil Services,2,Female,14548.0
2023,2023,8,Hail,1,Saudi,2,Civil Services,3,Total,32304.0
2023,2023,8,Hail,1,Saudi,4,Total,1,Male,29457.0
2023,2023,8,Hail,1,Saudi,4,Total,2,Female,24722.0
2023,2023,8,Hail,1,Saudi,4,Total,3,Total,54179.0
2023,2023,8,Hail,2,Non Saudi,1,GOSI,1,Male,111598.0
2023,2023,8,Hail,2,Non Saudi,1,GOSI,2,Female,3672.0
2023,2023,8,Hail,2,Non Saudi,1,GOSI,3,Total,115270.0
2023,2023,8,Hail,2,Non Saudi,2,Civil Services,1,Male,704.0
2023,2023,8,Hail,2,Non Saudi,2,Civil Services,2,Female,690.0
2023,2023,8,Hail,2,Non Saudi,2,Civil Services,3,Total,1394.0
2023,2023,8,Hail,2,Non Saudi,4,Total,1,Male,112302.0
2023,2023,8,Hail,2,Non Saudi,4,Total,2,Female,4362.0
2023,2023,8,Hail,2,Non Saudi,4,Total,3,Total,116664.0
2023,2023,8,Hail,3,Total,1,GOSI,1,Male,123299.0
2023,2023,8,Hail,3,Total,1,GOSI,2,Female,13846.0
2023,2023,8,Hail,3,Total,1,GOSI,3,Total,137145.0
2023,2023,8,Hail,3,Total,2,Civil Services,1,Male,18460.0
2023,2023,8,Hail,3,Total,2,Civil Services,2,Female,15238.0
2023,2023,8,Hail,3,Total,2,Civil Services,3,Total,33698.0
2023,2023,8,Hail,3,Total,4,Total,1,Male,141759.0
2023,2023,8,Hail,3,Total,4,Total,2,Female,29084.0
2023,2023,8,Hail,3,Total,4,Total,3,Total,170843.0
2023,2023,9,Northern Borders,1,Saudi,1,GOSI,1,Male,5238.0
2023,2023,9,Northern Borders,1,Saudi,1,GOSI,2,Female,4224.0
2023,2023,9,Northern Borders,1,Saudi,1,GOSI,3,Total,9462.0
2023,2023,9,Northern Borders,1,Saudi,2,Civil Services,1,Male,10994.0
2023,2023,9,Northern Borders,1,Saudi,2,Civil Services,2,Female,7372.0
2023,2023,9,Northern Borders,1,Saudi,2,Civil Services,3,Total,18366.0
2023,2023,9,Northern Borders,1,Saudi,4,Total,1,Male,16232.0
2023,2023,9,Northern Borders,1,Saudi,4,Total,2,Female,11596.0
2023,2023,9,Northern Borders,1,Saudi,4,Total,3,Total,27828.0
2023,2023,9,Northern Borders,2,Non Saudi,1,GOSI,1,Male,39349.0
2023,2023,9,Northern Borders,2,Non Saudi,1,GOSI,2,Female,1492.0
2023,2023,9,Northern Borders,2,Non Saudi,1,GOSI,3,Total,40841.0
2023,2023,9,Northern Borders,2,Non Saudi,2,Civil Services,1,Male,917.0
2023,2023,9,Northern Borders,2,Non Saudi,2,Civil Services,2,Female,715.0
2023,2023,9,Northern Borders,2,Non Saudi,2,Civil Services,3,Total,1632.0
2023,2023,9,Northern Borders,2,Non Saudi,4,Total,1,Male,40266.0
2023,2023,9,Northern Borders,2,Non Saudi,4,Total,2,Female,2207.0
2023,2023,9,Northern Borders,2,Non Saudi,4,Total,3,Total,42473.0
2023,2023,9,Northern Borders,3,Total,1,GOSI,1,Male,44587.0
2023,2023,9,Northern Borders,3,Total,1,GOSI,2,Female,5716.0
2023,2023,9,Northern Borders,3,Total,1,GOSI,3,Total,50303.0
2023,2023,9,Northern Borders,3,Total,2,Civil Services,1,Male,11911.0
2023,2023,9,Northern Borders,3,Total,2,Civil Services,2,Female,8087.0
2023,2023,9,Northern Borders,3,Total,2,Civil Services,3,Total,19998.0
2023,2023,9,Northern Borders,3,Total,4,Total,1,Male,56498.0
2023,2023,9,Northern Borders,3,Total,4,Total,2,Female,13803.0
2023,2023,9,Northern Borders,3,Total,4,Total,3,Total,70301.0
2023,2023,10,Jazan,1,Saudi,1,GOSI,1,Male,16996.0
2023,2023,10,Jazan,1,Saudi,1,GOSI,2,Female,15153.0
2023,2023,10,Jazan,1,Saudi,1,GOSI,3,Total,32149.0
2023,2023,10,Jazan,1,Saudi,2,Civil Services,1,Male,27625.0
2023,2023,10,Jazan,1,Saudi,2,Civil Services,2,Female,24368.0
2023,2023,10,Jazan,1,Saudi,2,Civil Services,3,Total,51993.0
2023,2023,10,Jazan,1,Saudi,4,Total,1,Male,44621.0
2023,2023,10,Jazan,1,Saudi,4,Total,2,Female,39521.0
2023,2023,10,Jazan,1,Saudi,4,Total,3,Total,84142.0
2023,2023,10,Jazan,2,Non Saudi,1,GOSI,1,Male,128793.0
2023,2023,10,Jazan,2,Non Saudi,1,GOSI,2,Female,4083.0
2023,2023,10,Jazan,2,Non Saudi,1,GOSI,3,Total,132876.0
2023,2023,10,Jazan,2,Non Saudi,2,Civil Services,1,Male,1084.0
2023,2023,10,Jazan,2,Non Saudi,2,Civil Services,2,Female,991.0
2023,2023,10,Jazan,2,Non Saudi,2,Civil Services,3,Total,2075.0
2023,2023,10,Jazan,2,Non Saudi,4,Total,1,Male,129877.0
2023,2023,10,Jazan,2,Non Saudi,4,Total,2,Female,5074.0
2023,2023,10,Jazan,2,Non Saudi,4,Total,3,Total,134951.0
2023,2023,10,Jazan,3,Total,1,GOSI,1,Male,145789.0
2023,2023,10,Jazan,3,Total,1,GOSI,2,Female,19236.0
2023,2023,10,Jazan,3,Total,1,GOSI,3,Total,165025.0
2023,2023,10,Jazan,3,Total,2,Civil Services,1,Male,28709.0
2023,2023,10,Jazan,3,Total,2,Civil Services,2,Female,25359.0
2023,2023,10,Jazan,3,Total,2,Civil Services,3,Total,54068.0
2023,2023,10,Jazan,3,Total,4,Total,1,Male,174498.0
2023,2023,10,Jazan,3,Total,4,Total,2,Female,44595.0
2023,2023,10,Jazan,3,Total,4,Total,3,Total,219093.0
2023,2023,11,Najran,1,Saudi,1,GOSI,1,Male,13031.0
2023,2023,11,Najran,1,Saudi,1,GOSI,2,Female,9680.0
2023,2023,11,Najran,1,Saudi,1,GOSI,3,Total,22711.0
2023,2023,11,Najran,1,Saudi,2,Civil Services,1,Male,18264.0
2023,2023,11,Najran,1,Saudi,2,Civil Services,2,Female,11074.0
2023,2023,11,Najran,1,Saudi,2,Civil Services,3,Total,29338.0
2023,2023,11,Najran,1,Saudi,4,Total,1,Male,31295.0
2023,2023,11,Najran,1,Saudi,4,Total,2,Female,20754.0
2023,2023,11,Najran,1,Saudi,4,Total,3,Total,52049.0
2023,2023,11,Najran,2,Non Saudi,1,GOSI,1,Male,103624.0
2023,2023,11,Najran,2,Non Saudi,1,GOSI,2,Female,2346.0
2023,2023,11,Najran,2,Non Saudi,1,GOSI,3,Total,105970.0
2023,2023,11,Najran,2,Non Saudi,2,Civil Services,1,Male,925.0
2023,2023,11,Najran,2,Non Saudi,2,Civil Services,2,Female,1294.0
2023,2023,11,Najran,2,Non Saudi,2,Civil Services,3,Total,2219.0
2023,2023,11,Najran,2,Non Saudi,4,Total,1,Male,104549.0
2023,2023,11,Najran,2,Non Saudi,4,Total,2,Female,3640.0
2023,2023,11,Najran,2,Non Saudi,4,Total,3,Total,108189.0
2023,2023,11,Najran,3,Total,1,GOSI,1,Male,116655.0
2023,2023,11,Najran,3,Total,1,GOSI,2,Female,12026.0
2023,2023,11,Najran,3,Total,1,GOSI,3,Total,128681.0
2023,2023,11,Najran,3,Total,2,Civil Services,1,Male,19189.0
2023,2023,11,Najran,3,Total,2,Civil Services,2,Female,12368.0
2023,2023,11,Najran,3,Total,2,Civil Services,3,Total,31557.0
2023,2023,11,Najran,3,Total,4,Total,1,Male,135844.0
2023,2023,11,Najran,3,Total,4,Total,2,Female,24394.0
2023,2023,11,Najran,3,Total,4,Total,3,Total,160238.0
2023,2023,12,Al-Baha,1,Saudi,1,GOSI,1,Male,5689.0
2023,2023,12,Al-Baha,1,Saudi,1,GOSI,2,Female,3708.0
2023,2023,12,Al-Baha,1,Saudi,1,GOSI,3,Total,9397.0
2023,2023,12,Al-Baha,1,Saudi,2,Civil Services,1,Male,12585.0
2023,2023,12,Al-Baha,1,Saudi,2,Civil Services,2,Female,11470.0
2023,2023,12,Al-Baha,1,Saudi,2,Civil Services,3,Total,24055.0
2023,2023,12,Al-Baha,1,Saudi,4,Total,1,Male,18274.0
2023,2023,12,Al-Baha,1,Saudi,4,Total,2,Female,15178.0
2023,2023,12,Al-Baha,1,Saudi,4,Total,3,Total,33452.0
2023,2023,12,Al-Baha,2,Non Saudi,1,GOSI,1,Male,33809.0
2023,2023,12,Al-Baha,2,Non Saudi,1,GOSI,2,Female,640.0
2023,2023,12,Al-Baha,2,Non Saudi,1,GOSI,3,Total,34449.0
2023,2023,12,Al-Baha,2,Non Saudi,2,Civil Services,1,Male,500.0
2023,2023,12,Al-Baha,2,Non Saudi,2,Civil Services,2,Female,712.0
2023,2023,12,Al-Baha,2,Non Saudi,2,Civil Services,3,Total,1212.0
2023,2023,12,Al-Baha,2,Non Saudi,4,Total,1,Male,34309.0
2023,2023,12,Al-Baha,2,Non Saudi,4,Total,2,Female,1352.0
2023,2023,12,Al-Baha,2,Non Saudi,4,Total,3,Total,35661.0
2023,2023,12,Al-Baha,3,Total,1,GOSI,1,Male,39498.0
2023,2023,12,Al-Baha,3,Total,1,GOSI,2,Female,4348.0
2023,2023,12,Al-Baha,3,Total,1,GOSI,3,Total,43846.0
2023,2023,12,Al-Baha,3,Total,2,Civil Services,1,Male,13085.0
2023,2023,12,Al-Baha,3,Total,2,Civil Services,2,Female,12182.0
2023,2023,12,Al-Baha,3,Total,2,Civil Services,3,Total,25267.0
2023,2023,12,Al-Baha,3,Total,4,Total,1,Male,52583.0
2023,2023,12,Al-Baha,3,Total,4,Total,2,Female,16530.0
2023,2023,12,Al-Baha,3,Total,4,Total,3,Total,69113.0
2023,2023,13,Al-Jouf,1,Saudi,1,GOSI,1,Male,8323.0
2023,2023,13,Al-Jouf,1,Saudi,1,GOSI,2,Female,6172.0
2023,2023,13,Al-Jouf,1,Saudi,1,GOSI,3,Total,14495.0
2023,2023,13,Al-Jouf,1,Saudi,2,Civil Services,1,Male,16342.0
2023,2023,13,Al-Jouf,1,Saudi,2,Civil Services,2,Female,11414.0
2023,2023,13,Al-Jouf,1,Saudi,2,Civil Services,3,Total,27756.0
2023,2023,13,Al-Jouf,1,Saudi,4,Total,1,Male,24665.0
2023,2023,13,Al-Jouf,1,Saudi,4,Total,2,Female,17586.0
2023,2023,13,Al-Jouf,1,Saudi,4,Total,3,Total,42251.0
2023,2023,13,Al-Jouf,2,Non Saudi,1,GOSI,1,Male,54033.0
2023,2023,13,Al-Jouf,2,Non Saudi,1,GOSI,2,Female,1337.0
2023,2023,13,Al-Jouf,2,Non Saudi,1,GOSI,3,Total,55370.0
2023,2023,13,Al-Jouf,2,Non Saudi,2,Civil Services,1,Male,901.0
2023,2023,13,Al-Jouf,2,Non Saudi,2,Civil Services,2,Female,666.0
2023,2023,13,Al-Jouf,2,Non Saudi,2,Civil Services,3,Total,1567.0
2023,2023,13,Al-Jouf,2,Non Saudi,4,Total,1,Male,54934.0
2023,2023,13,Al-Jouf,2,Non Saudi,4,Total,2,Female,2003.0
2023,2023,13,Al-Jouf,2,Non Saudi,4,Total,3,Total,56937.0
2023,2023,13,Al-Jouf,3,Total,1,GOSI,1,Male,62356.0
2023,2023,13,Al-Jouf,3,Total,1,GOSI,2,Female,7509.0
2023,2023,13,Al-Jouf,3,Total,1,GOSI,3,Total,69865.0
2023,2023,13,Al-Jouf,3,Total,2,Civil Services,1,Male,17243.0
2023,2023,13,Al-Jouf,3,Total,2,Civil Services,2,Female,12080.0
2023,2023,13,Al-Jouf,3,Total,2,Civil Services,3,Total,29323.0
2023,2023,13,Al-Jouf,3,Total,4,Total,1,Male,79599.0
2023,2023,13,Al-Jouf,3,Total,4,Total,2,Female,19589.0
2023,2023,13,Al-Jouf,3,Total,4,Total,3,Total,99188.0
2023,2023,14,Unspecified,1,Saudi,2,Civil Services,1,Male,486.0
2023,2023,14,Unspecified,1,Saudi,2,Civil Services,2,Female,66.0
2023,2023,14,Unspecified,1,Saudi,2,Civil Services,3,Total,552.0
2023,2023,14,Unspecified,1,Saudi,3,Domestic Workers,1,Male,0.0
2023,2023,14,Unspecified,1,Saudi,3,Domestic Workers,2,Female,0.0
2023,2023,14,Unspecified,1,Saudi,3,Domestic Workers,3,Total,0.0
2023,2023,14,Unspecified,1,Saudi,4,Total,1,Male,486.0
2023,2023,14,Unspecified,1,Saudi,4,Total,2,Female,66.0
2023,2023,14,Unspecified,1,Saudi,4,Total,3,Total,552.0
2023,2023,14,Unspecified,2,Non Saudi,2,Civil Services,1,Male,14.0
2023,2023,14,Unspecified,2,Non Saudi,2,Civil Services,2,Female,1.0
2023,2023,14,Unspecified,2,Non Saudi,2,Civil Services,3,Total,15.0
2023,2023,14,Unspecified,2,Non Saudi,3,Domestic Workers,1,Male,2716735.0
2023,2023,14,Unspecified,2,Non Saudi,3,Domestic Workers,2,Female,1109778.0
2023,2023,14,Unspecified,2,Non Saudi,3,Domestic Workers,3,Total,3826513.0
2023,2023,14,Unspecified,2,Non Saudi,4,Total,1,Male,14.0
2023,2023,14,Unspecified,2,Non Saudi,4,Total,2,Female,1.0
2023,2023,14,Unspecified,2,Non Saudi,4,Total,3,Total,15.0
2023,2023,14,Unspecified,3,Total,2,Civil Services,1,Male,500.0
2023,2023,14,Unspecified,3,Total,2,Civil Services,2,Female,67.0
2023,2023,14,Unspecified,3,Total,2,Civil Services,3,Total,567.0
2023,2023,14,Unspecified,3,Total,3,Domestic Workers,1,Male,2716735.0
2023,2023,14,Unspecified,3,Total,3,Domestic Workers,2,Female,1109778.0
2023,2023,14,Unspecified,3,Total,3,Domestic Workers,3,Total,3826513.0
2023,2023,14,Unspecified,3,Total,4,Total,1,Male,500.0
2023,2023,14,Unspecified,3,Total,4,Total,2,Female,67.0
2023,2023,14,Unspecified,3,Total,4,Total,3,Total,567.0
2023,2023,15,Grand Total,1,Saudi,1,GOSI,1,Male,1661612.0
2023,2023,15,Grand Total,1,Saudi,1,GOSI,2,Female,1076818.0
2023,2023,15,Grand Total,1,Saudi,1,GOSI,3,Total,2738430.0
2023,2023,15,Grand Total,1,Saudi,2,Civil Services,1,Male,671411.0
2023,2023,15,Grand Total,1,Saudi,2,Civil Services,2,Female,505406.0
2023,2023,15,Grand Total,1,Saudi,2,Civil Services,3,Total,1176817.0
2023,2023,15,Grand Total,1,Saudi,3,Domestic Workers,1,Male,0.0
2023,2023,15,Grand Total,1,Saudi,3,Domestic Workers,2,Female,0.0
2023,2023,15,Grand Total,1,Saudi,3,Domestic Workers,3,Total,0.0
2023,2023,15,Grand Total,1,Saudi,4,Total,1,Male,2333023.0
2023,2023,15,Grand Total,1,Saudi,4,Total,2,Female,1582224.0
2023,2023,15,Grand Total,1,Saudi,4,Total,3,Total,3915247.0
2023,2023,15,Grand Total,2,Non Saudi,1,GOSI,1,Male,7744022.0
2023,2023,15,Grand Total,2,Non Saudi,1,GOSI,2,Female,360281.0
2023,2023,15,Grand Total,2,Non Saudi,1,GOSI,3,Total,8104303.0
2023,2023,15,Grand Total,2,Non Saudi,2,Civil Services,1,Male,21786.0
2023,2023,15,Grand Total,2,Non Saudi,2,Civil Services,2,Female,19655.0
2023,2023,15,Grand Total,2,Non Saudi,2,Civil Services,3,Total,41441.0
2023,2023,15,Grand Total,2,Non Saudi,3,Domestic Workers,1,Male,2716735.0
2023,2023,15,Grand Total,2,Non Saudi,3,Domestic Workers,2,Female,1109778.0
2023,2023,15,Grand Total,2,Non Saudi,3,Domestic Workers,3,Total,3826513.0
2023,2023,15,Grand Total,2,Non Saudi,4,Total,1,Male,10482543.0
2023,2023,15,Grand Total,2,Non Saudi,4,Total,2,Female,1489714.0
2023,2023,15,Grand Total,2,Non Saudi,4,Total,3,Total,11972257.0
2023,2023,15,Grand Total,3,Total,1,GOSI,1,Male,9405634.0
2023,2023,15,Grand Total,3,Total,1,GOSI,2,Female,1437099.0
2023,2023,15,Grand Total,3,Total,1,GOSI,3,Total,10842733.0
2023,2023,15,Grand Total,3,Total,2,Civil Services,1,Male,693197.0
2023,2023,15,Grand Total,3,Total,2,Civil Services,2,Female,525061.0
2023,2023,15,Grand Total,3,Total,2,Civil Services,3,Total,1218258.0
2023,2023,15,Grand Total,3,Total,3,Domestic Workers,1,Male,2716735.0
2023,2023,15,Grand Total,3,Total,3,Domestic Workers,2,Female,1109778.0
2023,2023,15,Grand Total,3,Total,3,Domestic Workers,3,Total,3826513.0
2023,2023,15,Grand Total,3,Total,4,Total,1,Male,12815566.0
2023,2023,15,Grand Total,3,Total,4,Total,2,Female,3071938.0
2023,2023,15,Grand Total,3,Total,4,Total,3,Total,15887504.0
2023,2023,16,Outside Kingdom,1,Saudi,2,Civil Services,1,Male,365.0
2023,2023,16,Outside Kingdom,1,Saudi,2,Civil Services,2,Female,78.0
2023,2023,16,Outside Kingdom,1,Saudi,2,Civil Services,3,Total,443.0
2023,2023,16,Outside Kingdom,1,Saudi,4,Total,1,Male,365.0
2023,2023,16,Outside Kingdom,1,Saudi,4,Total,2,Female,78.0
2023,2023,16,Outside Kingdom,1,Saudi,4,Total,3,Total,443.0
2023,2023,16,Outside Kingdom,2,Non Saudi,2,Civil Services,1,Male,5.0
2023,2023,16,Outside Kingdom,2,Non Saudi,2,Civil Services,2,Female,0.0
2023,2023,16,Outside Kingdom,2,Non Saudi,2,Civil Services,3,Total,5.0
2023,2023,16,Outside Kingdom,2,Non Saudi,4,Total,1,Male,5.0
2023,2023,16,Outside Kingdom,2,Non Saudi,4,Total,2,Female,0.0
2023,2023,16,Outside Kingdom,2,Non Saudi,4,Total,3,Total,5.0
2023,2023,16,Outside Kingdom,3,Total,2,Civil Services,1,Male,370.0
2023,2023,16,Outside Kingdom,3,Total,2,Civil Services,2,Female,78.0
2023,2023,16,Outside Kingdom,3,Total,2,Civil Services,3,Total,448.0
2023,2023,16,Outside Kingdom,3,Total,4,Total,1,Male,370.0
2023,2023,16,Outside Kingdom,3,Total,4,Total,2,Female,78.0
2023,2023,16,Outside Kingdom,3,Total,4,Total,3,Total,448.0
2024,2024,1,Al-Riyadh,1,Saudi,1,GOSI,1,Male,812282.0
2024,2024,1,Al-Riyadh,1,Saudi,1,GOSI,2,Female,556855.0
2024,2024,1,Al-Riyadh,1,Saudi,1,GOSI,3,Total,1369137.0
2024,2024,1,Al-Riyadh,1,Saudi,2,Civil Services,1,Male,260176.0
2024,2024,1,Al-Riyadh,1,Saudi,2,Civil Services,2,Female,182528.0
2024,2024,1,Al-Riyadh,1,Saudi,2,Civil Services,3,Total,442704.0
2024,2024,1,Al-Riyadh,1,Saudi,4,Total,1,Male,1072458.0
2024,2024,1,Al-Riyadh,1,Saudi,4,Total,2,Female,739383.0
2024,2024,1,Al-Riyadh,1,Saudi,4,Total,3,Total,1811841.0
2024,2024,1,Al-Riyadh,2,Non Saudi,1,GOSI,1,Male,4273436.0
2024,2024,1,Al-Riyadh,2,Non Saudi,1,GOSI,2,Female,264378.0
2024,2024,1,Al-Riyadh,2,Non Saudi,1,GOSI,3,Total,4537814.0
2024,2024,1,Al-Riyadh,2,Non Saudi,2,Civil Services,1,Male,4605.0
2024,2024,1,Al-Riyadh,2,Non Saudi,2,Civil Services,2,Female,3763.0
2024,2024,1,Al-Riyadh,2,Non Saudi,2,Civil Services,3,Total,8368.0
2024,2024,1,Al-Riyadh,2,Non Saudi,4,Total,1,Male,4278041.0
2024,2024,1,Al-Riyadh,2,Non Saudi,4,Total,2,Female,268141.0
2024,2024,1,Al-Riyadh,2,Non Saudi,4,Total,3,Total,4546182.0
2024,2024,1,Al-Riyadh,3,Total,1,GOSI,1,Male,5085718.0
2024,2024,1,Al-Riyadh,3,Total,1,GOSI,2,Female,821233.0
2024,2024,1,Al-Riyadh,3,Total,1,GOSI,3,Total,5906951.0
2024,2024,1,Al-Riyadh,3,Total,2,Civil Services,1,Male,264781.0
2024,2024,1,Al-Riyadh,3,Total,2,Civil Services,2,Female,186291.0
2024,2024,1,Al-Riyadh,3,Total,2,Civil Services,3,Total,451072.0
2024,2024,1,Al-Riyadh,3,Total,4,Total,1,Male,5350499.0
2024,2024,1,Al-Riyadh,3,Total,4,Total,2,Female,1007524.0
2024,2024,1,Al-Riyadh,3,Total,4,Total,3,Total,6358023.0
2024,2024,2,Makkah Al-Mokarramah,1,Saudi,1,GOSI,1,Male,292771.0
2024,2024,2,Makkah Al-Mokarramah,1,Saudi,1,GOSI,2,Female,231634.0
2024,2024,2,Makkah Al-Mokarramah,1,Saudi,1,GOSI,3,Total,524405.0
2024,2024,2,Makkah Al-Mokarramah,1,Saudi,2,Civil Services,1,Male,95998.0
2024,2024,2,Makkah Al-Mokarramah,1,Saudi,2,Civil Services,2,Female,75628.0
2024,2024,2,Makkah Al-Mokarramah,1,Saudi,2,Civil Services,3,Total,171626.0
2024,2024,2,Makkah Al-Mokarramah,1,Saudi,4,Total,1,Male,388769.0
2024,2024,2,Makkah Al-Mokarramah,1,Saudi,4,Total,2,Female,307262.0
2024,2024,2,Makkah Al-Mokarramah,1,Saudi,4,Total,3,Total,696031.0
2024,2024,2,Makkah Al-Mokarramah,2,Non Saudi,1,GOSI,1,Male,1547298.0
2024,2024,2,Makkah Al-Mokarramah,2,Non Saudi,1,GOSI,2,Female,76040.0
2024,2024,2,Makkah Al-Mokarramah,2,Non Saudi,1,GOSI,3,Total,1623338.0
2024,2024,2,Makkah Al-Mokarramah,2,Non Saudi,2,Civil Services,1,Male,3069.0
2024,2024,2,Makkah Al-Mokarramah,2,Non Saudi,2,Civil Services,2,Female,2564.0
2024,2024,2,Makkah Al-Mokarramah,2,Non Saudi,2,Civil Services,3,Total,5633.0
2024,2024,2,Makkah Al-Mokarramah,2,Non Saudi,4,Total,1,Male,1550367.0
2024,2024,2,Makkah Al-Mokarramah,2,Non Saudi,4,Total,2,Female,78604.0
2024,2024,2,Makkah Al-Mokarramah,2,Non Saudi,4,Total,3,Total,1628971.0
2024,2024,2,Makkah Al-Mokarramah,3,Total,1,GOSI,1,Male,1840069.0
2024,2024,2,Makkah Al-Mokarramah,3,Total,1,GOSI,2,Female,307674.0
2024,2024,2,Makkah Al-Mokarramah,3,Total,1,GOSI,3,Total,2147743.0
2024,2024,2,Makkah Al-Mokarramah,3,Total,2,Civil Services,1,Male,99067.0
2024,2024,2,Makkah Al-Mokarramah,3,Total,2,Civil Services,2,Female,78192.0
2024,2024,2,Makkah Al-Mokarramah,3,Total,2,Civil Services,3,Total,177259.0
2024,2024,2,Makkah Al-Mokarramah,3,Total,4,Total,1,Male,1939136.0
2024,2024,2,Makkah Al-Mokarramah,3,Total,4,Total,2,Female,385866.0
2024,2024,2,Makkah Al-Mokarramah,3,Total,4,Total,3,Total,2325002.0
2024,2024,3,Al-Madinah Al-Monawarah,1,Saudi,1,GOSI,1,Male,55920.0
2024,2024,3,Al-Madinah Al-Monawarah,1,Saudi,1,GOSI,2,Female,37663.0
2024,2024,3,Al-Madinah Al-Monawarah,1,Saudi,1,GOSI,3,Total,93583.0
2024,2024,3,Al-Madinah Al-Monawarah,1,Saudi,2,Civil Services,1,Male,36484.0
2024,2024,3,Al-Madinah Al-Monawarah,1,Saudi,2,Civil Services,2,Female,29073.0
2024,2024,3,Al-Madinah Al-Monawarah,1,Saudi,2,Civil Services,3,Total,65557.0
2024,2024,3,Al-Madinah Al-Monawarah,1,Saudi,4,Total,1,Male,92404.0
2024,2024,3,Al-Madinah Al-Monawarah,1,Saudi,4,Total,2,Female,66736.0
2024,2024,3,Al-Madinah Al-Monawarah,1,Saudi,4,Total,3,Total,159140.0
2024,2024,3,Al-Madinah Al-Monawarah,2,Non Saudi,1,GOSI,1,Male,295571.0
2024,2024,3,Al-Madinah Al-Monawarah,2,Non Saudi,1,GOSI,2,Female,12844.0
2024,2024,3,Al-Madinah Al-Monawarah,2,Non Saudi,1,GOSI,3,Total,308415.0
2024,2024,3,Al-Madinah Al-Monawarah,2,Non Saudi,2,Civil Services,1,Male,1123.0
2024,2024,3,Al-Madinah Al-Monawarah,2,Non Saudi,2,Civil Services,2,Female,1262.0
2024,2024,3,Al-Madinah Al-Monawarah,2,Non Saudi,2,Civil Services,3,Total,2385.0
2024,2024,3,Al-Madinah Al-Monawarah,2,Non Saudi,4,Total,1,Male,296694.0
2024,2024,3,Al-Madinah Al-Monawarah,2,Non Saudi,4,Total,2,Female,14106.0
2024,2024,3,Al-Madinah Al-Monawarah,2,Non Saudi,4,Total,3,Total,310800.0
2024,2024,3,Al-Madinah Al-Monawarah,3,Total,1,GOSI,1,Male,351491.0
2024,2024,3,Al-Madinah Al-Monawarah,3,Total,1,GOSI,2,Female,50507.0
2024,2024,3,Al-Madinah Al-Monawarah,3,Total,1,GOSI,3,Total,401998.0
2024,2024,3,Al-Madinah Al-Monawarah,3,Total,2,Civil Services,1,Male,37607.0
2024,2024,3,Al-Madinah Al-Monawarah,3,Total,2,Civil Services,2,Female,30335.0
2024,2024,3,Al-Madinah Al-Monawarah,3,Total,2,Civil Services,3,Total,67942.0
2024,2024,3,Al-Madinah Al-Monawarah,3,Total,4,Total,1,Male,389098.0
2024,2024,3,Al-Madinah Al-Monawarah,3,Total,4,Total,2,Female,80842.0
2024,2024,3,Al-Madinah Al-Monawarah,3,Total,4,Total,3,Total,469940.0
2024,2024,4,Al-Qaseem,1,Saudi,1,GOSI,1,Male,39823.0
2024,2024,4,Al-Qaseem,1,Saudi,1,GOSI,2,Female,29014.0
2024,2024,4,Al-Qaseem,1,Saudi,1,GOSI,3,Total,68837.0
2024,2024,4,Al-Qaseem,1,Saudi,2,Civil Services,1,Male,32874.0
2024,2024,4,Al-Qaseem,1,Saudi,2,Civil Services,2,Female,27060.0
2024,2024,4,Al-Qaseem,1,Saudi,2,Civil Services,3,Total,59934.0
2024,2024,4,Al-Qaseem,1,Saudi,4,Total,1,Male,72697.0
2024,2024,4,Al-Qaseem,1,Saudi,4,Total,2,Female,56074.0
2024,2024,4,Al-Qaseem,1,Saudi,4,Total,3,Total,128771.0
2024,2024,4,Al-Qaseem,2,Non Saudi,1,GOSI,1,Male,368371.0
2024,2024,4,Al-Qaseem,2,Non Saudi,1,GOSI,2,Female,12394.0
2024,2024,4,Al-Qaseem,2,Non Saudi,1,GOSI,3,Total,380765.0
2024,2024,4,Al-Qaseem,2,Non Saudi,2,Civil Services,1,Male,1324.0
2024,2024,4,Al-Qaseem,2,Non Saudi,2,Civil Services,2,Female,1386.0
2024,2024,4,Al-Qaseem,2,Non Saudi,2,Civil Services,3,Total,2710.0
2024,2024,4,Al-Qaseem,2,Non Saudi,4,Total,1,Male,369695.0
2024,2024,4,Al-Qaseem,2,Non Saudi,4,Total,2,Female,13780.0
2024,2024,4,Al-Qaseem,2,Non Saudi,4,Total,3,Total,383475.0
2024,2024,4,Al-Qaseem,3,Total,1,GOSI,1,Male,408194.0
2024,2024,4,Al-Qaseem,3,Total,1,GOSI,2,Female,41408.0
2024,2024,4,Al-Qaseem,3,Total,1,GOSI,3,Total,449602.0
2024,2024,4,Al-Qaseem,3,Total,2,Civil Services,1,Male,34198.0
2024,2024,4,Al-Qaseem,3,Total,2,Civil Services,2,Female,28446.0
2024,2024,4,Al-Qaseem,3,Total,2,Civil Services,3,Total,62644.0
2024,2024,4,Al-Qaseem,3,Total,4,Total,1,Male,442392.0
2024,2024,4,Al-Qaseem,3,Total,4,Total,2,Female,69854.0
2024,2024,4,Al-Qaseem,3,Total,4,Total,3,Total,512246.0
2024,2024,5,Eastern Region,1,Saudi,1,GOSI,1,Male,420760.0
2024,2024,5,Eastern Region,1,Saudi,1,GOSI,2,Female,198640.0
2024,2024,5,Eastern Region,1,Saudi,1,GOSI,3,Total,619400.0
2024,2024,5,Eastern Region,1,Saudi,2,Civil Services,1,Male,61673.0
2024,2024,5,Eastern Region,1,Saudi,2,Civil Services,2,Female,50912.0
2024,2024,5,Eastern Region,1,Saudi,2,Civil Services,3,Total,112585.0
2024,2024,5,Eastern Region,1,Saudi,4,Total,1,Male,482433.0
2024,2024,5,Eastern Region,1,Saudi,4,Total,2,Female,249552.0
2024,2024,5,Eastern Region,1,Saudi,4,Total,3,Total,731985.0
2024,2024,5,Eastern Region,2,Non Saudi,1,GOSI,1,Male,1651887.0
2024,2024,5,Eastern Region,2,Non Saudi,1,GOSI,2,Female,68819.0
2024,2024,5,Eastern Region,2,Non Saudi,1,GOSI,3,Total,1720706.0
2024,2024,5,Eastern Region,2,Non Saudi,2,Civil Services,1,Male,2925.0
2024,2024,5,Eastern Region,2,Non Saudi,2,Civil Services,2,Female,2213.0
2024,2024,5,Eastern Region,2,Non Saudi,2,Civil Services,3,Total,5138.0
2024,2024,5,Eastern Region,2,Non Saudi,4,Total,1,Male,1654812.0
2024,2024,5,Eastern Region,2,Non Saudi,4,Total,2,Female,71032.0
2024,2024,5,Eastern Region,2,Non Saudi,4,Total,3,Total,1725844.0
2024,2024,5,Eastern Region,3,Total,1,GOSI,1,Male,2072647.0
2024,2024,5,Eastern Region,3,Total,1,GOSI,2,Female,267459.0
2024,2024,5,Eastern Region,3,Total,1,GOSI,3,Total,2340106.0
2024,2024,5,Eastern Region,3,Total,2,Civil Services,1,Male,64598.0
2024,2024,5,Eastern Region,3,Total,2,Civil Services,2,Female,53125.0
2024,2024,5,Eastern Region,3,Total,2,Civil Services,3,Total,117723.0
2024,2024,5,Eastern Region,3,Total,4,Total,1,Male,2137245.0
2024,2024,5,Eastern Region,3,Total,4,Total,2,Female,320584.0
2024,2024,5,Eastern Region,3,Total,4,Total,3,Total,2457829.0
2024,2024,6,Aseer,1,Saudi,1,GOSI,1,Male,39906.0
2024,2024,6,Aseer,1,Saudi,1,GOSI,2,Female,32101.0
2024,2024,6,Aseer,1,Saudi,1,GOSI,3,Total,72007.0
2024,2024,6,Aseer,1,Saudi,2,Civil Services,1,Male,46924.0
2024,2024,6,Aseer,1,Saudi,2,Civil Services,2,Female,45528.0
2024,2024,6,Aseer,1,Saudi,2,Civil Services,3,Total,92452.0
2024,2024,6,Aseer,1,Saudi,4,Total,1,Male,86830.0
2024,2024,6,Aseer,1,Saudi,4,Total,2,Female,77629.0
2024,2024,6,Aseer,1,Saudi,4,Total,3,Total,164459.0
2024,2024,6,Aseer,2,Non Saudi,1,GOSI,1,Male,277201.0
2024,2024,6,Aseer,2,Non Saudi,1,GOSI,2,Female,18760.0
2024,2024,6,Aseer,2,Non Saudi,1,GOSI,3,Total,295961.0
2024,2024,6,Aseer,2,Non Saudi,2,Civil Services,1,Male,1925.0
2024,2024,6,Aseer,2,Non Saudi,2,Civil Services,2,Female,1941.0
2024,2024,6,Aseer,2,Non Saudi,2,Civil Services,3,Total,3866.0
2024,2024,6,Aseer,2,Non Saudi,4,Total,1,Male,279126.0
2024,2024,6,Aseer,2,Non Saudi,4,Total,2,Female,20701.0
2024,2024,6,Aseer,2,Non Saudi,4,Total,3,Total,299827.0
2024,2024,6,Aseer,3,Total,1,GOSI,1,Male,317107.0
2024,2024,6,Aseer,3,Total,1,GOSI,2,Female,50861.0
2024,2024,6,Aseer,3,Total,1,GOSI,3,Total,367968.0
2024,2024,6,Aseer,3,Total,2,Civil Services,1,Male,48849.0
2024,2024,6,Aseer,3,Total,2,Civil Services,2,Female,47469.0
2024,2024,6,Aseer,3,Total,2,Civil Services,3,Total,96318.0
2024,2024,6,Aseer,3,Total,4,Total,1,Male,365956.0
2024,2024,6,Aseer,3,Total,4,Total,2,Female,98330.0
2024,2024,6,Aseer,3,Total,4,Total,3,Total,464286.0
2024,2024,7,Tabouk,1,Saudi,1,GOSI,1,Male,15261.0
2024,2024,7,Tabouk,1,Saudi,1,GOSI,2,Female,13976.0
2024,2024,7,Tabouk,1,Saudi,1,GOSI,3,Total,29237.0
2024,2024,7,Tabouk,1,Saudi,2,Civil Services,1,Male,18832.0
2024,2024,7,Tabouk,1,Saudi,2,Civil Services,2,Female,15140.0
2024,2024,7,Tabouk,1,Saudi,2,Civil Services,3,Total,33972.0
2024,2024,7,Tabouk,1,Saudi,4,Total,1,Male,34093.0
2024,2024,7,Tabouk,1,Saudi,4,Total,2,Female,29116.0
2024,2024,7,Tabouk,1,Saudi,4,Total,3,Total,63209.0
2024,2024,7,Tabouk,2,Non Saudi,1,GOSI,1,Male,110493.0
2024,2024,7,Tabouk,2,Non Saudi,1,GOSI,2,Female,3748.0
2024,2024,7,Tabouk,2,Non Saudi,1,GOSI,3,Total,114241.0
2024,2024,7,Tabouk,2,Non Saudi,2,Civil Services,1,Male,865.0
2024,2024,7,Tabouk,2,Non Saudi,2,Civil Services,2,Female,581.0
2024,2024,7,Tabouk,2,Non Saudi,2,Civil Services,3,Total,1446.0
2024,2024,7,Tabouk,2,Non Saudi,4,Total,1,Male,111358.0
2024,2024,7,Tabouk,2,Non Saudi,4,Total,2,Female,4329.0
2024,2024,7,Tabouk,2,Non Saudi,4,Total,3,Total,115687.0
2024,2024,7,Tabouk,3,Total,1,GOSI,1,Male,125754.0
2024,2024,7,Tabouk,3,Total,1,GOSI,2,Female,17724.0
2024,2024,7,Tabouk,3,Total,1,GOSI,3,Total,143478.0
2024,2024,7,Tabouk,3,Total,2,Civil Services,1,Male,19697.0
2024,2024,7,Tabouk,3,Total,2,Civil Services,2,Female,15721.0
2024,2024,7,Tabouk,3,Total,2,Civil Services,3,Total,35418.0
2024,2024,7,Tabouk,3,Total,4,Total,1,Male,145451.0
2024,2024,7,Tabouk,3,Total,4,Total,2,Female,33445.0
2024,2024,7,Tabouk,3,Total,4,Total,3,Total,178896.0
2024,2024,8,Hail,1,Saudi,1,GOSI,1,Male,12249.0
2024,2024,8,Hail,1,Saudi,1,GOSI,2,Female,11432.0
2024,2024,8,Hail,1,Saudi,1,GOSI,3,Total,23681.0
2024,2024,8,Hail,1,Saudi,2,Civil Services,1,Male,17277.0
2024,2024,8,Hail,1,Saudi,2,Civil Services,2,Female,14348.0
2024,2024,8,Hail,1,Saudi,2,Civil Services,3,Total,31625.0
2024,2024,8,Hail,1,Saudi,4,Total,1,Male,29526.0
2024,2024,8,Hail,1,Saudi,4,Total,2,Female,25780.0
2024,2024,8,Hail,1,Saudi,4,Total,3,Total,55306.0
2024,2024,8,Hail,2,Non Saudi,1,GOSI,1,Male,135586.0
2024,2024,8,Hail,2,Non Saudi,1,GOSI,2,Female,5021.0
2024,2024,8,Hail,2,Non Saudi,1,GOSI,3,Total,140607.0
2024,2024,8,Hail,2,Non Saudi,2,Civil Services,1,Male,700.0
2024,2024,8,Hail,2,Non Saudi,2,Civil Services,2,Female,677.0
2024,2024,8,Hail,2,Non Saudi,2,Civil Services,3,Total,1377.0
2024,2024,8,Hail,2,Non Saudi,4,Total,1,Male,136286.0
2024,2024,8,Hail,2,Non Saudi,4,Total,2,Female,5698.0
2024,2024,8,Hail,2,Non Saudi,4,Total,3,Total,141984.0
2024,2024,8,Hail,3,Total,1,GOSI,1,Male,147835.0
2024,2024,8,Hail,3,Total,1,GOSI,2,Female,16453.0
2024,2024,8,Hail,3,Total,1,GOSI,3,Total,164288.0
2024,2024,8,Hail,3,Total,2,Civil Services,1,Male,17977.0
2024,2024,8,Hail,3,Total,2,Civil Services,2,Female,15025.0
2024,2024,8,Hail,3,Total,2,Civil Services,3,Total,33002.0
2024,2024,8,Hail,3,Total,4,Total,1,Male,165812.0
2024,2024,8,Hail,3,Total,4,Total,2,Female,31478.0
2024,2024,8,Hail,3,Total,4,Total,3,Total,197290.0
2024,2024,9,Northern Borders,1,Saudi,1,GOSI,1,Male,5268.0
2024,2024,9,Northern Borders,1,Saudi,1,GOSI,2,Female,4665.0
2024,2024,9,Northern Borders,1,Saudi,1,GOSI,3,Total,9933.0
2024,2024,9,Northern Borders,1,Saudi,2,Civil Services,1,Male,10797.0
2024,2024,9,Northern Borders,1,Saudi,2,Civil Services,2,Female,7357.0
2024,2024,9,Northern Borders,1,Saudi,2,Civil Services,3,Total,18154.0
2024,2024,9,Northern Borders,1,Saudi,4,Total,1,Male,16065.0
2024,2024,9,Northern Borders,1,Saudi,4,Total,2,Female,12022.0
2024,2024,9,Northern Borders,1,Saudi,4,Total,3,Total,28087.0
2024,2024,9,Northern Borders,2,Non Saudi,1,GOSI,1,Male,44484.0
2024,2024,9,Northern Borders,2,Non Saudi,1,GOSI,2,Female,2409.0
2024,2024,9,Northern Borders,2,Non Saudi,1,GOSI,3,Total,46893.0
2024,2024,9,Northern Borders,2,Non Saudi,2,Civil Services,1,Male,875.0
2024,2024,9,Northern Borders,2,Non Saudi,2,Civil Services,2,Female,665.0
2024,2024,9,Northern Borders,2,Non Saudi,2,Civil Services,3,Total,1540.0
2024,2024,9,Northern Borders,2,Non Saudi,4,Total,1,Male,45359.0
2024,2024,9,Northern Borders,2,Non Saudi,4,Total,2,Female,3074.0
2024,2024,9,Northern Borders,2,Non Saudi,4,Total,3,Total,48433.0
2024,2024,9,Northern Borders,3,Total,1,GOSI,1,Male,49752.0
2024,2024,9,Northern Borders,3,Total,1,GOSI,2,Female,7074.0
2024,2024,9,Northern Borders,3,Total,1,GOSI,3,Total,56826.0
2024,2024,9,Northern Borders,3,Total,2,Civil Services,1,Male,11672.0
2024,2024,9,Northern Borders,3,Total,2,Civil Services,2,Female,8022.0
2024,2024,9,Northern Borders,3,Total,2,Civil Services,3,Total,19694.0
2024,2024,9,Northern Borders,3,Total,4,Total,1,Male,61424.0
2024,2024,9,Northern Borders,3,Total,4,Total,2,Female,15096.0
2024,2024,9,Northern Borders,3,Total,4,Total,3,Total,76520.0
2024,2024,10,Jazan,1,Saudi,1,GOSI,1,Male,16950.0
2024,2024,10,Jazan,1,Saudi,1,GOSI,2,Female,16860.0
2024,2024,10,Jazan,1,Saudi,1,GOSI,3,Total,33810.0
2024,2024,10,Jazan,1,Saudi,2,Civil Services,1,Male,26772.0
2024,2024,10,Jazan,1,Saudi,2,Civil Services,2,Female,24322.0
2024,2024,10,Jazan,1,Saudi,2,Civil Services,3,Total,51094.0
2024,2024,10,Jazan,1,Saudi,4,Total,1,Male,43722.0
2024,2024,10,Jazan,1,Saudi,4,Total,2,Female,41182.0
2024,2024,10,Jazan,1,Saudi,4,Total,3,Total,84904.0
2024,2024,10,Jazan,2,Non Saudi,1,GOSI,1,Male,146409.0
2024,2024,10,Jazan,2,Non Saudi,1,GOSI,2,Female,4983.0
2024,2024,10,Jazan,2,Non Saudi,1,GOSI,3,Total,151392.0
2024,2024,10,Jazan,2,Non Saudi,2,Civil Services,1,Male,1022.0
2024,2024,10,Jazan,2,Non Saudi,2,Civil Services,2,Female,943.0
2024,2024,10,Jazan,2,Non Saudi,2,Civil Services,3,Total,1965.0
2024,2024,10,Jazan,2,Non Saudi,4,Total,1,Male,147431.0
2024,2024,10,Jazan,2,Non Saudi,4,Total,2,Female,5926.0
2024,2024,10,Jazan,2,Non Saudi,4,Total,3,Total,153357.0
2024,2024,10,Jazan,3,Total,1,GOSI,1,Male,163359.0
2024,2024,10,Jazan,3,Total,1,GOSI,2,Female,21843.0
2024,2024,10,Jazan,3,Total,1,GOSI,3,Total,185202.0
2024,2024,10,Jazan,3,Total,2,Civil Services,1,Male,27794.0
2024,2024,10,Jazan,3,Total,2,Civil Services,2,Female,25265.0
2024,2024,10,Jazan,3,Total,2,Civil Services,3,Total,53059.0
2024,2024,10,Jazan,3,Total,4,Total,1,Male,191153.0
2024,2024,10,Jazan,3,Total,4,Total,2,Female,47108.0
2024,2024,10,Jazan,3,Total,4,Total,3,Total,238261.0
2024,2024,11,Najran,1,Saudi,1,GOSI,1,Male,14377.0
2024,2024,11,Najran,1,Saudi,1,GOSI,2,Female,10966.0
2024,2024,11,Najran,1,Saudi,1,GOSI,3,Total,25343.0
2024,2024,11,Najran,1,Saudi,2,Civil Services,1,Male,17908.0
2024,2024,11,Najran,1,Saudi,2,Civil Services,2,Female,11114.0
2024,2024,11,Najran,1,Saudi,2,Civil Services,3,Total,29022.0
2024,2024,11,Najran,1,Saudi,4,Total,1,Male,32285.0
2024,2024,11,Najran,1,Saudi,4,Total,2,Female,22080.0
2024,2024,11,Najran,1,Saudi,4,Total,3,Total,54365.0
2024,2024,11,Najran,2,Non Saudi,1,GOSI,1,Male,126179.0
2024,2024,11,Najran,2,Non Saudi,1,GOSI,2,Female,3586.0
2024,2024,11,Najran,2,Non Saudi,1,GOSI,3,Total,129765.0
2024,2024,11,Najran,2,Non Saudi,2,Civil Services,1,Male,882.0
2024,2024,11,Najran,2,Non Saudi,2,Civil Services,2,Female,1252.0
2024,2024,11,Najran,2,Non Saudi,2,Civil Services,3,Total,2134.0
2024,2024,11,Najran,2,Non Saudi,4,Total,1,Male,127061.0
2024,2024,11,Najran,2,Non Saudi,4,Total,2,Female,4838.0
2024,2024,11,Najran,2,Non Saudi,4,Total,3,Total,131899.0
2024,2024,11,Najran,3,Total,1,GOSI,1,Male,140556.0
2024,2024,11,Najran,3,Total,1,GOSI,2,Female,14552.0
2024,2024,11,Najran,3,Total,1,GOSI,3,Total,155108.0
2024,2024,11,Najran,3,Total,2,Civil Services,1,Male,18790.0
2024,2024,11,Najran,3,Total,2,Civil Services,2,Female,12366.0
2024,2024,11,Najran,3,Total,2,Civil Services,3,Total,31156.0
2024,2024,11,Najran,3,Total,4,Total,1,Male,159346.0
2024,2024,11,Najran,3,Total,4,Total,2,Female,26918.0
2024,2024,11,Najran,3,Total,4,Total,3,Total,186264.0
2024,2024,12,Al-Baha,1,Saudi,1,GOSI,1,Male,5295.0
2024,2024,12,Al-Baha,1,Saudi,1,GOSI,2,Female,4062.0
2024,2024,12,Al-Baha,1,Saudi,1,GOSI,3,Total,9357.0
2024,2024,12,Al-Baha,1,Saudi,2,Civil Services,1,Male,12180.0
2024,2024,12,Al-Baha,1,Saudi,2,Civil Services,2,Female,11483.0
2024,2024,12,Al-Baha,1,Saudi,2,Civil Services,3,Total,23663.0
2024,2024,12,Al-Baha,1,Saudi,4,Total,1,Male,17475.0
2024,2024,12,Al-Baha,1,Saudi,4,Total,2,Female,15545.0
2024,2024,12,Al-Baha,1,Saudi,4,Total,3,Total,33020.0
2024,2024,12,Al-Baha,2,Non Saudi,1,GOSI,1,Male,35607.0
2024,2024,12,Al-Baha,2,Non Saudi,1,GOSI,2,Female,801.0
2024,2024,12,Al-Baha,2,Non Saudi,1,GOSI,3,Total,36408.0
2024,2024,12,Al-Baha,2,Non Saudi,2,Civil Services,1,Male,508.0
2024,2024,12,Al-Baha,2,Non Saudi,2,Civil Services,2,Female,717.0
2024,2024,12,Al-Baha,2,Non Saudi,2,Civil Services,3,Total,1225.0
2024,2024,12,Al-Baha,2,Non Saudi,4,Total,1,Male,36115.0
2024,2024,12,Al-Baha,2,Non Saudi,4,Total,2,Female,1518.0
2024,2024,12,Al-Baha,2,Non Saudi,4,Total,3,Total,37633.0
2024,2024,12,Al-Baha,3,Total,1,GOSI,1,Male,40902.0
2024,2024,12,Al-Baha,3,Total,1,GOSI,2,Female,4863.0
2024,2024,12,Al-Baha,3,Total,1,GOSI,3,Total,45765.0
2024,2024,12,Al-Baha,3,Total,2,Civil Services,1,Male,12688.0
2024,2024,12,Al-Baha,3,Total,2,Civil Services,2,Female,12200.0
2024,2024,12,Al-Baha,3,Total,2,Civil Services,3,Total,24888.0
2024,2024,12,Al-Baha,3,Total,4,Total,1,Male,53590.0
2024,2024,12,Al-Baha,3,Total,4,Total,2,Female,17063.0
2024,2024,12,Al-Baha,3,Total,4,Total,3,Total,70653.0
2024,2024,13,Al-Jouf,1,Saudi,1,GOSI,1,Male,8378.0
2024,2024,13,Al-Jouf,1,Saudi,1,GOSI,2,Female,6664.0
2024,2024,13,Al-Jouf,1,Saudi,1,GOSI,3,Total,15042.0
2024,2024,13,Al-Jouf,1,Saudi,2,Civil Services,1,Male,15958.0
2024,2024,13,Al-Jouf,1,Saudi,2,Civil Services,2,Female,11396.0
2024,2024,13,Al-Jouf,1,Saudi,2,Civil Services,3,Total,27354.0
2024,2024,13,Al-Jouf,1,Saudi,4,Total,1,Male,24336.0
2024,2024,13,Al-Jouf,1,Saudi,4,Total,2,Female,18060.0
2024,2024,13,Al-Jouf,1,Saudi,4,Total,3,Total,42396.0
2024,2024,13,Al-Jouf,2,Non Saudi,1,GOSI,1,Male,56521.0
2024,2024,13,Al-Jouf,2,Non Saudi,1,GOSI,2,Female,1887.0
2024,2024,13,Al-Jouf,2,Non Saudi,1,GOSI,3,Total,58408.0
2024,2024,13,Al-Jouf,2,Non Saudi,2,Civil Services,1,Male,866.0
2024,2024,13,Al-Jouf,2,Non Saudi,2,Civil Services,2,Female,632.0
2024,2024,13,Al-Jouf,2,Non Saudi,2,Civil Services,3,Total,1498.0
2024,2024,13,Al-Jouf,2,Non Saudi,4,Total,1,Male,57387.0
2024,2024,13,Al-Jouf,2,Non Saudi,4,Total,2,Female,2519.0
2024,2024,13,Al-Jouf,2,Non Saudi,4,Total,3,Total,59906.0
2024,2024,13,Al-Jouf,3,Total,1,GOSI,1,Male,64899.0
2024,2024,13,Al-Jouf,3,Total,1,GOSI,2,Female,8551.0
2024,2024,13,Al-Jouf,3,Total,1,GOSI,3,Total,73450.0
2024,2024,13,Al-Jouf,3,Total,2,Civil Services,1,Male,16824.0
2024,2024,13,Al-Jouf,3,Total,2,Civil Services,2,Female,12028.0
2024,2024,13,Al-Jouf,3,Total,2,Civil Services,3,Total,28852.0
2024,2024,13,Al-Jouf,3,Total,4,Total,1,Male,81723.0
2024,2024,13,Al-Jouf,3,Total,4,Total,2,Female,20579.0
2024,2024,13,Al-Jouf,3,Total,4,Total,3,Total,102302.0
2024,2024,14,Unspecified,1,Saudi,2,Civil Services,1,Male,490.0
2024,2024,14,Unspecified,1,Saudi,2,Civil Services,2,Female,70.0
2024,2024,14,Unspecified,1,Saudi,2,Civil Services,3,Total,560.0
2024,2024,14,Unspecified,1,Saudi,3,Domestic Workers,1,Male,0.0
2024,2024,14,Unspecified,1,Saudi,3,Domestic Workers,2,Female,0.0
2024,2024,14,Unspecified,1,Saudi,3,Domestic Workers,3,Total,0.0
2024,2024,14,Unspecified,1,Saudi,4,Total,1,Male,490.0
2024,2024,14,Unspecified,1,Saudi,4,Total,2,Female,70.0
2024,2024,14,Unspecified,1,Saudi,4,Total,3,Total,560.0
2024,2024,14,Unspecified,2,Non Saudi,2,Civil Services,1,Male,15.0
2024,2024,14,Unspecified,2,Non Saudi,2,Civil Services,2,Female,1.0
2024,2024,14,Unspecified,2,Non Saudi,2,Civil Services,3,Total,16.0
2024,2024,14,Unspecified,2,Non Saudi,3,Domestic Workers,1,Male,2738397.0
2024,2024,14,Unspecified,2,Non Saudi,3,Domestic Workers,2,Female,1295369.0
2024,2024,14,Unspecified,2,Non Saudi,3,Domestic Workers,3,Total,4033766.0
2024,2024,14,Unspecified,2,Non Saudi,4,Total,1,Male,15.0
2024,2024,14,Unspecified,2,Non Saudi,4,Total,2,Female,1.0
2024,2024,14,Unspecified,2,Non Saudi,4,Total,3,Total,16.0
2024,2024,14,Unspecified,3,Total,2,Civil Services,1,Male,505.0
2024,2024,14,Unspecified,3,Total,2,Civil Services,2,Female,71.0
2024,2024,14,Unspecified,3,Total,2,Civil Services,3,Total,576.0
2024,2024,14,Unspecified,3,Total,3,Domestic Workers,1,Male,2738397.0
2024,2024,14,Unspecified,3,Total,3,Domestic Workers,2,Female,1295369.0
2024,2024,14,Unspecified,3,Total,3,Domestic Workers,3,Total,4033766.0
2024,2024,14,Unspecified,3,Total,4,Total,1,Male,505.0
2024,2024,14,Unspecified,3,Total,4,Total,2,Female,71.0
2024,2024,14,Unspecified,3,Total,4,Total,3,Total,576.0
2024,2024,15,Grand Total,1,Saudi,1,GOSI,1,Male,1739240.0
2024,2024,15,Grand Total,1,Saudi,1,GOSI,2,Female,1154532.0
2024,2024,15,Grand Total,1,Saudi,1,GOSI,3,Total,2893772.0
2024,2024,15,Grand Total,1,Saudi,2,Civil Services,1,Male,654683.0
2024,2024,15,Grand Total,1,Saudi,2,Civil Services,2,Female,506028.0
2024,2024,15,Grand Total,1,Saudi,2,Civil Services,3,Total,1160711.0
2024,2024,15,Grand Total,1,Saudi,3,Domestic Workers,1,Male,0.0
2024,2024,15,Grand Total,1,Saudi,3,Domestic Workers,2,Female,0.0
2024,2024,15,Grand Total,1,Saudi,3,Domestic Workers,3,Total,0.0
2024,2024,15,Grand Total,1,Saudi,4,Total,1,Male,2393923.0
2024,2024,15,Grand Total,1,Saudi,4,Total,2,Female,1660560.0
2024,2024,15,Grand Total,1,Saudi,4,Total,3,Total,4054483.0
2024,2024,15,Grand Total,2,Non Saudi,1,GOSI,1,Male,9069043.0
2024,2024,15,Grand Total,2,Non Saudi,1,GOSI,2,Female,475670.0
2024,2024,15,Grand Total,2,Non Saudi,1,GOSI,3,Total,9544713.0
2024,2024,15,Grand Total,2,Non Saudi,2,Civil Services,1,Male,20711.0
2024,2024,15,Grand Total,2,Non Saudi,2,Civil Services,2,Female,18597.0
2024,2024,15,Grand Total,2,Non Saudi,2,Civil Services,3,Total,39308.0
2024,2024,15,Grand Total,2,Non Saudi,3,Domestic Workers,1,Male,2738397.0
2024,2024,15,Grand Total,2,Non Saudi,3,Domestic Workers,2,Female,1295369.0
2024,2024,15,Grand Total,2,Non Saudi,3,Domestic Workers,3,Total,4033766.0
2024,2024,15,Grand Total,2,Non Saudi,4,Total,1,Male,11828151.0
2024,2024,15,Grand Total,2,Non Saudi,4,Total,2,Female,1789636.0
2024,2024,15,Grand Total,2,Non Saudi,4,Total,3,Total,13617787.0
2024,2024,15,Grand Total,3,Total,1,GOSI,1,Male,10808283.0
2024,2024,15,Grand Total,3,Total,1,GOSI,2,Female,1630202.0
2024,2024,15,Grand Total,3,Total,1,GOSI,3,Total,12438485.0
2024,2024,15,Grand Total,3,Total,2,Civil Services,1,Male,675394.0
2024,2024,15,Grand Total,3,Total,2,Civil Services,2,Female,524625.0
2024,2024,15,Grand Total,3,Total,2,Civil Services,3,Total,1200019.0
2024,2024,15,Grand Total,3,Total,3,Domestic Workers,1,Male,2738397.0
2024,2024,15,Grand Total,3,Total,3,Domestic Workers,2,Female,1295369.0
2024,2024,15,Grand Total,3,Total,3,Domestic Workers,3,Total,4033766.0
2024,2024,15,Grand Total,3,Total,4,Total,1,Male,14222074.0
2024,2024,15,Grand Total,3,Total,4,Total,2,Female,3450196.0
2024,2024,15,Grand Total,3,Total,4,Total,3,Total,17672270.0
2024,2024,16,Outside Kingdom,1,Saudi,2,Civil Services,1,Male,340.0
2024,2024,16,Outside Kingdom,1,Saudi,2,Civil Services,2,Female,69.0
2024,2024,16,Outside Kingdom,1,Saudi,2,Civil Services,3,Total,409.0
2024,2024,16,Outside Kingdom,1,Saudi,4,Total,1,Male,340.0
2024,2024,16,Outside Kingdom,1,Saudi,4,Total,2,Female,69.0
2024,2024,16,Outside Kingdom,1,Saudi,4,Total,3,Total,409.0
2024,2024,16,Outside Kingdom,2,Non Saudi,2,Civil Services,1,Male,7.0
2024,2024,16,Outside Kingdom,2,Non Saudi,2,Civil Services,2,Female,0.0
2024,2024,16,Outside Kingdom,2,Non Saudi,2,Civil Services,3,Total,7.0
2024,2024,16,Outside Kingdom,2,Non Saudi,4,Total,1,Male,7.0
2024,2024,16,Outside Kingdom,2,Non Saudi,4,Total,3,Total,7.0
2024,2024,16,Outside Kingdom,3,Total,2,Civil Services,1,Male,347.0
2024,2024,16,Outside Kingdom,3,Total,2,Civil Services,2,Female,69.0
2024,2024,16,Outside Kingdom,3,Total,2,Civil Services,3,Total,416.0
2024,2024,16,Outside Kingdom,3,Total,4,Total,1,Male,347.0
2024,2024,16,Outside Kingdom,3,Total,4,Total,2,Female,69.0
2024,2024,16,Outside Kingdom,3,Total,4,Total,3,Total,416.0
2025,2025,1,Al-Riyadh,1,Saudi,1,GOSI,1,Male,884917.0
2025,2025,1,Al-Riyadh,1,Saudi,1,GOSI,2,Female,619722.0
2025,2025,1,Al-Riyadh,1,Saudi,1,GOSI,3,Total,1504639.0
2025,2025,1,Al-Riyadh,1,Saudi,2,Civil Services,1,Male,253550.0
2025,2025,1,Al-Riyadh,1,Saudi,2,Civil Services,2,Female,182303.0
2025,2025,1,Al-Riyadh,1,Saudi,2,Civil Services,3,Total,435853.0
2025,2025,1,Al-Riyadh,1,Saudi,4,Total,1,Male,1138467.0
2025,2025,1,Al-Riyadh,1,Saudi,4,Total,2,Female,802025.0
2025,2025,1,Al-Riyadh,1,Saudi,4,Total,3,Total,1940492.0
2025,2025,1,Al-Riyadh,2,Non Saudi,1,GOSI,1,Male,5041354.0
2025,2025,1,Al-Riyadh,2,Non Saudi,1,GOSI,2,Female,312920.0
2025,2025,1,Al-Riyadh,2,Non Saudi,1,GOSI,3,Total,5354274.0
2025,2025,1,Al-Riyadh,2,Non Saudi,2,Civil Services,1,Male,4437.0
2025,2025,1,Al-Riyadh,2,Non Saudi,2,Civil Services,2,Female,3677.0
2025,2025,1,Al-Riyadh,2,Non Saudi,2,Civil Services,3,Total,8114.0
2025,2025,1,Al-Riyadh,2,Non Saudi,4,Total,1,Male,5045791.0
2025,2025,1,Al-Riyadh,2,Non Saudi,4,Total,2,Female,316597.0
2025,2025,1,Al-Riyadh,2,Non Saudi,4,Total,3,Total,5362388.0
2025,2025,1,Al-Riyadh,3,Total,1,GOSI,1,Male,5926271.0
2025,2025,1,Al-Riyadh,3,Total,1,GOSI,2,Female,932642.0
2025,2025,1,Al-Riyadh,3,Total,1,GOSI,3,Total,6858913.0
2025,2025,1,Al-Riyadh,3,Total,2,Civil Services,1,Male,257987.0
2025,2025,1,Al-Riyadh,3,Total,2,Civil Services,2,Female,185980.0
2025,2025,1,Al-Riyadh,3,Total,2,Civil Services,3,Total,443967.0
2025,2025,1,Al-Riyadh,3,Total,4,Total,1,Male,6184258.0
2025,2025,1,Al-Riyadh,3,Total,4,Total,2,Female,1118622.0
2025,2025,1,Al-Riyadh,3,Total,4,Total,3,Total,7302880.0
2025,2025,2,Makkah Al-Mokarramah,1,Saudi,1,GOSI,1,Male,295077.0
2025,2025,2,Makkah Al-Mokarramah,1,Saudi,1,GOSI,2,Female,240389.0
2025,2025,2,Makkah Al-Mokarramah,1,Saudi,1,GOSI,3,Total,535466.0
2025,2025,2,Makkah Al-Mokarramah,1,Saudi,2,Civil Services,1,Male,92256.0
2025,2025,2,Makkah Al-Mokarramah,1,Saudi,2,Civil Services,2,Female,74645.0
2025,2025,2,Makkah Al-Mokarramah,1,Saudi,2,Civil Services,3,Total,166901.0
2025,2025,2,Makkah Al-Mokarramah,1,Saudi,4,Total,1,Male,387333.0
2025,2025,2,Makkah Al-Mokarramah,1,Saudi,4,Total,2,Female,315034.0
2025,2025,2,Makkah Al-Mokarramah,1,Saudi,4,Total,3,Total,702367.0
2025,2025,2,Makkah Al-Mokarramah,2,Non Saudi,1,GOSI,1,Male,1580869.0
2025,2025,2,Makkah Al-Mokarramah,2,Non Saudi,1,GOSI,2,Female,87364.0
2025,2025,2,Makkah Al-Mokarramah,2,Non Saudi,1,GOSI,3,Total,1668233.0
2025,2025,2,Makkah Al-Mokarramah,2,Non Saudi,2,Civil Services,1,Male,2684.0
2025,2025,2,Makkah Al-Mokarramah,2,Non Saudi,2,Civil Services,2,Female,2311.0
2025,2025,2,Makkah Al-Mokarramah,2,Non Saudi,2,Civil Services,3,Total,4995.0
2025,2025,2,Makkah Al-Mokarramah,2,Non Saudi,4,Total,1,Male,1583553.0
2025,2025,2,Makkah Al-Mokarramah,2,Non Saudi,4,Total,2,Female,89675.0
2025,2025,2,Makkah Al-Mokarramah,2,Non Saudi,4,Total,3,Total,1673228.0
2025,2025,2,Makkah Al-Mokarramah,3,Total,1,GOSI,1,Male,1875946.0
2025,2025,2,Makkah Al-Mokarramah,3,Total,1,GOSI,2,Female,327753.0
2025,2025,2,Makkah Al-Mokarramah,3,Total,1,GOSI,3,Total,2203699.0
2025,2025,2,Makkah Al-Mokarramah,3,Total,2,Civil Services,1,Male,94940.0
2025,2025,2,Makkah Al-Mokarramah,3,Total,2,Civil Services,2,Female,76956.0
2025,2025,2,Makkah Al-Mokarramah,3,Total,2,Civil Services,3,Total,171896.0
2025,2025,2,Makkah Al-Mokarramah,3,Total,4,Total,1,Male,1970886.0
2025,2025,2,Makkah Al-Mokarramah,3,Total,4,Total,2,Female,404709.0
2025,2025,2,Makkah Al-Mokarramah,3,Total,4,Total,3,Total,2375595.0
2025,2025,3,Al-Madinah Al-Monawarah,1,Saudi,1,GOSI,1,Male,56850.0
2025,2025,3,Al-Madinah Al-Monawarah,1,Saudi,1,GOSI,2,Female,39635.0
2025,2025,3,Al-Madinah Al-Monawarah,1,Saudi,1,GOSI,3,Total,96485.0
2025,2025,3,Al-Madinah Al-Monawarah,1,Saudi,2,Civil Services,1,Male,35085.0
2025,2025,3,Al-Madinah Al-Monawarah,1,Saudi,2,Civil Services,2,Female,28695.0
2025,2025,3,Al-Madinah Al-Monawarah,1,Saudi,2,Civil Services,3,Total,63780.0
2025,2025,3,Al-Madinah Al-Monawarah,1,Saudi,4,Total,1,Male,91935.0
2025,2025,3,Al-Madinah Al-Monawarah,1,Saudi,4,Total,2,Female,68330.0
2025,2025,3,Al-Madinah Al-Monawarah,1,Saudi,4,Total,3,Total,160265.0
2025,2025,3,Al-Madinah Al-Monawarah,2,Non Saudi,1,GOSI,1,Male,305281.0
2025,2025,3,Al-Madinah Al-Monawarah,2,Non Saudi,1,GOSI,2,Female,14320.0
2025,2025,3,Al-Madinah Al-Monawarah,2,Non Saudi,1,GOSI,3,Total,319601.0
2025,2025,3,Al-Madinah Al-Monawarah,2,Non Saudi,2,Civil Services,1,Male,1046.0
2025,2025,3,Al-Madinah Al-Monawarah,2,Non Saudi,2,Civil Services,2,Female,1178.0
2025,2025,3,Al-Madinah Al-Monawarah,2,Non Saudi,2,Civil Services,3,Total,2224.0
2025,2025,3,Al-Madinah Al-Monawarah,2,Non Saudi,4,Total,1,Male,306327.0
2025,2025,3,Al-Madinah Al-Monawarah,2,Non Saudi,4,Total,2,Female,15498.0
2025,2025,3,Al-Madinah Al-Monawarah,2,Non Saudi,4,Total,3,Total,321825.0
2025,2025,3,Al-Madinah Al-Monawarah,3,Total,1,GOSI,1,Male,362131.0
2025,2025,3,Al-Madinah Al-Monawarah,3,Total,1,GOSI,2,Female,53955.0
2025,2025,3,Al-Madinah Al-Monawarah,3,Total,1,GOSI,3,Total,416086.0
2025,2025,3,Al-Madinah Al-Monawarah,3,Total,2,Civil Services,1,Male,36131.0
2025,2025,3,Al-Madinah Al-Monawarah,3,Total,2,Civil Services,2,Female,29873.0
2025,2025,3,Al-Madinah Al-Monawarah,3,Total,2,Civil Services,3,Total,66004.0
2025,2025,3,Al-Madinah Al-Monawarah,3,Total,4,Total,1,Male,398262.0
2025,2025,3,Al-Madinah Al-Monawarah,3,Total,4,Total,2,Female,83828.0
2025,2025,3,Al-Madinah Al-Monawarah,3,Total,4,Total,3,Total,482090.0
2025,2025,4,Al-Qaseem,1,Saudi,1,GOSI,1,Male,40683.0
2025,2025,4,Al-Qaseem,1,Saudi,1,GOSI,2,Female,31187.0
2025,2025,4,Al-Qaseem,1,Saudi,1,GOSI,3,Total,71870.0
2025,2025,4,Al-Qaseem,1,Saudi,2,Civil Services,1,Male,31563.0
2025,2025,4,Al-Qaseem,1,Saudi,2,Civil Services,2,Female,26720.0
2025,2025,4,Al-Qaseem,1,Saudi,2,Civil Services,3,Total,58283.0
2025,2025,4,Al-Qaseem,1,Saudi,4,Total,1,Male,72246.0
2025,2025,4,Al-Qaseem,1,Saudi,4,Total,2,Female,57907.0
2025,2025,4,Al-Qaseem,1,Saudi,4,Total,3,Total,130153.0
2025,2025,4,Al-Qaseem,2,Non Saudi,1,GOSI,1,Male,380007.0
2025,2025,4,Al-Qaseem,2,Non Saudi,1,GOSI,2,Female,14194.0
2025,2025,4,Al-Qaseem,2,Non Saudi,1,GOSI,3,Total,394201.0
2025,2025,4,Al-Qaseem,2,Non Saudi,2,Civil Services,1,Male,1262.0
2025,2025,4,Al-Qaseem,2,Non Saudi,2,Civil Services,2,Female,1321.0
2025,2025,4,Al-Qaseem,2,Non Saudi,2,Civil Services,3,Total,2583.0
2025,2025,4,Al-Qaseem,2,Non Saudi,4,Total,1,Male,381269.0
2025,2025,4,Al-Qaseem,2,Non Saudi,4,Total,2,Female,15515.0
2025,2025,4,Al-Qaseem,2,Non Saudi,4,Total,3,Total,396784.0
2025,2025,4,Al-Qaseem,3,Total,1,GOSI,1,Male,420690.0
2025,2025,4,Al-Qaseem,3,Total,1,GOSI,2,Female,45381.0
2025,2025,4,Al-Qaseem,3,Total,1,GOSI,3,Total,466071.0
2025,2025,4,Al-Qaseem,3,Total,2,Civil Services,1,Male,32825.0
2025,2025,4,Al-Qaseem,3,Total,2,Civil Services,2,Female,28041.0
2025,2025,4,Al-Qaseem,3,Total,2,Civil Services,3,Total,60866.0
2025,2025,4,Al-Qaseem,3,Total,4,Total,1,Male,453515.0
2025,2025,4,Al-Qaseem,3,Total,4,Total,2,Female,73422.0
2025,2025,4,Al-Qaseem,3,Total,4,Total,3,Total,526937.0
2025,2025,5,Eastern Region,1,Saudi,1,GOSI,1,Male,437761.0
2025,2025,5,Eastern Region,1,Saudi,1,GOSI,2,Female,208678.0
2025,2025,5,Eastern Region,1,Saudi,1,GOSI,3,Total,646439.0
2025,2025,5,Eastern Region,1,Saudi,2,Civil Services,1,Male,58360.0
2025,2025,5,Eastern Region,1,Saudi,2,Civil Services,2,Female,50901.0
2025,2025,5,Eastern Region,1,Saudi,2,Civil Services,3,Total,109261.0
2025,2025,5,Eastern Region,1,Saudi,4,Total,1,Male,496121.0
2025,2025,5,Eastern Region,1,Saudi,4,Total,2,Female,259579.0
2025,2025,5,Eastern Region,1,Saudi,4,Total,3,Total,755700.0
2025,2025,5,Eastern Region,2,Non Saudi,1,GOSI,1,Male,1747704.0
2025,2025,5,Eastern Region,2,Non Saudi,1,GOSI,2,Female,73397.0
2025,2025,5,Eastern Region,2,Non Saudi,1,GOSI,3,Total,1821101.0
2025,2025,5,Eastern Region,2,Non Saudi,2,Civil Services,1,Male,2760.0
2025,2025,5,Eastern Region,2,Non Saudi,2,Civil Services,2,Female,2025.0
2025,2025,5,Eastern Region,2,Non Saudi,2,Civil Services,3,Total,4785.0
2025,2025,5,Eastern Region,2,Non Saudi,4,Total,1,Male,1750464.0
2025,2025,5,Eastern Region,2,Non Saudi,4,Total,2,Female,75422.0
2025,2025,5,Eastern Region,2,Non Saudi,4,Total,3,Total,1825886.0
2025,2025,5,Eastern Region,3,Total,1,GOSI,1,Male,2185465.0
2025,2025,5,Eastern Region,3,Total,1,GOSI,2,Female,282075.0
2025,2025,5,Eastern Region,3,Total,1,GOSI,3,Total,2467540.0
2025,2025,5,Eastern Region,3,Total,2,Civil Services,1,Male,61120.0
2025,2025,5,Eastern Region,3,Total,2,Civil Services,2,Female,52926.0
2025,2025,5,Eastern Region,3,Total,2,Civil Services,3,Total,114046.0
2025,2025,5,Eastern Region,3,Total,4,Total,1,Male,2246585.0
2025,2025,5,Eastern Region,3,Total,4,Total,2,Female,335001.0
2025,2025,5,Eastern Region,3,Total,4,Total,3,Total,2581586.0
2025,2025,6,Aseer,1,Saudi,1,GOSI,1,Male,39488.0
2025,2025,6,Aseer,1,Saudi,1,GOSI,2,Female,32632.0
2025,2025,6,Aseer,1,Saudi,1,GOSI,3,Total,72120.0
2025,2025,6,Aseer,1,Saudi,2,Civil Services,1,Male,45439.0
2025,2025,6,Aseer,1,Saudi,2,Civil Services,2,Female,44823.0
2025,2025,6,Aseer,1,Saudi,2,Civil Services,3,Total,90262.0
2025,2025,6,Aseer,1,Saudi,4,Total,1,Male,84927.0
2025,2025,6,Aseer,1,Saudi,4,Total,2,Female,77455.0
2025,2025,6,Aseer,1,Saudi,4,Total,3,Total,162382.0
2025,2025,6,Aseer,2,Non Saudi,1,GOSI,1,Male,287868.0
2025,2025,6,Aseer,2,Non Saudi,1,GOSI,2,Female,20582.0
2025,2025,6,Aseer,2,Non Saudi,1,GOSI,3,Total,308450.0
2025,2025,6,Aseer,2,Non Saudi,2,Civil Services,1,Male,1862.0
2025,2025,6,Aseer,2,Non Saudi,2,Civil Services,2,Female,1844.0
2025,2025,6,Aseer,2,Non Saudi,2,Civil Services,3,Total,3706.0
2025,2025,6,Aseer,2,Non Saudi,4,Total,1,Male,289730.0
2025,2025,6,Aseer,2,Non Saudi,4,Total,2,Female,22426.0
2025,2025,6,Aseer,2,Non Saudi,4,Total,3,Total,312156.0
2025,2025,6,Aseer,3,Total,1,GOSI,1,Male,327356.0
2025,2025,6,Aseer,3,Total,1,GOSI,2,Female,53214.0
2025,2025,6,Aseer,3,Total,1,GOSI,3,Total,380570.0
2025,2025,6,Aseer,3,Total,2,Civil Services,1,Male,47301.0
2025,2025,6,Aseer,3,Total,2,Civil Services,2,Female,46667.0
2025,2025,6,Aseer,3,Total,2,Civil Services,3,Total,93968.0
2025,2025,6,Aseer,3,Total,4,Total,1,Male,374657.0
2025,2025,6,Aseer,3,Total,4,Total,2,Female,99881.0
2025,2025,6,Aseer,3,Total,4,Total,3,Total,474538.0
2025,2025,7,Tabouk,1,Saudi,1,GOSI,1,Male,15006.0
2025,2025,7,Tabouk,1,Saudi,1,GOSI,2,Female,14311.0
2025,2025,7,Tabouk,1,Saudi,1,GOSI,3,Total,29317.0
2025,2025,7,Tabouk,1,Saudi,2,Civil Services,1,Male,18327.0
2025,2025,7,Tabouk,1,Saudi,2,Civil Services,2,Female,15115.0
2025,2025,7,Tabouk,1,Saudi,2,Civil Services,3,Total,33442.0
2025,2025,7,Tabouk,1,Saudi,4,Total,1,Male,33333.0
2025,2025,7,Tabouk,1,Saudi,4,Total,2,Female,29426.0
2025,2025,7,Tabouk,1,Saudi,4,Total,3,Total,62759.0
2025,2025,7,Tabouk,2,Non Saudi,1,GOSI,1,Male,115012.0
2025,2025,7,Tabouk,2,Non Saudi,1,GOSI,2,Female,4114.0
2025,2025,7,Tabouk,2,Non Saudi,1,GOSI,3,Total,119126.0
2025,2025,7,Tabouk,2,Non Saudi,2,Civil Services,1,Male,773.0
2025,2025,7,Tabouk,2,Non Saudi,2,Civil Services,2,Female,531.0
2025,2025,7,Tabouk,2,Non Saudi,2,Civil Services,3,Total,1304.0
2025,2025,7,Tabouk,2,Non Saudi,4,Total,1,Male,115785.0
2025,2025,7,Tabouk,2,Non Saudi,4,Total,2,Female,4645.0
2025,2025,7,Tabouk,2,Non Saudi,4,Total,3,Total,120430.0
2025,2025,7,Tabouk,3,Total,1,GOSI,1,Male,130018.0
2025,2025,7,Tabouk,3,Total,1,GOSI,2,Female,18425.0
2025,2025,7,Tabouk,3,Total,1,GOSI,3,Total,148443.0
2025,2025,7,Tabouk,3,Total,2,Civil Services,1,Male,19100.0
2025,2025,7,Tabouk,3,Total,2,Civil Services,2,Female,15646.0
2025,2025,7,Tabouk,3,Total,2,Civil Services,3,Total,34746.0
2025,2025,7,Tabouk,3,Total,4,Total,1,Male,149118.0
2025,2025,7,Tabouk,3,Total,4,Total,2,Female,34071.0
2025,2025,7,Tabouk,3,Total,4,Total,3,Total,183189.0
2025,2025,8,Hail,1,Saudi,1,GOSI,1,Male,13040.0
2025,2025,8,Hail,1,Saudi,1,GOSI,2,Female,11933.0
2025,2025,8,Hail,1,Saudi,1,GOSI,3,Total,24973.0
2025,2025,8,Hail,1,Saudi,2,Civil Services,1,Male,16581.0
2025,2025,8,Hail,1,Saudi,2,Civil Services,2,Female,14031.0
2025,2025,8,Hail,1,Saudi,2,Civil Services,3,Total,30612.0
2025,2025,8,Hail,1,Saudi,4,Total,1,Male,29621.0
2025,2025,8,Hail,1,Saudi,4,Total,2,Female,25964.0
2025,2025,8,Hail,1,Saudi,4,Total,3,Total,55585.0
2025,2025,8,Hail,2,Non Saudi,1,GOSI,1,Male,145673.0
2025,2025,8,Hail,2,Non Saudi,1,GOSI,2,Female,5511.0
2025,2025,8,Hail,2,Non Saudi,1,GOSI,3,Total,151184.0
2025,2025,8,Hail,2,Non Saudi,2,Civil Services,1,Male,612.0
2025,2025,8,Hail,2,Non Saudi,2,Civil Services,2,Female,614.0
2025,2025,8,Hail,2,Non Saudi,2,Civil Services,3,Total,1226.0
2025,2025,8,Hail,2,Non Saudi,4,Total,1,Male,146285.0
2025,2025,8,Hail,2,Non Saudi,4,Total,2,Female,6125.0
2025,2025,8,Hail,2,Non Saudi,4,Total,3,Total,152410.0
2025,2025,8,Hail,3,Total,1,GOSI,1,Male,158713.0
2025,2025,8,Hail,3,Total,1,GOSI,2,Female,17444.0
2025,2025,8,Hail,3,Total,1,GOSI,3,Total,176157.0
2025,2025,8,Hail,3,Total,2,Civil Services,1,Male,17193.0
2025,2025,8,Hail,3,Total,2,Civil Services,2,Female,14645.0
2025,2025,8,Hail,3,Total,2,Civil Services,3,Total,31838.0
2025,2025,8,Hail,3,Total,4,Total,1,Male,175906.0
2025,2025,8,Hail,3,Total,4,Total,2,Female,32089.0
2025,2025,8,Hail,3,Total,4,Total,3,Total,207995.0
2025,2025,9,Northern Borders,1,Saudi,1,GOSI,1,Male,5116.0
2025,2025,9,Northern Borders,1,Saudi,1,GOSI,2,Female,4605.0
2025,2025,9,Northern Borders,1,Saudi,1,GOSI,3,Total,9721.0
2025,2025,9,Northern Borders,1,Saudi,2,Civil Services,1,Male,10536.0
2025,2025,9,Northern Borders,1,Saudi,2,Civil Services,2,Female,7333.0
2025,2025,9,Northern Borders,1,Saudi,2,Civil Services,3,Total,17869.0
2025,2025,9,Northern Borders,1,Saudi,4,Total,1,Male,15652.0
2025,2025,9,Northern Borders,1,Saudi,4,Total,2,Female,11938.0
2025,2025,9,Northern Borders,1,Saudi,4,Total,3,Total,27590.0
2025,2025,9,Northern Borders,2,Non Saudi,1,GOSI,1,Male,45346.0
2025,2025,9,Northern Borders,2,Non Saudi,1,GOSI,2,Female,2765.0
2025,2025,9,Northern Borders,2,Non Saudi,1,GOSI,3,Total,48111.0
2025,2025,9,Northern Borders,2,Non Saudi,2,Civil Services,1,Male,836.0
2025,2025,9,Northern Borders,2,Non Saudi,2,Civil Services,2,Female,621.0
2025,2025,9,Northern Borders,2,Non Saudi,2,Civil Services,3,Total,1457.0
2025,2025,9,Northern Borders,2,Non Saudi,4,Total,1,Male,46182.0
2025,2025,9,Northern Borders,2,Non Saudi,4,Total,2,Female,3386.0
2025,2025,9,Northern Borders,2,Non Saudi,4,Total,3,Total,49568.0
2025,2025,9,Northern Borders,3,Total,1,GOSI,1,Male,50462.0
2025,2025,9,Northern Borders,3,Total,1,GOSI,2,Female,7370.0
2025,2025,9,Northern Borders,3,Total,1,GOSI,3,Total,57832.0
2025,2025,9,Northern Borders,3,Total,2,Civil Services,1,Male,11372.0
2025,2025,9,Northern Borders,3,Total,2,Civil Services,2,Female,7954.0
2025,2025,9,Northern Borders,3,Total,2,Civil Services,3,Total,19326.0
2025,2025,9,Northern Borders,3,Total,4,Total,1,Male,61834.0
2025,2025,9,Northern Borders,3,Total,4,Total,2,Female,15324.0
2025,2025,9,Northern Borders,3,Total,4,Total,3,Total,77158.0
2025,2025,10,Jazan,1,Saudi,1,GOSI,1,Male,16507.0
2025,2025,10,Jazan,1,Saudi,1,GOSI,2,Female,17043.0
2025,2025,10,Jazan,1,Saudi,1,GOSI,3,Total,33550.0
2025,2025,10,Jazan,1,Saudi,2,Civil Services,1,Male,25772.0
2025,2025,10,Jazan,1,Saudi,2,Civil Services,2,Female,24176.0
2025,2025,10,Jazan,1,Saudi,2,Civil Services,3,Total,49948.0
2025,2025,10,Jazan,1,Saudi,4,Total,1,Male,42279.0
2025,2025,10,Jazan,1,Saudi,4,Total,2,Female,41219.0
2025,2025,10,Jazan,1,Saudi,4,Total,3,Total,83498.0
2025,2025,10,Jazan,2,Non Saudi,1,GOSI,1,Male,152429.0
2025,2025,10,Jazan,2,Non Saudi,1,GOSI,2,Female,5307.0
2025,2025,10,Jazan,2,Non Saudi,1,GOSI,3,Total,157736.0
2025,2025,10,Jazan,2,Non Saudi,2,Civil Services,1,Male,971.0
2025,2025,10,Jazan,2,Non Saudi,2,Civil Services,2,Female,879.0
2025,2025,10,Jazan,2,Non Saudi,2,Civil Services,3,Total,1850.0
2025,2025,10,Jazan,2,Non Saudi,4,Total,1,Male,153400.0
2025,2025,10,Jazan,2,Non Saudi,4,Total,2,Female,6186.0
2025,2025,10,Jazan,2,Non Saudi,4,Total,3,Total,159586.0
2025,2025,10,Jazan,3,Total,1,GOSI,1,Male,168936.0
2025,2025,10,Jazan,3,Total,1,GOSI,2,Female,22350.0
2025,2025,10,Jazan,3,Total,1,GOSI,3,Total,191286.0
2025,2025,10,Jazan,3,Total,2,Civil Services,1,Male,26743.0
2025,2025,10,Jazan,3,Total,2,Civil Services,2,Female,25055.0
2025,2025,10,Jazan,3,Total,2,Civil Services,3,Total,51798.0
2025,2025,10,Jazan,3,Total,4,Total,1,Male,195679.0
2025,2025,10,Jazan,3,Total,4,Total,2,Female,47405.0
2025,2025,10,Jazan,3,Total,4,Total,3,Total,243084.0
2025,2025,11,Najran,1,Saudi,1,GOSI,1,Male,14921.0
2025,2025,11,Najran,1,Saudi,1,GOSI,2,Female,11278.0
2025,2025,11,Najran,1,Saudi,1,GOSI,3,Total,26199.0
2025,2025,11,Najran,1,Saudi,2,Civil Services,1,Male,17506.0
2025,2025,11,Najran,1,Saudi,2,Civil Services,2,Female,11117.0
2025,2025,11,Najran,1,Saudi,2,Civil Services,3,Total,28623.0
2025,2025,11,Najran,1,Saudi,4,Total,1,Male,32427.0
2025,2025,11,Najran,1,Saudi,4,Total,2,Female,22395.0
2025,2025,11,Najran,1,Saudi,4,Total,3,Total,54822.0
2025,2025,11,Najran,2,Non Saudi,1,GOSI,1,Male,140044.0
2025,2025,11,Najran,2,Non Saudi,1,GOSI,2,Female,4258.0
2025,2025,11,Najran,2,Non Saudi,1,GOSI,3,Total,144302.0
2025,2025,11,Najran,2,Non Saudi,2,Civil Services,1,Male,863.0
2025,2025,11,Najran,2,Non Saudi,2,Civil Services,2,Female,1260.0
2025,2025,11,Najran,2,Non Saudi,2,Civil Services,3,Total,2123.0
2025,2025,11,Najran,2,Non Saudi,4,Total,1,Male,140907.0
2025,2025,11,Najran,2,Non Saudi,4,Total,2,Female,5518.0
2025,2025,11,Najran,2,Non Saudi,4,Total,3,Total,146425.0
2025,2025,11,Najran,3,Total,1,GOSI,1,Male,154965.0
2025,2025,11,Najran,3,Total,1,GOSI,2,Female,15536.0
2025,2025,11,Najran,3,Total,1,GOSI,3,Total,170501.0
2025,2025,11,Najran,3,Total,2,Civil Services,1,Male,18369.0
2025,2025,11,Najran,3,Total,2,Civil Services,2,Female,12377.0
2025,2025,11,Najran,3,Total,2,Civil Services,3,Total,30746.0
2025,2025,11,Najran,3,Total,4,Total,1,Male,173334.0
2025,2025,11,Najran,3,Total,4,Total,2,Female,27913.0
2025,2025,11,Najran,3,Total,4,Total,3,Total,201247.0
2025,2025,12,Al-Baha,1,Saudi,1,GOSI,1,Male,5007.0
2025,2025,12,Al-Baha,1,Saudi,1,GOSI,2,Female,4155.0
2025,2025,12,Al-Baha,1,Saudi,1,GOSI,3,Total,9162.0
2025,2025,12,Al-Baha,1,Saudi,2,Civil Services,1,Male,11765.0
2025,2025,12,Al-Baha,1,Saudi,2,Civil Services,2,Female,11496.0
2025,2025,12,Al-Baha,1,Saudi,2,Civil Services,3,Total,23261.0
2025,2025,12,Al-Baha,1,Saudi,4,Total,1,Male,16772.0
2025,2025,12,Al-Baha,1,Saudi,4,Total,2,Female,15651.0
2025,2025,12,Al-Baha,1,Saudi,4,Total,3,Total,32423.0
2025,2025,12,Al-Baha,2,Non Saudi,1,GOSI,1,Male,34716.0
2025,2025,12,Al-Baha,2,Non Saudi,1,GOSI,2,Female,813.0
2025,2025,12,Al-Baha,2,Non Saudi,1,GOSI,3,Total,35529.0
2025,2025,12,Al-Baha,2,Non Saudi,2,Civil Services,1,Male,501.0
2025,2025,12,Al-Baha,2,Non Saudi,2,Civil Services,2,Female,703.0
2025,2025,12,Al-Baha,2,Non Saudi,2,Civil Services,3,Total,1204.0
2025,2025,12,Al-Baha,2,Non Saudi,4,Total,1,Male,35217.0
2025,2025,12,Al-Baha,2,Non Saudi,4,Total,2,Female,1516.0
2025,2025,12,Al-Baha,2,Non Saudi,4,Total,3,Total,36733.0
2025,2025,12,Al-Baha,3,Total,1,GOSI,1,Male,39723.0
2025,2025,12,Al-Baha,3,Total,1,GOSI,2,Female,4968.0
2025,2025,12,Al-Baha,3,Total,1,GOSI,3,Total,44691.0
2025,2025,12,Al-Baha,3,Total,2,Civil Services,1,Male,12266.0
2025,2025,12,Al-Baha,3,Total,2,Civil Services,2,Female,12199.0
2025,2025,12,Al-Baha,3,Total,2,Civil Services,3,Total,24465.0
2025,2025,12,Al-Baha,3,Total,4,Total,1,Male,51989.0
2025,2025,12,Al-Baha,3,Total,4,Total,2,Female,17167.0
2025,2025,12,Al-Baha,3,Total,4,Total,3,Total,69156.0
2025,2025,13,Al-Jouf,1,Saudi,1,GOSI,1,Male,8411.0
2025,2025,13,Al-Jouf,1,Saudi,1,GOSI,2,Female,7197.0
2025,2025,13,Al-Jouf,1,Saudi,1,GOSI,3,Total,15608.0
2025,2025,13,Al-Jouf,1,Saudi,2,Civil Services,1,Male,15495.0
2025,2025,13,Al-Jouf,1,Saudi,2,Civil Services,2,Female,11270.0
2025,2025,13,Al-Jouf,1,Saudi,2,Civil Services,3,Total,26765.0
2025,2025,13,Al-Jouf,1,Saudi,4,Total,1,Male,23906.0
2025,2025,13,Al-Jouf,1,Saudi,4,Total,2,Female,18467.0
2025,2025,13,Al-Jouf,1,Saudi,4,Total,3,Total,42373.0
2025,2025,13,Al-Jouf,2,Non Saudi,1,GOSI,1,Male,65696.0
2025,2025,13,Al-Jouf,2,Non Saudi,1,GOSI,2,Female,2022.0
2025,2025,13,Al-Jouf,2,Non Saudi,1,GOSI,3,Total,67718.0
2025,2025,13,Al-Jouf,2,Non Saudi,2,Civil Services,1,Male,839.0
2025,2025,13,Al-Jouf,2,Non Saudi,2,Civil Services,2,Female,612.0
2025,2025,13,Al-Jouf,2,Non Saudi,2,Civil Services,3,Total,1451.0
2025,2025,13,Al-Jouf,2,Non Saudi,4,Total,1,Male,66535.0
2025,2025,13,Al-Jouf,2,Non Saudi,4,Total,2,Female,2634.0
2025,2025,13,Al-Jouf,2,Non Saudi,4,Total,3,Total,69169.0
2025,2025,13,Al-Jouf,3,Total,1,GOSI,1,Male,74107.0
2025,2025,13,Al-Jouf,3,Total,1,GOSI,2,Female,9219.0
2025,2025,13,Al-Jouf,3,Total,1,GOSI,3,Total,83326.0
2025,2025,13,Al-Jouf,3,Total,2,Civil Services,1,Male,16334.0
2025,2025,13,Al-Jouf,3,Total,2,Civil Services,2,Female,11882.0
2025,2025,13,Al-Jouf,3,Total,2,Civil Services,3,Total,28216.0
2025,2025,13,Al-Jouf,3,Total,4,Total,1,Male,90441.0
2025,2025,13,Al-Jouf,3,Total,4,Total,2,Female,21101.0
2025,2025,13,Al-Jouf,3,Total,4,Total,3,Total,111542.0
2025,2025,14,Unspecified,1,Saudi,2,Civil Services,1,Male,488.0
2025,2025,14,Unspecified,1,Saudi,2,Civil Services,2,Female,74.0
2025,2025,14,Unspecified,1,Saudi,2,Civil Services,3,Total,562.0
2025,2025,14,Unspecified,1,Saudi,3,Domestic Workers,1,Male,0.0
2025,2025,14,Unspecified,1,Saudi,3,Domestic Workers,2,Female,0.0
2025,2025,14,Unspecified,1,Saudi,3,Domestic Workers,3,Total,0.0
2025,2025,14,Unspecified,1,Saudi,4,Total,1,Male,488.0
2025,2025,14,Unspecified,1,Saudi,4,Total,2,Female,74.0
2025,2025,14,Unspecified,1,Saudi,4,Total,3,Total,562.0
2025,2025,14,Unspecified,2,Non Saudi,2,Civil Services,1,Male,15.0
2025,2025,14,Unspecified,2,Non Saudi,2,Civil Services,2,Female,2.0
2025,2025,14,Unspecified,2,Non Saudi,2,Civil Services,3,Total,17.0
2025,2025,14,Unspecified,2,Non Saudi,3,Domestic Workers,1,Male,2742441.0
2025,2025,14,Unspecified,2,Non Saudi,3,Domestic Workers,2,Female,1453731.0
2025,2025,14,Unspecified,2,Non Saudi,3,Domestic Workers,3,Total,4196172.0
2025,2025,14,Unspecified,2,Non Saudi,4,Total,1,Male,15.0
2025,2025,14,Unspecified,2,Non Saudi,4,Total,2,Female,2.0
2025,2025,14,Unspecified,2,Non Saudi,4,Total,3,Total,17.0
2025,2025,14,Unspecified,3,Total,2,Civil Services,1,Male,503.0
2025,2025,14,Unspecified,3,Total,2,Civil Services,2,Female,76.0
2025,2025,14,Unspecified,3,Total,2,Civil Services,3,Total,579.0
2025,2025,14,Unspecified,3,Total,3,Domestic Workers,1,Male,2742441.0
2025,2025,14,Unspecified,3,Total,3,Domestic Workers,2,Female,1453731.0
2025,2025,14,Unspecified,3,Total,3,Domestic Workers,3,Total,4196172.0
2025,2025,14,Unspecified,3,Total,4,Total,1,Male,503.0
2025,2025,14,Unspecified,3,Total,4,Total,2,Female,76.0
2025,2025,14,Unspecified,3,Total,4,Total,3,Total,579.0
2025,2025,15,Grand Total,1,Saudi,1,GOSI,1,Male,1832784.0
2025,2025,15,Grand Total,1,Saudi,1,GOSI,2,Female,1242765.0
2025,2025,15,Grand Total,1,Saudi,1,GOSI,3,Total,3075549.0
2025,2025,15,Grand Total,1,Saudi,2,Civil Services,1,Male,633035.0
2025,2025,15,Grand Total,1,Saudi,2,Civil Services,2,Female,502760.0
2025,2025,15,Grand Total,1,Saudi,2,Civil Services,3,Total,1135795.0
2025,2025,15,Grand Total,1,Saudi,3,Domestic Workers,1,Male,0.0
2025,2025,15,Grand Total,1,Saudi,3,Domestic Workers,2,Female,0.0
2025,2025,15,Grand Total,1,Saudi,3,Domestic Workers,3,Total,0.0
2025,2025,15,Grand Total,1,Saudi,4,Total,1,Male,2465819.0
2025,2025,15,Grand Total,1,Saudi,4,Total,2,Female,1745525.0
2025,2025,15,Grand Total,1,Saudi,4,Total,3,Total,4211344.0
2025,2025,15,Grand Total,2,Non Saudi,1,GOSI,1,Male,10041999.0
2025,2025,15,Grand Total,2,Non Saudi,1,GOSI,2,Female,547567.0
2025,2025,15,Grand Total,2,Non Saudi,1,GOSI,3,Total,10589566.0
2025,2025,15,Grand Total,2,Non Saudi,2,Civil Services,1,Male,19468.0
2025,2025,15,Grand Total,2,Non Saudi,2,Civil Services,2,Female,17578.0
2025,2025,15,Grand Total,2,Non Saudi,2,Civil Services,3,Total,37046.0
2025,2025,15,Grand Total,2,Non Saudi,3,Domestic Workers,1,Male,2742441.0
2025,2025,15,Grand Total,2,Non Saudi,3,Domestic Workers,2,Female,1453731.0
2025,2025,15,Grand Total,2,Non Saudi,3,Domestic Workers,3,Total,4196172.0
2025,2025,15,Grand Total,2,Non Saudi,4,Total,1,Male,12803908.0
2025,2025,15,Grand Total,2,Non Saudi,4,Total,2,Female,2018876.0
2025,2025,15,Grand Total,2,Non Saudi,4,Total,3,Total,14822784.0
2025,2025,15,Grand Total,3,Total,1,GOSI,1,Male,11874783.0
2025,2025,15,Grand Total,3,Total,1,GOSI,2,Female,1790332.0
2025,2025,15,Grand Total,3,Total,1,GOSI,3,Total,13665115.0
2025,2025,15,Grand Total,3,Total,2,Civil Services,1,Male,652503.0
2025,2025,15,Grand Total,3,Total,2,Civil Services,2,Female,520338.0
2025,2025,15,Grand Total,3,Total,2,Civil Services,3,Total,1172841.0
2025,2025,15,Grand Total,3,Total,3,Domestic Workers,1,Male,2742441.0
2025,2025,15,Grand Total,3,Total,3,Domestic Workers,2,Female,1453731.0
2025,2025,15,Grand Total,3,Total,3,Domestic Workers,3,Total,4196172.0
2025,2025,15,Grand Total,3,Total,4,Total,1,Male,15269727.0
2025,2025,15,Grand Total,3,Total,4,Total,2,Female,3764401.0
2025,2025,15,Grand Total,3,Total,4,Total,3,Total,19034128.0
2025,2025,16,Outside Kingdom,1,Saudi,2,Civil Services,1,Male,312.0
2025,2025,16,Outside Kingdom,1,Saudi,2,Civil Services,2,Female,61.0
2025,2025,16,Outside Kingdom,1,Saudi,2,Civil Services,3,Total,373.0
2025,2025,16,Outside Kingdom,1,Saudi,4,Total,1,Male,312.0
2025,2025,16,Outside Kingdom,1,Saudi,4,Total,2,Female,61.0
2025,2025,16,Outside Kingdom,1,Saudi,4,Total,3,Total,373.0
2025,2025,16,Outside Kingdom,2,Non Saudi,2,Civil Services,1,Male,7.0
2025,2025,16,Outside Kingdom,2,Non Saudi,2,Civil Services,2,Female,0.0
2025,2025,16,Outside Kingdom,2,Non Saudi,2,Civil Services,3,Total,7.0
2025,2025,16,Outside Kingdom,2,Non Saudi,4,Total,1,Male,7.0
2025,2025,16,Outside Kingdom,2,Non Saudi,4,Total,2,Female,0.0
2025,2025,16,Outside Kingdom,2,Non Saudi,4,Total,3,Total,7.0
2025,2025,16,Outside Kingdom,3,Total,2,Civil Services,1,Male,319.0
2025,2025,16,Outside Kingdom,3,Total,2,Civil Services,2,Female,61.0
2025,2025,16,Outside Kingdom,3,Total,2,Civil Services,3,Total,380.0
2025,2025,16,Outside Kingdom,3,Total,4,Total,1,Male,319.0
2025,2025,16,Outside Kingdom,3,Total,4,Total,2,Female,61.0
2025,2025,16,Outside Kingdom,3,Total,4,Total,3,Total,380.0
