name_project,name_truncated,sector_en,all_sectors,n_types,budget_project,area_sqm,region,city,is_multi_region,area_parse_status,has_budget,start_date,end_date,duration_days,start_year,start_date_precision,end_date_precision,status_en,is_at_risk,sectors,status_project,region_project
برج غرفة الشرقية الاستثماري – Asharqia Chamber Investment Tower,False,Commercial,['Commercial'],1,335000000.0,7752.0,Eastern Region,الدمام,False,ok,True,2019-07-03,2021-12-31,912.0,2019.0,exact,year-level,Under construction,False,تجاري,تحت الإنشاء,"المنطقة الشرقية, الدمام"
مقر برايس ووتر هاوس كوبرز – PWC Headquarter,False,Commercial,"['Commercial', 'Residential']",2,,8000.0,Al-Riyadh,الرياض,False,ok,False,2010-01-01,,,2010.0,year-level,,Under construction,False,تجاري,تحت الإنشاء,"منطقة الرياض, الرياض"
مقر المدفوعات السعودية – Saudi Payment Headquarter,False,Commercial,"['Commercial', 'Residential']",2,1178000000.0,19500.0,Al-Riyadh,الرياض,False,ok,True,2009-01-01,2014-12-31,2190.0,2009.0,year-level,year-level,Completed,False,تجاري,مكتمل,"منطقة الرياض, الرياض"
الاحساء ستريب مول – Ahsa Strip Mall,False,Commercial,['Commercial'],1,,19888.0,Eastern Region,الأحساء,False,ok,False,,,,,,,Announced,False,تجاري,معلن عنه,"المنطقة الشرقية, الأحساء"
برج الدايل – Al-Dailh Tower,False,Commercial,"['Commercial', 'Hospitality']",2,120000000.0,3651.0,Makkah Al-Mokarramah,جدة,False,ok,True,2019-06-01,2022-03-31,1034.0,2019.0,month-level,month-level,Under construction,False,تجاري,تحت الإنشاء,"منطقة مكة المكرمة, جدة"
برج سماسكو – SMASCO Tower,False,Commercial,"['Commercial', 'Residential']",2,,4100.0,Al-Riyadh,الرياض,False,ok,False,,,,,,,Proposed,False,تجاري,المشاريع المقترحة,"منطقة الرياض, الرياض"
بغلف افينيو – Baghlaf Avenue,False,Commercial,"['Commercial', 'Residential']",2,,,Makkah Al-Mokarramah,جدة,False,empty,False,,,,,,,Proposed,False,تجاري,المشاريع المقترحة,"منطقة مكة المكرمة, جدة"
قرية العبيكان و ماسك – Obeikan & Masic Village,False,Commercial,"['Commercial', 'Hospitality', 'Industrial']",3,,163000.0,Al-Riyadh,الرياض,False,ok,False,,,,,,,Proposed,False,تجاري,المشاريع المقترحة,"منطقة الرياض, الرياض"
واحة الطائف – Taif Oasis,False,Commercial,"['Commercial', 'Hospitality']",2,50000000.0,7940.0,Makkah Al-Mokarramah,الطائف,False,ok,True,,,,,,,Proposed,False,تجاري,المشاريع المقترحة,"منطقة مكة المكرمة, الطائف"
دبل تري جدة – DoubleTree Jeddah,False,Commercial,"['Commercial', 'Hospitality']",2,,8759.0,Makkah Al-Mokarramah,جدة,False,ok,False,,,,,,,Announced,False,تجاري,معلن عنه,"منطقة مكة المكرمة, جدة"
بوكس بارك – Box Park,False,Commercial,['Commercial'],1,,7000.0,Makkah Al-Mokarramah,جدة,False,ok,False,,,,,,,Proposed,False,تجاري,المشاريع المقترحة,"منطقة مكة المكرمة, جدة"
النخيل بلازا – Nakheel Plaza,False,Commercial,"['Commercial', 'Hospitality']",2,,15252.0,Makkah Al-Mokarramah,الطائف,False,ok,False,2017-03-01,,,2017.0,month-level,,Under construction,False,تجاري,تحت الإنشاء,"منطقة مكة المكرمة, الطائف"
مركز الأبحاث – Think Tank,False,Commercial,"['Commercial', 'Hospitality', 'Leisure/Tourism', 'Scientific']",4,,,Makkah Al-Mokarramah,مدينة الملك عبدالله الاقتصادية,False,empty,False,,,,,,,Proposed,False,تجاري,المشاريع المقترحة,"منطقة مكة المكرمة, مدينة الملك عبدالله الاقتصادية"
كيوبيك – QBIC,False,Commercial,['Commercial'],1,,17344.0,Al-Riyadh,الرياض,False,ok,False,2016-07-01,,,2016.0,month-level,,Under construction,False,تجاري,تحت الإنشاء,"منطقة الرياض, الرياض"
خطوات أبها – Abha Steps,False,Commercial,"['Commercial', 'Hospitality']",2,,,Aseer,أبها,False,empty,False,,,,,,,Proposed,False,تجاري,المشاريع المقترحة,"منطقة عسير, أبها"
أرض أبها – Abha Land,False,Commercial,['Commercial'],1,,,Aseer,أبها,False,empty,False,,,,,,,Proposed,False,تجاري,المشاريع المقترحة,"منطقة عسير, أبها"
مجمع مكتبي – Office Complex,False,Commercial,['Commercial'],1,,,Makkah Al-Mokarramah,جدة,False,empty,False,,,,,,,Proposed,False,تجاري,المشاريع المقترحة,"منطقة مكة المكرمة, جدة"
مجمع سكني – Housing Complex,False,Commercial,"['Commercial', 'Residential']",2,,9600.0,Makkah Al-Mokarramah,جدة,False,ok,False,,,,,,,Announced,False,تجاري,معلن عنه,"منطقة مكة المكرمة, جدة"
كينج ووك – King Walk,False,Commercial,"['Commercial', 'Hospitality']",2,,,Makkah Al-Mokarramah,جدة,False,empty,False,,,,,,,Announced,False,تجاري,معلن عنه,"منطقة مكة المكرمة, جدة"
مطعم باب التراث – Bab Al-Turath Resturant,False,Commercial,['Commercial'],1,,,Aseer,أبها,False,empty,False,,,,,,,Announced,False,تجاري,معلن عنه,"منطقة عسير, أبها"
شرفة – Shurfa,False,Commercial,['Commercial'],1,,5400.0,Aseer,أبها,False,ok,False,2018-07-01,2019-09-30,456.0,2018.0,month-level,month-level,Under construction,False,تجاري,تحت الإنشاء,"منطقة عسير, أبها"
شموخ بلازا – Shumok Plaza,False,Commercial,['Commercial'],1,,4744.0,Eastern Region,الدمام,False,ok,False,2017-03-25,,,2017.0,exact,,Under construction,False,تجاري,تحت الإنشاء,"المنطقة الشرقية, الدمام"
مول صاري – Sari Mall,False,Commercial,['Commercial'],1,,,Makkah Al-Mokarramah,جدة,False,empty,False,,,,,,,Proposed,False,تجاري,المشاريع المقترحة,"منطقة مكة المكرمة, جدة"
مجمع متعدد الاستخدام – Mixed Use Complex,False,Commercial,"['Commercial', 'Hospitality']",2,,5000.0,Najran,نجران,False,ok,False,2016-07-01,,,2016.0,month-level,,Under construction,False,تجاري,تحت الإنشاء,"نجران, منطقة نجران"
مدينة الطيار – Al Tayyar City,False,Commercial,"['Commercial', 'Hospitality', 'Leisure/Tourism']",3,,278709.0,Al-Riyadh,الرياض,False,ok,False,,,,,,,Proposed,False,تجاري,المشاريع المقترحة,"منطقة الرياض, الرياض"
مبنى ممشى التحلية – Tahlia Walk Building,False,Commercial,['Commercial'],1,,1600.0,Makkah Al-Mokarramah,جدة,False,ok,False,,,,,,,Announced,False,تجاري,معلن عنه,"منطقة مكة المكرمة, جدة"
ساحة دان – Dan Plaza,False,Commercial,['Commercial'],1,,20000.0,Makkah Al-Mokarramah,مكة المكرمة,False,ok,False,2018-10-17,,,2018.0,exact,,Under construction,False,تجاري,تحت الإنشاء,"مكة المكرمة, منطقة مكة المكرمة"
فندق ميلينيوم بليس – Millennium Place,False,Commercial,"['Commercial', 'Hospitality']",2,,,Al-Riyadh,الرياض,False,empty,False,,,,,,,Proposed,False,تجاري,المشاريع المقترحة,"منطقة الرياض, الرياض"
مجمع غراسيا – Gracia Complex,False,Commercial,['Commercial'],1,,4400.0,Eastern Region,الخبر,False,ok,False,2018-06-01,2019-03-31,303.0,2018.0,month-level,month-level,Delayed,True,تجاري,متأخر,"المنطقة الشرقية, الخبر"
ايكيا الثمامة – IKEA Thumama,False,Commercial,['Commercial'],1,,96000.0,Al-Riyadh,الرياض,False,ok,False,,,,,,,Announced,False,تجاري,معلن عنه,"منطقة الرياض, الرياض"
ذا كيرف مول – The Curve Mall,False,Commercial,['Commercial'],1,8000000.0,12000.0,Eastern Region,الدمام,False,ok,True,2018-11-01,,,2018.0,month-level,,Under construction,False,تجاري,تحت الإنشاء,"المنطقة الشرقية, الدمام"
أبراج قناة البيلسان – Bay La Sun Canal Towers,False,Commercial,"['Commercial', 'Residential']",2,,62000.0,Makkah Al-Mokarramah,مدينة الملك عبدالله الاقتصادية,False,ok,False,,,,,,,Proposed,False,تجاري,المشاريع المقترحة,"منطقة مكة المكرمة, مدينة الملك عبدالله الاقتصادية"
ذا ايليت – The Elite,False,Commercial,['Commercial'],1,,9700.0,Al-Riyadh,الرياض,False,ok,False,2015-07-01,2019-03-31,1369.0,2015.0,month-level,month-level,Delayed,True,تجاري,متأخر,"منطقة الرياض, الرياض"
الملقا وارف – Al-Malqa Wharf,False,Commercial,"['Commercial', 'Hospitality']",2,,4040.0,Al-Riyadh,الرياض,False,ok,False,,,,,,,Announced,False,تجاري,معلن عنه,"منطقة الرياض, الرياض"
برج ميم – M Tower,False,Commercial,['Commercial'],1,,,Makkah Al-Mokarramah,جدة,False,empty,False,,,,,,,Announced,False,تجاري,معلن عنه,"منطقة مكة المكرمة, جدة"
شرفات بارك الخير – Shorofat Park Alkhair,False,Commercial,['Commercial'],1,,4000.0,Al-Riyadh,الرياض,False,ok,False,2016-06-01,,,2016.0,month-level,,Under construction,False,تجاري,تحت الإنشاء,"منطقة الرياض, الرياض"
شرفات بارك الراكة – Shorofat Park Rakkah,False,Commercial,['Commercial'],1,,52600.0,Eastern Region,الخبر,False,ok,False,2018-06-01,,,2018.0,month-level,,Under construction,False,تجاري,تحت الإنشاء,"المنطقة الشرقية, الخبر"
فندق دار جدة – Dar Jeddah Hotel,False,Commercial,"['Commercial', 'Hospitality']",2,,2500.0,Makkah Al-Mokarramah,جدة,False,ok,False,,,,,,,Proposed,False,تجاري,المشاريع المقترحة,"منطقة مكة المكرمة, جدة"
أسطبل بريدة – Buraydah Stables,False,Commercial,['Commercial'],1,,,Al-Qaseem,بريدة,False,empty,False,,,,,,,Proposed,False,تجاري,المشاريع المقترحة,"منطقة القصيم, بريدة"
بارك ان الرياض العليا – Park Inn Riyadh Olaya,False,Commercial,"['Commercial', 'Hospitality']",2,,11000.0,Al-Riyadh,الرياض,False,ok,False,2017-11-01,,,2017.0,month-level,,Under construction,False,تجاري,تحت الإنشاء,"منطقة الرياض, الرياض"
فندق خبتي جراند – Khabty Grand Hotel,False,Commercial,"['Commercial', 'Hospitality']",2,,5500.0,Aseer,بيشة,False,ok,False,2013-10-01,,,2013.0,month-level,,Under construction,False,تجاري,تحت الإنشاء,"منطقة عسير, بيشة"
ثروات لوجستيك سيتي – Tharwat Logistic City,False,Commercial,"['Commercial', 'Industrial', 'Residential']",3,,1700000.0,Al-Riyadh,الرياض,False,ok,False,2017-05-01,,,2017.0,month-level,,Under construction,False,تجاري,تحت الإنشاء,"منطقة الرياض, الرياض"
صناعية الشمال – North Industrial,False,Commercial,"['Commercial', 'Industrial']",2,,250000.0,Al-Riyadh,الرياض,False,ok,False,2017-03-01,,,2017.0,month-level,,Under construction,False,تجاري,تحت الإنشاء,"منطقة الرياض, الرياض"
بن سكوير – Bin Square,False,Commercial,['Commercial'],1,,2747.0,Makkah Al-Mokarramah,جدة,False,ok,False,,,,,,,Announced,False,تجاري,معلن عنه,"منطقة مكة المكرمة, جدة"
مجمع داينمك – Dynamic Complex,False,Commercial,['Commercial'],1,,4731.0,Makkah Al-Mokarramah,جدة,False,ok,False,,,,,,,Announced,False,تجاري,معلن عنه,"منطقة مكة المكرمة, جدة"
حلم أبها  –  The Dream of Abha,False,Commercial,"['Commercial', 'Government', 'Hospitality', 'Infrastructure', 'Leisure/Tourism']",5,,17000000.0,Aseer,أبها,False,ok,False,,,,,,,Proposed,False,تجاري,المشاريع المقترحة,"منطقة عسير, أبها"
سيتي فيوز 2- City Views 2,False,Commercial,"['Commercial', 'Hospitality', 'Residential']",3,,32645.0,Makkah Al-Mokarramah,مدينة الملك عبدالله الاقتصادية,False,ok,False,,,,,,,Announced,False,تجاري,معلن عنه,"منطقة مكة المكرمة, مدينة الملك عبدالله الاقتصادية"
تلال أبها – Tilal Abha,False,Commercial,"['Commercial', 'Hospitality', 'Residential']",3,206250000.0,18213.0,Aseer,أبها,False,ok,True,2017-02-01,,,2017.0,month-level,,Under construction,False,تجاري,تحت الإنشاء,"منطقة عسير, أبها"
فنادق ايبيس و أداجيو و نوفوتيل الأندلس –  Novotel & Ibis...,True,Commercial,"['Commercial', 'Hospitality']",2,,9500.0,Makkah Al-Mokarramah,جدة,False,ok,False,,,,,,,Announced,False,تجاري,معلن عنه,"منطقة مكة المكرمة, جدة"
مدينة الورود – Medinat Alwurud,False,Commercial,"['Commercial', 'Residential']",2,,9000000.0,Makkah Al-Mokarramah,الطائف,False,ok,False,2019-01-01,,,2019.0,year-level,,Under construction,False,تجاري,تحت الإنشاء,"منطقة مكة المكرمة, الطائف"
بن جلوي بارك – Bin Glawy Park,False,Commercial,['Commercial'],1,18750000.0,8000.0,Eastern Region,الخبر,False,ok,True,,,,,,,Proposed,False,تجاري,المشاريع المقترحة,"المنطقة الشرقية, الخبر"
ضاحية الحسينية – Al Husayniyah Subrub,False,Commercial,"['Commercial', 'Hospitality', 'Infrastructure', 'Leisure/Tourism', 'Religious/Charity', 'Residential']",6,,7541130.0,Makkah Al-Mokarramah,مكة المكرمة,False,ok,False,,,,,,,Announced,False,تجاري,معلن عنه,"مكة المكرمة, منطقة مكة المكرمة"
ربى مكة – Ruba Makkah,False,Commercial,"['Commercial', 'Hospitality']",2,,3989.0,Makkah Al-Mokarramah,مكة المكرمة,False,ok,False,2018-06-02,2021-10-06,1222.0,2018.0,exact,exact,Under construction,False,تجاري,تحت الإنشاء,"مكة المكرمة, منطقة مكة المكرمة"
بارك ان الدمام ويست أفينيو – Park Inn Dammam West Avenue,False,Commercial,"['Commercial', 'Hospitality']",2,,8300.0,Eastern Region,الدمام,False,ok,False,2017-11-30,2019-12-31,761.0,2017.0,exact,year-level,Under construction,False,تجاري,تحت الإنشاء,"المنطقة الشرقية, الدمام"
باك يارد – Back Yard,False,Commercial,['Commercial'],1,,8479.0,Al-Riyadh,الرياض,False,ok,False,,,,,,,Under construction,False,تجاري,تحت الإنشاء,"منطقة الرياض, الرياض"
ردسي مول (التوسعة الثانية) – (Red Sea Mall (2nd Expansion,False,Commercial,"['Commercial', 'Leisure/Tourism']",2,,13000.0,Makkah Al-Mokarramah,جدة,False,ok,False,2017-08-03,2018-12-31,515.0,2017.0,exact,year-level,Delayed,True,تجاري,متأخر,"منطقة مكة المكرمة, جدة"
برج مكتبي طريق المدينة –  Madinah Road Office Tower,False,Commercial,['Commercial'],1,,2500.0,Makkah Al-Mokarramah,جدة,False,ok,False,,,,,,,Proposed,False,تجاري,المشاريع المقترحة,"منطقة مكة المكرمة, جدة"
مركز جمعية النحالين – Beekeepers Cooperative Center,False,Commercial,['Commercial'],1,,,Al-Baha,بلجرشي,False,empty,False,2018-04-18,,,2018.0,exact,,Under construction,False,تجاري,تحت الإنشاء,"منطقة الباحة, بلجرشي"
سيتي فيوز 1- City Views 1,False,Commercial,"['Commercial', 'Hospitality', 'Residential']",3,,40391.0,Makkah Al-Mokarramah,مدينة الملك عبدالله الاقتصادية,False,ok,False,,,,,,,Announced,False,تجاري,معلن عنه,"منطقة مكة المكرمة, مدينة الملك عبدالله الاقتصادية"
مجمع الأمير نايف بن عبدالعزيز – Prince Naif Bin Abdulaziz Complex...,True,Commercial,"['Commercial', 'Hospitality', 'Residential']",3,,405898.0,Makkah Al-Mokarramah,مكة المكرمة,False,ok,False,,,,,,,Proposed,False,تجاري,المشاريع المقترحة,"مكة المكرمة, منطقة مكة المكرمة"
سلطان غالريا – Sultan Galleria,False,Commercial,"['Commercial', 'Hospitality']",2,,15000.0,Makkah Al-Mokarramah,جدة,False,ok,False,,,,,,,Announced,False,تجاري,معلن عنه,"منطقة مكة المكرمة, جدة"
ياسمينا درايف – Yasmina Drive,False,Commercial,['Commercial'],1,,8800.0,Al-Riyadh,الرياض,False,ok,False,,,,,,,Announced,False,تجاري,معلن عنه,"منطقة الرياض, الرياض"
النرجس سكوير – Alnarjes Square,False,Commercial,['Commercial'],1,,,Al-Riyadh,الرياض,False,empty,False,,,,,,,Under construction,False,تجاري,تحت الإنشاء,"منطقة الرياض, الرياض"
الصفوة جاردن – Safwah Garden,False,Commercial,"['Commercial', 'Hospitality', 'Residential']",3,,207212.0,Jazan,جازان,False,ok,False,,,,,,,Announced,False,تجاري,معلن عنه,"منطقة جازان, جازان"
منتجعات شرما – Sharma Resorts,False,Commercial,"['Commercial', 'Leisure/Tourism']",2,,105000.0,Tabouk,شرما,False,ok,False,,,,,,,Announced,False,تجاري,معلن عنه,"منطقة تبوك, شرما"
تكامل – Tkamul,False,Commercial,['Commercial'],1,,,Al-Riyadh,الرياض,False,empty,False,,,,,,,Under construction,False,تجاري,تحت الإنشاء,"منطقة الرياض, الرياض"
أبراج الربيع – SPRING TOWER,False,Commercial,"['Commercial', 'Hospitality']",2,,,Al-Riyadh,الرياض,False,empty,False,,,,,,,Under construction,False,تجاري,تحت الإنشاء,"منطقة الرياض, الرياض"
مقر موبايلي – Mobily Center,False,Commercial,"['Commercial', 'Infrastructure']",2,600000000.0,,Makkah Al-Mokarramah,مدينة الملك عبدالله الاقتصادية,False,empty,True,2013-07-03,,,2013.0,exact,,Announced,False,تجاري,معلن عنه,"منطقة مكة المكرمة, مدينة الملك عبدالله الاقتصادية"
مجمع الخليج السكني – Al Gulf Residence Compound,False,Commercial,"['Commercial', 'Residential']",2,112500000.0,30000.0,Makkah Al-Mokarramah,الطائف,False,ok,True,,,,,,,Proposed,False,تجاري,المشاريع المقترحة,"منطقة مكة المكرمة, الطائف"
لبن بلازا – Laban Plaza,False,Commercial,['Commercial'],1,,7759.0,Al-Riyadh,الرياض,False,ok,False,2016-11-01,2017-12-31,425.0,2016.0,month-level,year-level,Completed,False,تجاري,مكتمل,"منطقة الرياض, الرياض"
تطوير الفيصلية – Faysaliah Development,False,Commercial,"['Commercial', 'Residential']",2,,17000.0,Makkah Al-Mokarramah,جدة,False,ok,False,,,,,,,Proposed,False,تجاري,المشاريع المقترحة,"منطقة مكة المكرمة, جدة"
بارك ان جدة – Park Inn Jeddah,False,Commercial,"['Commercial', 'Hospitality', 'Residential']",3,,20000.0,Makkah Al-Mokarramah,جدة,False,ok,False,,,,,,,Announced,False,تجاري,معلن عنه,"منطقة مكة المكرمة, جدة"
اتيلييه لافي – Atelier Lavie,False,Commercial,['Commercial'],1,,28800.0,Makkah Al-Mokarramah,جدة,False,ok,False,2017-12-01,,,2017.0,month-level,,Under construction,False,تجاري,تحت الإنشاء,"منطقة مكة المكرمة, جدة"
مجمع حمدان التجاري – Hammdan Commercial Complex,False,Commercial,['Commercial'],1,,11600.0,Makkah Al-Mokarramah,جدة,False,ok,False,,,,,,,Proposed,False,تجاري,المشاريع المقترحة,"منطقة مكة المكرمة, جدة"
منصور رويال – Mansour Royal,False,Commercial,"['Commercial', 'Hospitality']",2,,,Al-Madinah Al-Monawarah,المدينة المنورة,False,empty,False,2016-05-01,,,2016.0,month-level,,Under construction,False,تجاري,تحت الإنشاء,"منطقة المدينة المنورة, المدينة المنورة"
مجمع مطاعم – Restaurant Complex,False,Commercial,['Commercial'],1,,8500.0,Al-Madinah Al-Monawarah,المدينة المنورة,False,ok,False,2017-03-23,2018-10-06,562.0,2017.0,exact,exact,Delayed,True,تجاري,متأخر,"منطقة المدينة المنورة, المدينة المنورة"
راديسون بلو الإحساء – Radisson Blu Al Ahsa,False,Commercial,"['Commercial', 'Hospitality']",2,,,Eastern Region,الأحساء,False,empty,False,2013-01-01,,,2013.0,year-level,,Under construction,False,تجاري,تحت الإنشاء,"المنطقة الشرقية, الأحساء"
برج يوسف محمد ناغي – Yousef Muhammad Naghi Tower,False,Commercial,['Commercial'],1,45000000.0,1500.0,Makkah Al-Mokarramah,جدة,False,ok,True,2014-02-01,,,2014.0,month-level,,Under construction,False,تجاري,تحت الإنشاء,"منطقة مكة المكرمة, جدة"
الخريجي مول – EL KHERIJI SHOPPING MAL,False,Commercial,['Commercial'],1,,15700.0,Eastern Region,الخبر,False,ok,False,,,,,,,Announced,False,تجاري,معلن عنه,"المنطقة الشرقية, الخبر"
تال بلازا – Tal Plaza,False,Commercial,['Commercial'],1,,7000.0,Al-Riyadh,الرياض,False,ok,False,,,,,,,Under construction,False,تجاري,تحت الإنشاء,"منطقة الرياض, الرياض"
سمارت بوليفارد – Smart Boulevard,False,Commercial,"['Commercial', 'Hospitality', 'Residential']",3,,380000.0,Eastern Region,الدمام,False,ok,False,,,,,,,Announced,False,تجاري,معلن عنه,"المنطقة الشرقية, الدمام"
سمارت سكوير – SMART SQUARE,False,Commercial,"['Commercial', 'Hospitality']",2,,140000.0,Al-Riyadh,الرياض,False,ok,False,,,,,,,Announced,False,تجاري,معلن عنه,"منطقة الرياض, الرياض"
برج رؤيا المالية – Vision Capital Tower,False,Commercial,"['Commercial', 'Hospitality']",2,150000000.0,3563.0,Makkah Al-Mokarramah,جدة,False,ok,True,,,,,,,Announced,False,تجاري,معلن عنه,"منطقة مكة المكرمة, جدة"
قرية البحر الأحمر – Red Sea Village,False,Commercial,"['Commercial', 'Hospitality', 'Infrastructure', 'Leisure/Tourism', 'Residential']",5,,3600000.0,Makkah Al-Mokarramah,جدة,False,ok,False,,,,,,,Announced,False,تجاري,معلن عنه,"منطقة مكة المكرمة, جدة"
مجمع مطاعم – Restaurant Complex,False,Commercial,['Commercial'],1,,10000.0,Al-Riyadh,الرياض,False,ok,False,,,,,,,Under construction,False,تجاري,تحت الإنشاء,"منطقة الرياض, الرياض"
القدية – Qiddiya,False,Commercial,"['Commercial', 'Hospitality', 'Infrastructure', 'Leisure/Tourism', 'Residential', 'Sports']",6,,,Al-Riyadh,القدية,False,linear_distance_not_area,False,2018-04-29,,,2018.0,exact,,Under construction,False,تجاري,تحت الإنشاء,القدية
برج الانصاري – Ansari Tower,False,Commercial,['Commercial'],1,150000000.0,,Eastern Region,الخبر,False,empty,True,,,,,,,Announced,False,تجاري,معلن عنه,"المنطقة الشرقية, الخبر"
الجوهرة مول – ALJOHARAH MALL,False,Commercial,"['Commercial', 'Leisure/Tourism']",2,,104000.0,Makkah Al-Mokarramah,جدة,False,ok,False,,,,,,,Announced,False,تجاري,معلن عنه,"منطقة مكة المكرمة, جدة"
قرية لابالما السكنية الثانية في الرياض – LaPalma Compound Riy...,True,Commercial,"['Commercial', 'Residential']",2,,78000.0,Al-Riyadh,الرياض,False,ok,False,,,,,,,Under construction,False,تجاري,تحت الإنشاء,"منطقة الرياض, الرياض"
تاون سكوير – Town Square,False,Commercial,"['Commercial', 'Leisure/Tourism']",2,,37917.0,Makkah Al-Mokarramah,جدة,False,ok,False,2019-05-01,2020-12-31,610.0,2019.0,month-level,year-level,Under construction,False,تجاري,تحت الإنشاء,"منطقة مكة المكرمة, جدة"
مركز الترفيه العائلي – Family Entertainment Center,False,Commercial,"['Commercial', 'Leisure/Tourism']",2,,9700.0,Makkah Al-Mokarramah,جدة,False,ok,False,2017-06-01,,,2017.0,month-level,,Under construction,False,تجاري,تحت الإنشاء,"منطقة مكة المكرمة, جدة"
الحرمين ستي سنتر – AL HARAMEEN CITY CENTER,False,Commercial,['Commercial'],1,,97016.0,Makkah Al-Mokarramah,جدة,False,ok,False,,,,,,,Announced,False,تجاري,معلن عنه,"منطقة مكة المكرمة, جدة"
برج لو مداس – Le Mades Tower,False,Commercial,['Commercial'],1,,,Eastern Region,الخبر,False,empty,False,2016-01-01,,,2016.0,year-level,,Under construction,False,تجاري,تحت الإنشاء,"المنطقة الشرقية, الخبر"
سنترو أنس – Centro Anas,False,Commercial,['Commercial'],1,,10800.0,Al-Riyadh,الرياض,False,ok,False,,,,,,,Completed,False,تجاري,مكتمل,"منطقة الرياض, الرياض"
سنترو كورنيش الخبر – Centro Corniche Khobar,False,Commercial,['Commercial'],1,,21000.0,Eastern Region,الخبر,False,ok,False,,2018-01-01,,,,exact,Completed,False,تجاري,مكتمل,"المنطقة الشرقية, الخبر"
سنترو الجبيل – Centro Jubail,False,Commercial,['Commercial'],1,,15000.0,Eastern Region,الجبيل,False,ok,False,,,,,,,Completed,False,تجاري,مكتمل,"المنطقة الشرقية, الجبيل"
ركاء بلازا جابر – RAKA PLAZA JABER,False,Commercial,['Commercial'],1,,11206.0,Al-Riyadh,الرياض,False,ok,False,,,,,,,Announced,False,تجاري,معلن عنه,"منطقة الرياض, الرياض"
مليباري سكوير – Malibari Square,False,Commercial,['Commercial'],1,,2500.0,Makkah Al-Mokarramah,جدة,False,ok,False,,,,,,,Under construction,False,تجاري,تحت الإنشاء,"منطقة مكة المكرمة, جدة"
ذا بارك – THE PARK,False,Commercial,['Commercial'],1,,25755.0,Al-Riyadh,الرياض,False,ok,False,,,,,,,Announced,False,تجاري,معلن عنه,"منطقة الرياض, الرياض"
الطائف بلازا – TAIF PLAZA,False,Commercial,['Commercial'],1,,23736.0,Makkah Al-Mokarramah,الطائف,False,ok,False,,,,,,,Announced,False,تجاري,معلن عنه,"منطقة مكة المكرمة, الطائف"
الربوة بلازا – AL RABWAH PLAZA,False,Commercial,['Commercial'],1,,21585.0,Al-Riyadh,الرياض,False,ok,False,,,,,,,Under construction,False,تجاري,تحت الإنشاء,"منطقة الرياض, الرياض"
توسعة مستشفى دلة النخيل – DALLAH HOSPITAL EXPANSIONS OF ALNAKHEEL,False,Commercial,"['Commercial', 'Health']",2,500000000.0,14500.0,Al-Riyadh,الرياض,False,ok,True,2014-10-23,2019-06-15,1696.0,2014.0,exact,exact,Delayed,True,تجاري,متأخر,"منطقة الرياض, الرياض"
سنترو الخليج – Centro Khaleej,False,Commercial,['Commercial'],1,,21000.0,Eastern Region,الدمام,False,ok,False,2014-01-01,2016-04-28,848.0,2014.0,year-level,exact,Completed,False,تجاري,مكتمل,"المنطقة الشرقية, الدمام"
دايموند الخبر – diamond alkhobar malll,False,Commercial,['Commercial'],1,18000000.0,13250.0,Eastern Region,الخبر,False,ok,True,2018-04-01,2019-04-01,365.0,2018.0,month-level,exact,Announced,False,تجاري,معلن عنه,"المنطقة الشرقية, الخبر"
توليب إن المدينة الصناعية بجدة – Tulip Inn industrial city in Jeddah...,True,Commercial,"['Commercial', 'Hospitality']",2,153000000.0,17000.0,Makkah Al-Mokarramah,جدة,False,ok,True,,,,,,,Under construction,False,تجاري,تحت الإنشاء,"منطقة مكة المكرمة, جدة"
مجمع العقارية بالنرجس – Al-Akaria Complex in Narjis,False,Commercial,"['Commercial', 'Residential']",2,115780000.0,25570.0,Al-Riyadh,الرياض,False,ok,True,2016-07-01,2019-05-31,1064.0,2016.0,month-level,month-level,Completed,False,تجاري,مكتمل,"منطقة الرياض, الرياض"
مستشفى د. سليمان الحبيب بالصحافة – Dr. Sulaiman Al-Habib Hospital in AL...,True,Commercial,"['Commercial', 'Health']",2,2000000000.0,46000.0,Al-Riyadh,الرياض,False,ok,True,,,,,,,Announced,False,تجاري,معلن عنه,"منطقة الرياض, الرياض"
ضاحية فلل الرمال – Al Rimal Villas Complex,False,Commercial,"['Commercial', 'Residential']",2,538283964.0,408000.0,Al-Riyadh,الرياض,False,ok,True,2010-11-01,,,2010.0,month-level,,Under construction,False,تجاري,تحت الإنشاء,"منطقة الرياض, الرياض"
مجمع متعدد الاستخدام في طريق المدينة –  Mix Use Complex Madinah...,True,Commercial,"['Commercial', 'Hospitality', 'Residential']",3,,,Makkah Al-Mokarramah,جدة,False,empty,False,2017-08-01,,,2017.0,month-level,,Under construction,False,تجاري,تحت الإنشاء,"منطقة مكة المكرمة, جدة"
مجمع رفاد للاعمال – Refad Business Park,False,Commercial,"['Commercial', 'Hospitality']",2,,42000.0,Eastern Region,الخبر,False,ok,False,,,,,,,Announced,False,تجاري,معلن عنه,"المنطقة الشرقية, الخبر"
كليات الأصالة – Al Asala Colleges,False,Commercial,"['Commercial', 'Education']",2,,64155.0,Eastern Region,الدمام,False,ok,False,,,,,,,Under construction,False,تجاري,تحت الإنشاء,"المنطقة الشرقية, الدمام"
لو برستيج – Le Prestige,False,Commercial,['Commercial'],1,,59970.0,Makkah Al-Mokarramah,جدة,False,ok,False,2009-07-01,2016-05-31,2526.0,2009.0,month-level,month-level,Completed,False,تجاري,مكتمل,"منطقة مكة المكرمة, جدة"
الضاحية سنتر – ALDAHIYAH CENTER,False,Commercial,['Commercial'],1,,,Al-Riyadh,الرياض,False,empty,False,2017-05-01,,,2017.0,month-level,,Under construction,False,تجاري,تحت الإنشاء,"منطقة الرياض, الرياض"
العليا بلازا – Olaya Plaza,False,Commercial,['Commercial'],1,,13000.0,Al-Riyadh,الرياض,False,ok,False,,2018-06-01,,,,exact,Delayed,True,تجاري,متأخر,"منطقة الرياض, الرياض"
برج الباحة – Al Baha Tower,False,Commercial,"['Commercial', 'Hospitality', 'Residential']",3,218000000.0,,Al-Baha,الباحة,False,empty,True,,,,,,,Announced,False,تجاري,معلن عنه,"منطقة الباحة, الباحة"
مبنى الروضة – Rawdah Building,False,Commercial,"['Commercial', 'Residential']",2,,4787.0,Makkah Al-Mokarramah,جدة,False,ok,False,2017-09-01,,,2017.0,month-level,,Under construction,False,تجاري,تحت الإنشاء,"منطقة مكة المكرمة, جدة"
برج ذا بوس – The Boss Tower,False,Commercial,['Commercial'],1,,2400.0,Al-Riyadh,الرياض,False,ok,False,,,,,,,Under construction,False,تجاري,تحت الإنشاء,"منطقة الرياض, الرياض"
مركز النجمة – Star Center,False,Commercial,"['Commercial', 'Hospitality']",2,,,Makkah Al-Mokarramah,جدة,False,empty,False,,,,,,,Proposed,False,تجاري,المشاريع المقترحة,"منطقة مكة المكرمة, جدة"
رؤى الحرم – Roa Al Haram,False,Commercial,"['Commercial', 'Hospitality', 'Infrastructure', 'Residential']",4,,854000.0,Makkah Al-Mokarramah,مكة المكرمة,False,ok,False,,2024-12-31,,,,year-level,Announced,False,تجاري,معلن عنه,"مكة المكرمة, منطقة مكة المكرمة"
مطعم الباحة – Al Baha Resturant,False,Commercial,['Commercial'],1,,,Al-Baha,الباحة,False,empty,False,,,,,,,Proposed,False,تجاري,المشاريع المقترحة,"منطقة الباحة, الباحة"
برج منارة مكة – Manarah Makkah Tower,False,Commercial,"['Commercial', 'Hospitality', 'Residential']",3,,74500.0,Makkah Al-Mokarramah,مكة المكرمة,False,ok,False,,,,,,,Announced,False,تجاري,معلن عنه,"مكة المكرمة, منطقة مكة المكرمة"
روفان بلازا – Rovan Plaza,False,Commercial,['Commercial'],1,,,Makkah Al-Mokarramah,جدة,False,empty,False,2015-08-11,,,2015.0,exact,,Under construction,False,تجاري,تحت الإنشاء,"منطقة مكة المكرمة, جدة"
فندق روزالي الرياض – Rosalie Hotels Riyadh,False,Commercial,"['Commercial', 'Hospitality']",2,,6000.0,Al-Riyadh,الرياض,False,ok,False,2016-07-01,,,2016.0,month-level,,Under construction,False,تجاري,تحت الإنشاء,"منطقة الرياض, الرياض"
مول برج جدة – Jeddah Tower Mall,False,Commercial,"['Commercial', 'Leisure/Tourism']",2,,344328.0,Makkah Al-Mokarramah,جدة,False,ok,False,,,,,,,Announced,False,تجاري,معلن عنه,"منطقة مكة المكرمة, جدة"
مجمع متعدد الاستخدام – Mixed Use Complex,False,Commercial,"['Commercial', 'Residential']",2,,,Makkah Al-Mokarramah,جدة,False,empty,False,,,,,,,Proposed,False,تجاري,المشاريع المقترحة,"منطقة مكة المكرمة, جدة"
مكتب الخطوط السعودية بمكة المكرمة – Saudi Airlines Office in Makk...,True,Commercial,['Commercial'],1,,2000.0,Makkah Al-Mokarramah,مكة المكرمة,False,ok,False,,,,,,,Announced,False,تجاري,معلن عنه,"مكة المكرمة, منطقة مكة المكرمة"
أوريكا سنتر – Ourika Center,False,Commercial,['Commercial'],1,,,Al-Qaseem,بريدة,False,empty,False,2017-01-01,2017-12-31,364.0,2017.0,year-level,year-level,Completed,False,تجاري,مكتمل,"منطقة القصيم, بريدة"
ملاذ بلازا – Malath Plaza,False,Commercial,['Commercial'],1,,11000.0,Eastern Region,الدمام,False,ok,False,2016-05-01,,,2016.0,month-level,,Under construction,False,تجاري,تحت الإنشاء,"المنطقة الشرقية, الدمام"
مجمع الكلثم للأعمال – Alkaltham Business Park,False,Commercial,['Commercial'],1,,18000.0,Eastern Region,الخبر,False,ok,False,2017-07-01,,,2017.0,month-level,,Under construction,False,تجاري,تحت الإنشاء,"المنطقة الشرقية, الخبر"
مبنى الصالحية – Al Salehia Building,False,Commercial,"['Commercial', 'Religious/Charity', 'Residential']",3,,8000.0,Makkah Al-Mokarramah,جدة,False,ok,False,,,,,,,Announced,False,تجاري,معلن عنه,"منطقة مكة المكرمة, جدة"
مبنى سكني وتجاري – Commercial & Residential Complex,False,Commercial,"['Commercial', 'Residential']",2,,,Makkah Al-Mokarramah,جدة,False,empty,False,,,,,,,Under construction,False,تجاري,تحت الإنشاء,"منطقة مكة المكرمة, جدة"
أبراج الكورنيش – Corniche Towers,False,Commercial,"['Commercial', 'Residential']",2,,,Makkah Al-Mokarramah,جدة,False,empty,False,,,,,,,Proposed,False,تجاري,المشاريع المقترحة,"منطقة مكة المكرمة, جدة"
عنيزة بوليفارد – Boulevard Unayzah,False,Commercial,['Commercial'],1,,17000.0,Al-Qaseem,عنيزة,False,ok,False,,,,,,,Announced,False,تجاري,معلن عنه,"منطقة القصيم, عنيزة"
عرعر سيتي سنتر – Arar City Centre,False,Commercial,['Commercial'],1,,,Northern Borders,عرعر,False,empty,False,,,,,,,Announced,False,تجاري,معلن عنه,"منطقة الحدود الشمالية, عرعر"
ستاند مول – Stand Alone Mall,False,Commercial,"['Commercial', 'Hospitality']",2,,,Eastern Region,الخبر,False,empty,False,,,,,,,Under construction,False,تجاري,تحت الإنشاء,"المنطقة الشرقية, الخبر"
ابراج الانواء – Anwa Towers,False,Commercial,"['Commercial', 'Hospitality', 'Residential']",3,,50000.0,Makkah Al-Mokarramah,جدة,False,ok,False,,,,,,,Announced,False,تجاري,معلن عنه,"منطقة مكة المكرمة, جدة"
ركاء بلازا – RAKA PLAZA,False,Commercial,['Commercial'],1,,3731.0,Al-Riyadh,الرياض,False,ok,False,,,,,,,Announced,False,تجاري,معلن عنه,"منطقة الرياض, الرياض"
صحار – Sahar,False,Commercial,"['Commercial', 'Education', 'Health', 'Religious/Charity', 'Residential']",5,4000000000.0,600000.0,Al-Qaseem,بريدة,False,ok,True,2006-10-01,,,2006.0,month-level,,Under construction,False,تجاري,تحت الإنشاء,"منطقة القصيم, بريدة"
بيت الفن – Bayt Al Fann,False,Commercial,"['Commercial', 'Leisure/Tourism']",2,,8500.0,Makkah Al-Mokarramah,جدة,False,ok,False,2017-06-01,,,2017.0,month-level,,Under construction,False,تجاري,تحت الإنشاء,"منطقة مكة المكرمة, جدة"
تطوير مدينة الملك فهد الساحلية – King Fahad Coastal City Development...,True,Commercial,"['Commercial', 'Government', 'Health', 'Hospitality']",4,,114000.0,Makkah Al-Mokarramah,جدة,False,ok,False,,,,,,,Announced,False,تجاري,معلن عنه,"منطقة مكة المكرمة, جدة"
أبراج ساحل البيلسان – Bay La Sun Coastal Towers,False,Commercial,"['Commercial', 'Hospitality', 'Residential']",3,,60000.0,Makkah Al-Mokarramah,مدينة الملك عبدالله الاقتصادية,False,ok,False,,,,,,,Announced,False,تجاري,معلن عنه,"منطقة مكة المكرمة, مدينة الملك عبدالله الاقتصادية"
"كمفورت سويت الأهلي جدة – COMFORT SUITES, AL AHLY",False,Commercial,"['Commercial', 'Hospitality']",2,,2200.0,Makkah Al-Mokarramah,جدة,False,ok,False,,2019-12-31,,,,year-level,Announced,False,تجاري,معلن عنه,"منطقة مكة المكرمة, جدة"
شرفات بارك حطين – Shrofat Park Hittin,False,Commercial,['Commercial'],1,,11000.0,Al-Riyadh,الرياض,False,ok,False,,,,,,,Announced,False,تجاري,معلن عنه,"منطقة الرياض, الرياض"
"كمفورت سويت، طريق الملك جدة – COMFORT SUITES, KING ROAD JEDDAH",False,Commercial,"['Commercial', 'Hospitality']",2,,1200.0,Makkah Al-Mokarramah,جدة,False,ok,False,,2019-12-31,,,,year-level,Under construction,False,تجاري,تحت الإنشاء,"منطقة مكة المكرمة, جدة"
"كواليتي إن، روشان مول جدة – QUALITY INN, ROSHAN MALL",False,Commercial,"['Commercial', 'Hospitality']",2,,,Makkah Al-Mokarramah,جدة,False,empty,False,,2019-12-31,,,,year-level,Announced,False,تجاري,معلن عنه,"منطقة مكة المكرمة, جدة"
فندق نوفوتيل المركز المالي – Novotel Hotel KAFD,False,Commercial,"['Commercial', 'Hospitality']",2,,3200.0,Al-Riyadh,الرياض,False,ok,False,,2020-12-31,,,,year-level,Announced,False,تجاري,معلن عنه,"منطقة الرياض, الرياض"
المركز الحضاري الشرقي بمكة المكرمة,False,Commercial,"['Commercial', 'Government', 'Health', 'Hospitality', 'Infrastructure', 'Leisure/Tourism', 'Residential']",7,,460000.0,Makkah Al-Mokarramah,مكة المكرمة,False,ok,False,,,,,,,Announced,False,تجاري,معلن عنه,"مكة المكرمة, منطقة مكة المكرمة"
المركز الحضاري الجنوبي بمكة المكرمة,False,Commercial,"['Commercial', 'Hospitality', 'Infrastructure', 'Residential']",4,,420000.0,Makkah Al-Mokarramah,مكة المكرمة,False,ok,False,,,,,,,Announced,False,تجاري,معلن عنه,"مكة المكرمة, منطقة مكة المكرمة"
فندق موڤنبيك وعد الشمال – Mövenpick Hotel Wa’ad Al Shamal,False,Commercial,"['Commercial', 'Hospitality']",2,,42000.0,Northern Borders,وعد الشمال,False,ok,False,,2018-12-31,,,,year-level,Delayed,True,تجاري,متأخر,"وعد الشمال, منطقة الحدود الشمالية"
شرفات بارك الندى – Shorofat Park Alnada,False,Commercial,['Commercial'],1,,17187.0,Al-Riyadh,الرياض,False,ok,False,2016-01-01,,,2016.0,year-level,,Under construction,False,تجاري,تحت الإنشاء,"منطقة الرياض, الرياض"
مركز الخياط الروضة – El Khayyat Center,False,Commercial,['Commercial'],1,,14500.0,Makkah Al-Mokarramah,جدة,False,ok,False,2012-08-01,2015-12-31,1247.0,2012.0,month-level,year-level,Completed,False,تجاري,مكتمل,"منطقة مكة المكرمة, جدة"
فندق السحيم – SUHAIM HOTEL,False,Commercial,"['Commercial', 'Hospitality']",2,,2200.0,Eastern Region,الدمام,False,ok,False,2016-01-20,,,2016.0,exact,,Under construction,False,تجاري,تحت الإنشاء,"المنطقة الشرقية, الدمام"
برج نابرك – NAPRC Tower,False,Commercial,"['Commercial', 'Hospitality']",2,,,Makkah Al-Mokarramah,جدة,False,empty,False,,,,,,,Proposed,False,تجاري,المشاريع المقترحة,"منطقة مكة المكرمة, جدة"
ابراج الصفوة – Safwa Towers,False,Commercial,"['Commercial', 'Hospitality', 'Religious/Charity']",3,1000000000.0,22000.0,Makkah Al-Mokarramah,مكة المكرمة,False,ok,True,2005-03-01,2009-12-31,1766.0,2005.0,month-level,year-level,Completed,False,تجاري,مكتمل,"مكة المكرمة, منطقة مكة المكرمة"
برج التوحيد – Tawhed Tower,False,Commercial,"['Commercial', 'Hospitality']",2,,,Makkah Al-Mokarramah,جدة,False,empty,False,2015-09-01,,,2015.0,month-level,,Under construction,False,تجاري,تحت الإنشاء,"منطقة مكة المكرمة, جدة"
كورتيارد باي ماريوت جدة – Courtyard Marriott Jeddah,False,Commercial,"['Commercial', 'Hospitality']",2,,2650.0,Makkah Al-Mokarramah,جدة,False,ok,False,2012-11-01,2019-12-31,2616.0,2012.0,month-level,year-level,Under construction,False,تجاري,تحت الإنشاء,"منطقة مكة المكرمة, جدة"
المقر –  Headquarte,False,Commercial,['Commercial'],1,,3870.0,Al-Riyadh,الرياض,False,ok,False,,,,,,,Under construction,False,تجاري,تحت الإنشاء,"منطقة الرياض, الرياض"
بلدية محافظة الدرعية – Addiriyah Municipality,False,Commercial,"['Commercial', 'Government']",2,,7000.0,Al-Riyadh,الدرعية,False,ok,False,2011-01-01,2015-11-19,1783.0,2011.0,year-level,exact,Completed,False,تجاري,مكتمل,"منطقة الرياض, الدرعية"
مجمع فندقي ومعارض – Hotel & Exhibition Complex,False,Commercial,"['Commercial', 'Hospitality']",2,,,Makkah Al-Mokarramah,جدة,False,empty,False,2014-09-01,,,2014.0,month-level,,Under construction,False,تجاري,تحت الإنشاء,"منطقة مكة المكرمة, جدة"
الحوية بارك – Hawiya Park,False,Commercial,['Commercial'],1,,80000.0,Makkah Al-Mokarramah,الطائف,False,ok,False,,,,,,,Announced,False,تجاري,معلن عنه,"منطقة مكة المكرمة, الطائف"
الحمراء – AL HAMRA,False,Commercial,"['Commercial', 'Hospitality']",2,,93000.0,Al-Riyadh,الرياض,False,ok,False,,,,,,,Announced,False,تجاري,معلن عنه,"منطقة الرياض, الرياض"
مقر شركة إدارة وإنماء المشاريع – PMDC HQ,False,Commercial,['Commercial'],1,,,Makkah Al-Mokarramah,جدة,False,empty,False,2013-04-01,2016-03-31,1095.0,2013.0,month-level,month-level,Completed,False,تجاري,مكتمل,"منطقة مكة المكرمة, جدة"
مستشفى الرازي – ALRAZI HOSPITAL,False,Commercial,"['Commercial', 'Health']",2,60000000.0,8887.0,Eastern Region,الأحساء,False,ok,True,2017-03-01,2019-03-31,760.0,2017.0,month-level,month-level,Delayed,True,تجاري,متأخر,"المنطقة الشرقية, الأحساء"
مقر شركة مرافق – Marafiq Headquarters,False,Commercial,['Commercial'],1,152358644.0,18000.0,Eastern Region,الجبيل الصناعية,False,ok,True,2015-01-01,,,2015.0,year-level,,Under construction,False,تجاري,تحت الإنشاء,"المنطقة الشرقية, الجبيل الصناعية"
بزنس باي – Business Bay,False,Commercial,"['Commercial', 'Hospitality']",2,,180000.0,Al-Riyadh,الرياض,False,ok,False,,,,,,,Proposed,False,تجاري,المشاريع المقترحة,"منطقة الرياض, الرياض"
مقر شركة عتاد – ATAD Office Building,False,Commercial,['Commercial'],1,,36000.0,Al-Riyadh,الرياض,False,ok,False,,,,,,,Under construction,False,تجاري,تحت الإنشاء,"منطقة الرياض, الرياض"
برج السبيعي – Al Subaii Tower,False,Commercial,['Commercial'],1,,,Eastern Region,الخبر,False,empty,False,,,,,,,Announced,False,تجاري,معلن عنه,"المنطقة الشرقية, الخبر"
ذا كوارتز – The Quartz,False,Commercial,['Commercial'],1,,,Makkah Al-Mokarramah,جدة,False,empty,False,2014-01-01,,,2014.0,year-level,,Under construction,False,تجاري,تحت الإنشاء,"منطقة مكة المكرمة, جدة"
برج الياسمين – Yasmeen Tower,False,Commercial,['Commercial'],1,75000001.0,3000.0,Al-Riyadh,الرياض,False,ok,True,,,,,,,Proposed,False,تجاري,المشاريع المقترحة,"منطقة الرياض, الرياض"
الريفيرا بارك – Reveria Park,False,Commercial,['Commercial'],1,,5800.0,Eastern Region,الخبر,False,ok,False,2016-12-01,,,2016.0,month-level,,Under construction,False,تجاري,تحت الإنشاء,"المنطقة الشرقية, الخبر"
قرية القصيبي – Gosaibi Village,False,Commercial,['Commercial'],1,100000000.0,50000.0,Eastern Region,الخبر,False,ok,True,2006-03-01,2008-09-21,935.0,2006.0,month-level,exact,Completed,False,تجاري,مكتمل,"المنطقة الشرقية, الخبر"
برج الزهراني – Zahrani Tower,False,Commercial,"['Commercial', 'Hospitality']",2,,2867.0,Eastern Region,الدمام,False,ok,False,,,,,,,Announced,False,تجاري,معلن عنه,"المنطقة الشرقية, الدمام"
مجمع تجاري – Strip Mall,False,Commercial,['Commercial'],1,,,Al-Riyadh,الرياض,False,empty,False,,,,,,,Under construction,False,تجاري,تحت الإنشاء,"منطقة الرياض, الرياض"
قلب الطائف – Taif Heart,False,Commercial,"['Commercial', 'Hospitality']",2,200000000.0,,Makkah Al-Mokarramah,الطائف,False,empty,True,,,,,,,Completed,False,تجاري,مكتمل,"منطقة مكة المكرمة, الطائف"
مجمع الرياض للاستثمار – Riyadh Investment Park,False,Commercial,"['Commercial', 'Industrial', 'Infrastructure', 'Residential']",4,,11000000.0,Al-Riyadh,الرياض,False,ok,False,,,,,,,Under construction,False,تجاري,تحت الإنشاء,"منطقة الرياض, الرياض"
مقر شركة سابك – Sabic Headquarter,False,Commercial,['Commercial'],1,,,Eastern Region,الجبيل الصناعية,False,empty,False,,,,,,,Announced,False,تجاري,معلن عنه,"المنطقة الشرقية, الجبيل الصناعية"
النايفة – Al-Nayfah,False,Commercial,"['Commercial', 'Residential']",2,,119324.0,Al-Riyadh,الرياض,False,ok,False,2015-01-01,,,2015.0,year-level,,Under construction,False,تجاري,تحت الإنشاء,"منطقة الرياض, الرياض"
برج الغزاوي – Ghazzawi Tower,False,Commercial,"['Commercial', 'Residential']",2,,3700.0,Eastern Region,الخبر,False,ok,False,,,,,,,Announced,False,تجاري,معلن عنه,"المنطقة الشرقية, الخبر"
قرية فيلاجيو – Villaggio Village,False,Commercial,['Commercial'],1,120000000.0,,Eastern Region,الخبر,False,empty,True,2017-01-01,2018-03-31,454.0,2017.0,year-level,month-level,Delayed,True,تجاري,متأخر,"المنطقة الشرقية, الخبر"
مجمع الفرسان – Fursan Center,False,Commercial,"['Commercial', 'Residential']",2,,468000.0,Eastern Region,الدمام,False,ok,False,2013-10-01,,,2013.0,month-level,,Under construction,False,تجاري,تحت الإنشاء,"المنطقة الشرقية, الدمام"
مركز يو شيب – U Shape Center,False,Commercial,"['Commercial', 'Hospitality']",2,,10000.0,Makkah Al-Mokarramah,جدة,False,ok,False,2009-07-01,2014-10-31,1948.0,2009.0,month-level,month-level,Completed,False,تجاري,مكتمل,"منطقة مكة المكرمة, جدة"
رد سي مول – Red Sea Mall,False,Commercial,"['Commercial', 'Hospitality']",2,650000000.0,183000.0,Makkah Al-Mokarramah,جدة,False,ok,True,2005-01-01,2008-03-05,1159.0,2005.0,year-level,exact,Completed,False,تجاري,مكتمل,"منطقة مكة المكرمة, جدة"
برج الزاهد التجاري – Zahid Commercial Tower,False,Commercial,['Commercial'],1,,,Makkah Al-Mokarramah,جدة,False,empty,False,,,,,,,Proposed,False,تجاري,المشاريع المقترحة,"منطقة مكة المكرمة, جدة"
داون تاون – Downtown,False,Commercial,['Commercial'],1,,9135.0,Al-Riyadh,الرياض,False,ok,False,,,,,,,Under construction,False,تجاري,تحت الإنشاء,"منطقة الرياض, الرياض"
تطوير مطار حائل – Development of Hail Airport,False,Commercial,"['Commercial', 'Infrastructure']",2,,14500.0,Hail,حائل,False,ok,False,,,,,,,Under construction,False,تجاري,تحت الإنشاء,"منطقة حائل, حائل"
الواجهة البحرية بالحمراء – Hamra Waterfront,False,Commercial,"['Commercial', 'Hospitality', 'Leisure/Tourism']",3,950000000.0,332000.0,Makkah Al-Mokarramah,جدة,False,ok,True,2014-05-18,2020-01-01,2054.0,2014.0,exact,exact,Under construction,False,تجاري,تحت الإنشاء,"منطقة مكة المكرمة, جدة"
برج الوصيل – Waseel Tower,False,Commercial,['Commercial'],1,,5820.0,Al-Riyadh,الرياض,False,ok,False,2008-01-01,2010-09-15,988.0,2008.0,year-level,exact,Completed,False,تجاري,مكتمل,"منطقة الرياض, الرياض"
جدة داون تاون – Jeddah Downtown,False,Commercial,"['Commercial', 'Government', 'Hospitality', 'Residential']",4,18000000000.0,5200000.0,Makkah Al-Mokarramah,جدة,False,ok,True,2019-03-31,2029-12-31,3928.0,2019.0,exact,year-level,Announced,False,تجاري,معلن عنه,"منطقة مكة المكرمة, جدة"
بانوراما جدة – Panorama Jeddah,False,Commercial,"['Commercial', 'Hospitality', 'Residential']",3,,160000.0,Makkah Al-Mokarramah,جدة,False,ok,False,2017-12-31,2020-12-31,1096.0,2017.0,exact,year-level,Announced,False,تجاري,معلن عنه,"منطقة مكة المكرمة, جدة"
مبنى الادارة المالية و الموارد البشرية للخطوط السعودي�...,True,Commercial,['Commercial'],1,,,Makkah Al-Mokarramah,جدة,False,empty,False,,,,,,,Proposed,False,تجاري,المشاريع المقترحة,"منطقة مكة المكرمة, جدة"
مقر منظمة المؤتمر الإسلامي – Organization of the Islamic Conference Hea...,True,Commercial,"['Commercial', 'Government']",2,,40000.0,Makkah Al-Mokarramah,جدة,False,ok,False,,,,,,,Proposed,False,تجاري,المشاريع المقترحة,"منطقة مكة المكرمة, جدة"
بن سليمان للأعمال – Bin Suleiman Center,False,Commercial,['Commercial'],1,,,Makkah Al-Mokarramah,جدة,False,empty,False,2008-07-01,2010-05-31,699.0,2008.0,month-level,month-level,Completed,False,تجاري,مكتمل,"منطقة مكة المكرمة, جدة"
وقف الملك عبدالله لوالديه – King Abdullah Endowment for His Parents,False,Commercial,"['Commercial', 'Hospitality', 'Religious/Charity']",3,2500000000.0,21000.0,Al-Madinah Al-Monawarah,المدينة المنورة,False,ok,True,2003-01-01,2019-12-31,6208.0,2003.0,year-level,year-level,Stalled,True,تجاري,متعثر,"منطقة المدينة المنورة, المدينة المنورة"
العزيزية جاليري – Azizia Gallery,False,Commercial,['Commercial'],1,,12500.0,Al-Riyadh,الرياض,False,ok,False,,,,,,,Under construction,False,تجاري,تحت الإنشاء,"منطقة الرياض, الرياض"
حمد سنتر – Hamad Center,False,Commercial,['Commercial'],1,,4715.0,Makkah Al-Mokarramah,جدة,False,ok,False,2007-01-01,2009-07-31,942.0,2007.0,year-level,month-level,Completed,False,تجاري,مكتمل,"منطقة مكة المكرمة, جدة"
The Valley – ذا ڤالي,False,Commercial,['Commercial'],1,31500000.0,10000.0,Eastern Region,الأحساء,False,ok,True,2016-06-01,2017-04-01,304.0,2016.0,month-level,exact,Completed,False,تجاري,مكتمل,"المنطقة الشرقية, الأحساء"
الربيع تراينجلز – AlRabeia Triangles,False,Commercial,['Commercial'],1,,3552.0,Al-Riyadh,الرياض,False,ok,False,,2018-03-01,,,,exact,Delayed,True,تجاري,متأخر,"منطقة الرياض, الرياض"
برج الهدى بلازا – Huda Plaza Tower,False,Commercial,"['Commercial', 'Residential']",2,,3500.0,Makkah Al-Mokarramah,جدة,False,ok,False,2005-04-16,,,2005.0,exact,,Cancelled,True,تجاري,ملغي,"منطقة مكة المكرمة, جدة"
حدائق الأندلسية – Andalusia Gardens,False,Commercial,"['Commercial', 'Hospitality', 'Residential']",3,,47068.0,Makkah Al-Mokarramah,جدة,False,ok,False,2008-02-01,,,2008.0,month-level,,Cancelled,True,تجاري,ملغي,"منطقة مكة المكرمة, جدة"
دكان أفنيو – Dekan Avenu,False,Commercial,['Commercial'],1,,13700.0,Eastern Region,الأحساء,False,ok,False,,,,,,,Announced,False,تجاري,معلن عنه,"المنطقة الشرقية, الأحساء"
أبراج رصد – Rusd Towers,False,Commercial,"['Commercial', 'Hospitality']",2,,4300.0,Makkah Al-Mokarramah,جدة,False,ok,False,2015-04-03,,,2015.0,exact,,Under construction,False,تجاري,تحت الإنشاء,"منطقة مكة المكرمة, جدة"
برج الخيال –  AlKhayyal Tower,False,Commercial,['Commercial'],1,,4971.0,Makkah Al-Mokarramah,جدة,False,ok,False,2014-10-01,2017-03-31,912.0,2014.0,month-level,month-level,Completed,False,تجاري,مكتمل,"منطقة مكة المكرمة, جدة"
مقر شركة الطيار – Al Tayyar Headquarters,False,Commercial,['Commercial'],1,,10232.0,Al-Riyadh,الرياض,False,ok,False,,,,,,,Under construction,False,تجاري,تحت الإنشاء,"منطقة الرياض, الرياض"
برج البرغش – Al Barghash Tower,False,Commercial,['Commercial'],1,,,Eastern Region,الخبر,False,empty,False,2017-07-01,,,2017.0,month-level,,Under construction,False,تجاري,تحت الإنشاء,"المنطقة الشرقية, الخبر"
مركز الوليد التجاري – Al Waleed Commercial Center,False,Commercial,['Commercial'],1,,,Eastern Region,الخبر,False,empty,False,2015-10-01,,,2015.0,month-level,,Under construction,False,تجاري,تحت الإنشاء,"المنطقة الشرقية, الخبر"
مطل – Mattal,False,Commercial,['Commercial'],1,,4900.0,Eastern Region,الخبر,False,ok,False,,,,,,,Announced,False,تجاري,معلن عنه,"المنطقة الشرقية, الخبر"
مركز البيلسان للمعارض –  BAY X,False,Commercial,['Commercial'],1,,5400.0,Makkah Al-Mokarramah,مدينة الملك عبدالله الاقتصادية,False,ok,False,2017-08-01,2018-02-16,199.0,2017.0,month-level,exact,Completed,False,تجاري,مكتمل,"منطقة مكة المكرمة, مدينة الملك عبدالله الاقتصادية"
فنادق تلال النسيم – AL NASSIM HOTEL,False,Commercial,"['Commercial', 'Hospitality']",2,,9500.0,,,False,ok,False,,,,,,,Announced,False,تجاري,معلن عنه,
برج الأندلس كراون – Al Andalus Crown Tower,False,Commercial,['Commercial'],1,,,Makkah Al-Mokarramah,جدة,False,empty,False,2012-09-30,2015-10-31,1126.0,2012.0,exact,month-level,Completed,False,تجاري,مكتمل,"منطقة مكة المكرمة, جدة"
مجمع مطاعم العيون – AL Oyoon Restaurants complex,False,Commercial,['Commercial'],1,,28000.0,Al-Madinah Al-Monawarah,المدينة المنورة,False,ok,False,,,,,,,Announced,False,تجاري,معلن عنه,"منطقة المدينة المنورة, المدينة المنورة"
فندق دبل تري من هيلتون جدة – DoubleTree by Hilton Jeddah,False,Commercial,"['Commercial', 'Hospitality']",2,,,Makkah Al-Mokarramah,جدة,False,empty,False,2017-05-10,2020-01-31,996.0,2017.0,exact,month-level,Under construction,False,تجاري,تحت الإنشاء,"منطقة مكة المكرمة, جدة"
تطوير عرقة القديمة – Old Arqah Development,False,Commercial,"['Commercial', 'Government', 'Hospitality', 'Leisure/Tourism']",4,,,Al-Riyadh,الرياض,False,empty,False,,,,,,,Announced,False,تجاري,معلن عنه,"منطقة الرياض, الرياض"
مركز أريك- AREIK Commercial Center,False,Commercial,['Commercial'],1,,11862.0,Al-Riyadh,الرياض,False,ok,False,,,,,,,Under construction,False,تجاري,تحت الإنشاء,"منطقة الرياض, الرياض"
المزاحمية آفنيو – MUZAHIMIYAH AVENUE,False,Commercial,['Commercial'],1,,12150.0,Al-Riyadh,المزاحمية,False,ok,False,,,,,,,Under construction,False,تجاري,تحت الإنشاء,"منطقة الرياض, المزاحمية"
مجمع مطاعم نجران – Najran Restaurants complex,False,Commercial,['Commercial'],1,,22696.0,Najran,نجران,False,ok,False,,,,,,,Under construction,False,تجاري,تحت الإنشاء,"نجران, منطقة نجران"
غالية سكوير – Ghalya Square,False,Commercial,['Commercial'],1,,,Al-Riyadh,الرياض,False,empty,False,,,,,,,Under construction,False,تجاري,تحت الإنشاء,"منطقة الرياض, الرياض"
برج سكني الدمام – Residential Tower Dammam,False,Commercial,"['Commercial', 'Residential']",2,,,Eastern Region,الدمام,False,empty,False,,,,,,,Announced,False,تجاري,معلن عنه,"المنطقة الشرقية, الدمام"
جدة مركز متعدد الاستخدام – Jeddah Mixed use building,False,Commercial,['Commercial'],1,,,Makkah Al-Mokarramah,جدة,False,empty,False,,,,,,,Announced,False,تجاري,معلن عنه,"منطقة مكة المكرمة, جدة"
مجمع مطاعم الحمراء – Hamra restaurants Campound,False,Commercial,['Commercial'],1,,,Makkah Al-Mokarramah,جدة,False,empty,False,,,,,,,Announced,False,تجاري,معلن عنه,"منطقة مكة المكرمة, جدة"
بيازا – Piaza,False,Commercial,"['Commercial', 'Residential']",2,,6674.0,Makkah Al-Mokarramah,جدة,False,ok,False,,,,,,,Announced,False,تجاري,معلن عنه,"منطقة مكة المكرمة, جدة"
توسعة وتطوير مول الفيصلية – Al Faisaliah mall development Project,False,Commercial,"['Commercial', 'Hospitality']",2,1125000000.0,16000.0,Al-Riyadh,الرياض,False,ok,True,,,,,,,Under construction,False,تجاري,تحت الإنشاء,"منطقة الرياض, الرياض"
مبنى ميتكو – Mitco Building,False,Commercial,['Commercial'],1,58000000.0,4200.0,Makkah Al-Mokarramah,جدة,False,ok,True,2012-02-11,2016-08-31,1663.0,2012.0,exact,month-level,Completed,False,تجاري,مكتمل,"منطقة مكة المكرمة, جدة"
مركز تجاري – Strip Mall,False,Commercial,['Commercial'],1,5000000.0,4200.0,Eastern Region,الخبر,False,ok,True,2017-07-22,2018-07-22,365.0,2017.0,exact,exact,Announced,False,تجاري,معلن عنه,"المنطقة الشرقية, الخبر"
تصميم الهوية لبنك الجزيرة – BRANCH BANK IDENTITY DESIGN FOR BANK AL-JAZI...,True,Commercial,['Commercial'],1,,3500.0,Al-Riyadh,الرياض,False,ok,False,,,,,,,Under construction,False,تجاري,تحت الإنشاء,"منطقة الرياض, الرياض"
الدمام افينيو – Dammam Avenue,False,Commercial,['Commercial'],1,18750000.0,9985.0,Eastern Region,الدمام,False,ok,True,,,,,,,Proposed,False,تجاري,المشاريع المقترحة,"المنطقة الشرقية, الدمام"
مدينتي – Madinati,False,Commercial,['Commercial'],1,,85000.0,Al-Riyadh,الرياض,False,ok,False,,,,,,,Proposed,False,تجاري,المشاريع المقترحة,"منطقة الرياض, الرياض"
فندق راديسون بلو الهداية – Radisson Blu Hotel Al Hidaya,False,Commercial,"['Commercial', 'Hospitality']",2,,,Makkah Al-Mokarramah,مكة المكرمة,False,empty,False,,2016-12-15,,,,exact,Completed,False,تجاري,مكتمل,"مكة المكرمة, منطقة مكة المكرمة"
الصالة الجديدة لشحن البضائع –  New cargo terminal,False,Commercial,"['Commercial', 'Infrastructure']",2,,119665.0,Al-Riyadh,الرياض,False,ok,False,,,,,,,Under construction,False,تجاري,تحت الإنشاء,"منطقة الرياض, الرياض"
فندق كورت يارد ماريوت وريزيدنس إن قرطبة – The Qurtubah Marriot Co...,True,Commercial,"['Commercial', 'Hospitality']",2,,8000.0,Al-Riyadh,الرياض,False,ok,False,,,,,,,Announced,False,تجاري,معلن عنه,"منطقة الرياض, الرياض"
مبنى مكتبي – OFFICE BUILDING,False,Commercial,['Commercial'],1,,850.0,Al-Riyadh,الرياض,False,ok,False,,,,,,,Under construction,False,تجاري,تحت الإنشاء,"منطقة الرياض, الرياض"
مجمع الجبيلة – Jubaylah Complex,False,Commercial,"['Commercial', 'Residential']",2,,,Al-Riyadh,الرياض,False,empty,False,,,,,,,Under construction,False,تجاري,تحت الإنشاء,"منطقة الرياض, الرياض"
فندق شذا جبل الكعبة مكة – Shaza Hotel Jabal Kaabah Makkah,False,Commercial,"['Commercial', 'Hospitality']",2,,1419.0,Makkah Al-Mokarramah,مكة المكرمة,False,ok,False,,2018-07-31,,,,month-level,Completed,False,تجاري,مكتمل,"مكة المكرمة, منطقة مكة المكرمة"
بافلينز – Pavilions,False,Commercial,['Commercial'],1,,16000.0,Al-Riyadh,الدرعية,False,ok,False,2015-01-01,2016-06-30,546.0,2015.0,year-level,month-level,Completed,False,تجاري,مكتمل,"منطقة الرياض, الدرعية"
اليمامة ثقافة بارك – Yamamah Culture Park,False,Commercial,"['Commercial', 'Hospitality', 'Leisure/Tourism']",3,,,Al-Riyadh,الرياض,False,empty,False,,,,,,,Under construction,False,تجاري,تحت الإنشاء,"منطقة الرياض, الرياض"
مجمع الباني 8144 – Albani complex 8144,False,Commercial,"['Commercial', 'Residential']",2,,,Al-Riyadh,الرياض,False,empty,False,,,,,,,Under construction,False,تجاري,تحت الإنشاء,"منطقة الرياض, الرياض"
سويس اوتيل الرياض – SWISSOTEL RIYADH,False,Commercial,"['Commercial', 'Hospitality']",2,,43000.0,Al-Riyadh,الرياض,False,ok,False,,,,,,,Announced,False,تجاري,معلن عنه,"منطقة الرياض, الرياض"
مجمع بوابة الرياض – Riyadh Gate,False,Commercial,['Commercial'],1,,16000.0,Al-Riyadh,الرياض,False,ok,False,,,,,,,Under construction,False,تجاري,تحت الإنشاء,"منطقة الرياض, الرياض"
نطاق ريفيرا – Netaq Revera,False,Commercial,['Commercial'],1,,,Al-Riyadh,الرياض,False,empty,False,,,,,,,Under construction,False,تجاري,تحت الإنشاء,"منطقة الرياض, الرياض"
السمو – AlSumo,False,Commercial,['Commercial'],1,,,Al-Riyadh,الرياض,False,empty,False,,,,,,,Under construction,False,تجاري,تحت الإنشاء,"منطقة الرياض, الرياض"
ذا زون – The Zone,False,Commercial,"['Commercial', 'Leisure/Tourism']",2,,50000.0,Al-Riyadh,الرياض,False,ok,False,2017-04-01,2018-12-31,639.0,2017.0,month-level,year-level,Delayed,True,تجاري,متأخر,"منطقة الرياض, الرياض"
ريف سنتر – Reef center,False,Commercial,['Commercial'],1,,9000.0,Al-Riyadh,الرياض,False,ok,False,,,,,,,Under construction,False,تجاري,تحت الإنشاء,"منطقة الرياض, الرياض"
أجمكان – AJMAKAN,False,Commercial,"['Commercial', 'Hospitality', 'Leisure/Tourism', 'Residential']",4,,1840000.0,Al-Riyadh,الرياض,False,ok,False,,,,,,,Stalled,True,تجاري,متعثر,"منطقة الرياض, الرياض"
مجمع الخبر – Khobar Complex,False,Commercial,"['Commercial', 'Hospitality', 'Residential']",3,,150000.0,Eastern Region,الخبر,False,ok,False,,,,,,,Proposed,False,تجاري,المشاريع المقترحة,"المنطقة الشرقية, الخبر"
مركز الجمجوم التجاري – Jamjoom Commercial Centre,False,Commercial,"['Commercial', 'Residential']",2,1000000000.0,53545.0,Makkah Al-Mokarramah,جدة,False,ok,True,1980-09-01,1987-12-31,2677.0,1980.0,month-level,year-level,Completed,False,تجاري,مكتمل,"منطقة مكة المكرمة, جدة"
السعادة سكوير – Alsaadah Square,False,Commercial,['Commercial'],1,,7000.0,Al-Qaseem,الرس,False,ok,False,,,,,,,Under construction,False,تجاري,تحت الإنشاء,"منطقة القصيم, الرس"
الفرسان بلازا – ALfursan Plaza,False,Commercial,['Commercial'],1,,24000.0,Al-Riyadh,الرياض,False,ok,False,,,,,,,Under construction,False,تجاري,تحت الإنشاء,"منطقة الرياض, الرياض"
بوابة قرطبة – Qortuba Gate,False,Commercial,['Commercial'],1,,,Al-Riyadh,الرياض,False,empty,False,,,,,,,Under construction,False,تجاري,تحت الإنشاء,"منطقة الرياض, الرياض"
فندق بارك ان الرياض – Riyadh Park in Hotel,False,Commercial,"['Commercial', 'Hospitality']",2,,5000.0,Al-Riyadh,الرياض,False,ok,False,,,,,,,Under construction,False,تجاري,تحت الإنشاء,"منطقة الرياض, الرياض"
برج أدكس – ADEX Towers,False,Commercial,['Commercial'],1,,,Makkah Al-Mokarramah,جدة,False,empty,False,2008-07-01,2010-12-31,913.0,2008.0,month-level,year-level,Completed,False,تجاري,مكتمل,"منطقة مكة المكرمة, جدة"
مجمع الأعمال – Business Park,False,Commercial,"['Commercial', 'Hospitality']",2,,6500.0,Eastern Region,الدمام,False,ok,False,2017-07-01,,,2017.0,month-level,,Under construction,False,تجاري,تحت الإنشاء,"المنطقة الشرقية, الدمام"
مقصد – Maqsad,False,Commercial,['Commercial'],1,,4000.0,Al-Riyadh,الرياض,False,ok,False,,,,,,,Under construction,False,تجاري,تحت الإنشاء,"منطقة الرياض, الرياض"
عمارة الملكة – Queen’s Building,False,Commercial,['Commercial'],1,95000000.0,3600.0,Makkah Al-Mokarramah,جدة,False,ok,True,1971-01-01,1973-12-31,1095.0,1971.0,year-level,year-level,Completed,False,تجاري,مكتمل,"منطقة مكة المكرمة, جدة"
أبراج التوأم – Twin towers,False,Commercial,"['Commercial', 'Residential']",2,,3100.0,Eastern Region,الخبر,False,ok,False,2016-12-01,,,2016.0,month-level,,Under construction,False,تجاري,تحت الإنشاء,"المنطقة الشرقية, الخبر"
غاليريا مول – Galleria Mall,False,Commercial,['Commercial'],1,94506300.0,,Eastern Region,الجبيل الصناعية,False,empty,True,2009-01-01,2016-11-10,2870.0,2009.0,year-level,exact,Completed,False,تجاري,مكتمل,"المنطقة الشرقية, الجبيل الصناعية"
معارض مجموعة محمد يوسف ناغي,False,Commercial,['Commercial'],1,,,Al-Riyadh,الرياض,False,empty,False,,,,,,,Under construction,False,تجاري,تحت الإنشاء,"منطقة الرياض, الرياض"
سكاورا بلازا – Sakura Plaza,False,Commercial,['Commercial'],1,,7682.0,Makkah Al-Mokarramah,جدة,False,ok,False,2007-01-01,2011-12-31,1825.0,2007.0,year-level,year-level,Completed,False,تجاري,مكتمل,"منطقة مكة المكرمة, جدة"
مركز النور التجاري – Al-Noor Center,False,Commercial,['Commercial'],1,,75400.0,Makkah Al-Mokarramah,مكة المكرمة,False,ok,False,2015-01-01,,,2015.0,year-level,,Under construction,False,تجاري,تحت الإنشاء,"مكة المكرمة, منطقة مكة المكرمة"
ابراج النورس –  Al Nawras Towers,False,Commercial,"['Commercial', 'Residential']",2,,,Makkah Al-Mokarramah,جدة,False,empty,False,2020-01-01,,,2020.0,year-level,,Proposed,False,تجاري,المشاريع المقترحة,"منطقة مكة المكرمة, جدة"
توسعة المعذر بلازا – AL MAATHER EXTENSION,False,Commercial,['Commercial'],1,,12000.0,Al-Riyadh,الرياض,False,ok,False,,,,,,,Under construction,False,تجاري,تحت الإنشاء,"منطقة الرياض, الرياض"
مركز الروضة التجاري – Al-Rawdah Commercial Center,False,Commercial,"['Commercial', 'Hospitality', 'Residential']",3,,70000.0,Makkah Al-Mokarramah,جدة,False,ok,False,,,,,,,Announced,False,تجاري,معلن عنه,"منطقة مكة المكرمة, جدة"
منازل الشلال – The Waterfall,False,Commercial,"['Commercial', 'Government', 'Residential']",3,,4887.0,Al-Riyadh,الرياض,False,ok,False,2010-01-01,,,2010.0,year-level,,Stalled,True,تجاري,متعثر,"منطقة الرياض, الرياض"
برج الهلال – Hilal Tower,False,Commercial,"['Commercial', 'Government', 'Residential']",3,,4869.0,Al-Riyadh,الرياض,False,ok,False,2010-06-01,,,2010.0,month-level,,Stalled,True,تجاري,متعثر,"منطقة الرياض, الرياض"
سوق تجاري – Commercial Center,False,Commercial,['Commercial'],1,,,Makkah Al-Mokarramah,جدة,False,empty,False,2013-08-01,2017-03-31,1338.0,2013.0,month-level,month-level,Completed,False,تجاري,مكتمل,"منطقة مكة المكرمة, جدة"
برج مقرنص – Muqarnas Tower,False,Commercial,"['Commercial', 'Government']",2,,,Al-Riyadh,الرياض,False,empty,False,2009-05-01,,,2009.0,month-level,,Stalled,True,تجاري,متعثر,"منطقة الرياض, الرياض"
مركز كنانة – Kinana Center,False,Commercial,"['Commercial', 'Hospitality']",2,,35000.0,Makkah Al-Mokarramah,جدة,False,ok,False,2015-06-28,,,2015.0,exact,,Under construction,False,تجاري,تحت الإنشاء,"منطقة مكة المكرمة, جدة"
جوهرة بوابة جدة – The Jewel of Jeddah Gate,False,Commercial,"['Commercial', 'Residential']",2,,22358.0,Makkah Al-Mokarramah,جدة,False,ok,False,,,,,,,Proposed,False,تجاري,المشاريع المقترحة,"منطقة مكة المكرمة, جدة"
مجمع كناري السكني بالخبر – Canary Residential Community Al Kobar,False,Commercial,"['Commercial', 'Residential']",2,685000000.0,375000.0,Eastern Region,الخبر,False,ok,True,2014-01-13,,,2014.0,exact,,Under construction,False,تجاري,تحت الإنشاء,"المنطقة الشرقية, الخبر"
مراكز ايكيا للطلب والإستلام في مدن السعودية – IKEA Pick-u...,True,Commercial,['Commercial'],1,120000000.0,,Al-Madinah Al-Monawarah / Eastern Region / Al-Riyadh / Makkah Al-Mokarramah / Al-Qaseem,"ينبع, الأحساء, الجبيل الصناعية, الخرج, الطائف, عنيزة",True,no_digits,True,2016-03-01,,,2016.0,month-level,,Under construction,False,تجاري,تحت الإنشاء,"ينبع, الأحساء, الجبيل الصناعية, الخرج, الطائف, عنيزة"
كليات الغد الدولية للعلوم الصحية التطبيقية بالمدينة ا�...,True,Commercial,"['Commercial', 'Education']",2,,220000.0,Al-Madinah Al-Monawarah,المدينة المنورة,False,ok,False,,,,,,,Announced,False,تجاري,معلن عنه,"منطقة المدينة المنورة, المدينة المنورة"
بارك إن مدينة الملك عبد الله الاقتصادية – Park Inn by Radisso...,True,Commercial,"['Commercial', 'Hospitality']",2,,10000.0,Makkah Al-Mokarramah,مدينة الملك عبدالله الاقتصادية,False,ok,False,,2019-05-23,,,,exact,Announced,False,تجاري,معلن عنه,"منطقة مكة المكرمة, مدينة الملك عبدالله الاقتصادية"
القرية العمالية في مدينة سدير للصناعة والأعمال – Sudai...,True,Commercial,"['Commercial', 'Residential']",2,155000000.0,30000.0,Al-Riyadh,مدينة سدير للصناعة والأعمال,False,ok,True,2016-02-01,2017-03-23,416.0,2016.0,month-level,exact,Delayed,True,تجاري,متأخر,"منطقة الرياض, مدينة سدير للصناعة والأعمال"
مجمع مدينة سدير للصناعة والأعمال التجاري – Sudair City for...,True,Commercial,"['Commercial', 'Health', 'Hospitality']",3,,122000.0,Al-Riyadh,مدينة سدير للصناعة والأعمال,False,ok,False,2016-10-01,,,2016.0,month-level,,Under construction,False,تجاري,تحت الإنشاء,"منطقة الرياض, مدينة سدير للصناعة والأعمال"
توسعة مصنع سبيماكو الدوائية – Expansion of Spimaco Pharmaceutical Fact...,True,Commercial,"['Commercial', 'Industrial']",2,123750000.0,11000.0,Al-Qaseem,بريدة,False,ok,True,2016-06-07,2017-10-10,490.0,2016.0,exact,exact,Delayed,True,تجاري,متأخر,"منطقة القصيم, بريدة"
تيرا مول الطائف – Tera Mall Taif,False,Commercial,"['Commercial', 'Leisure/Tourism']",2,500000000.0,120000.0,Makkah Al-Mokarramah,الطائف,False,ok,True,2016-11-09,2019-04-04,876.0,2016.0,exact,exact,Completed,False,تجاري,مكتمل,"منطقة مكة المكرمة, الطائف"
فالي سنتر – Valley Centre,False,Commercial,"['Commercial', 'Leisure/Tourism']",2,,15000.0,Makkah Al-Mokarramah,الطائف,False,ok,False,2014-11-12,2017-04-19,889.0,2014.0,exact,exact,Completed,False,تجاري,مكتمل,"منطقة مكة المكرمة, الطائف"
كليات سليمان الراجحي – Sulaiman Al Rajhi Colleges,False,Commercial,"['Commercial', 'Education']",2,,1200000.0,Al-Qaseem,البكيرية,False,ok,False,2011-05-17,,,2011.0,exact,,Under construction,False,تجاري,تحت الإنشاء,"منطقة القصيم, البكيرية"
الراقي افينيو مول,False,Commercial,"['Commercial', 'Leisure/Tourism']",2,,41000.0,Tabouk,,False,ok,False,,,,,,,Completed,False,تجاري,مكتمل,منطقة تبوك
ميركاتو – Mercato,False,Commercial,['Commercial'],1,,7554.0,Al-Riyadh,الرياض,False,ok,False,2017-01-01,2017-12-31,364.0,2017.0,year-level,year-level,Delayed,True,تجاري,متأخر,"منطقة الرياض, الرياض"
النخيل مول الدمام – Al Nakheel Mall Dammam,False,Commercial,"['Commercial', 'Leisure/Tourism']",2,,88143.0,Eastern Region,الدمام,False,ok,False,2016-11-01,2019-04-30,910.0,2016.0,month-level,month-level,Delayed,True,تجاري,متأخر,"المنطقة الشرقية, الدمام"
المحكمة الإدارية لديوان المظالم – Administrative Court,False,Commercial,"['Commercial', 'Government']",2,262609864.0,25000.0,Makkah Al-Mokarramah,جدة,False,ok,True,2016-02-23,2019-06-30,1223.0,2016.0,exact,month-level,Delayed,True,تجاري,متأخر,"منطقة مكة المكرمة, جدة"
مركز صيانة المحركات النفاثة بجدة  – SAEI Jet Propulsion Center Jed...,True,Commercial,"['Commercial', 'Industrial']",2,470000000.0,57750.0,Makkah Al-Mokarramah,جدة,False,ok,True,2013-01-01,2016-05-31,1246.0,2013.0,year-level,month-level,Delayed,True,تجاري,متأخر,"منطقة مكة المكرمة, جدة"
كليات الغد الدولية للعلوم الصحية التطبيقية بالدمام ̵...,True,Commercial,"['Commercial', 'Education']",2,,880000.0,Eastern Region,الظهران,False,ok,False,,,,,,,Announced,False,تجاري,معلن عنه,"المنطقة الشرقية, الظهران"
برج المخمل – Al Mukmal Tower,False,Commercial,['Commercial'],1,,,Makkah Al-Mokarramah,جدة,False,empty,False,2008-07-01,2010-12-31,913.0,2008.0,month-level,year-level,Completed,False,تجاري,مكتمل,"منطقة مكة المكرمة, جدة"
كليات الغد الدولية للعلوم الصحية التطبيقية بجدة – Al-...,True,Commercial,"['Commercial', 'Education']",2,,220000.0,Makkah Al-Mokarramah,جدة,False,ok,False,,,,,,,Announced,False,تجاري,معلن عنه,"منطقة مكة المكرمة, جدة"
إسكان أفنيو درة الرياض – Avenue Durrat Arriyadh,False,Commercial,"['Commercial', 'Residential']",2,,17000.0,Al-Riyadh,الرياض,False,ok,False,,,,,,,Announced,False,تجاري,معلن عنه,"منطقة الرياض, الرياض"
العسكر افنيو مول – Al Askar Avenue Mall,False,Commercial,"['Commercial', 'Leisure/Tourism']",2,,20000.0,Al-Riyadh,الخرج,False,ok,False,2017-01-15,,,2017.0,exact,,Under construction,False,تجاري,تحت الإنشاء,"منطقة الرياض, الخرج"
تطوير جبل الشراشف – Al Sharashif Development,False,Commercial,"['Commercial', 'Hospitality', 'Infrastructure', 'Residential']",4,,9714000.0,Makkah Al-Mokarramah,مكة المكرمة,False,ok,False,,,,,,,Announced,False,تجاري,معلن عنه,"مكة المكرمة, منطقة مكة المكرمة"
تطوير قوز النكاسة – Nakkasa Development,False,Commercial,"['Commercial', 'Hospitality', 'Residential']",3,,469612.0,Makkah Al-Mokarramah,مكة المكرمة,False,ok,False,,,,,,,Announced,False,تجاري,معلن عنه,"مكة المكرمة, منطقة مكة المكرمة"
درب المشاعر – Darb Al Mashaer,False,Commercial,"['Commercial', 'Government', 'Hospitality', 'Residential']",4,7000000000.0,98562.0,Makkah Al-Mokarramah,مكة المكرمة,False,ok,True,,,,,,,Announced,False,تجاري,معلن عنه,"مكة المكرمة, منطقة مكة المكرمة"
تطوير جبل محبس الجن – Jabal Mahbas El Jin Development,False,Commercial,"['Commercial', 'Health', 'Hospitality', 'Residential']",4,,500000.0,Makkah Al-Mokarramah,مكة المكرمة,False,ok,False,,,,,,,Proposed,False,تجاري,المشاريع المقترحة,"مكة المكرمة, منطقة مكة المكرمة"
سنترو الخرج – Centro Al-Kharj,False,Commercial,['Commercial'],1,,34000.0,Al-Riyadh,الخرج,False,ok,False,2016-03-01,2016-12-31,305.0,2016.0,month-level,year-level,Completed,False,تجاري,مكتمل,"منطقة الرياض, الخرج"
عنيزة بلازا – UNAYZAH PLAZA,False,Commercial,['Commercial'],1,,15053.0,Al-Qaseem,عنيزة,False,ok,False,2016-12-17,2017-07-31,226.0,2016.0,exact,month-level,Completed,False,تجاري,مكتمل,"منطقة القصيم, عنيزة"
الفراشة – The Butterfly,False,Commercial,"['Commercial', 'Residential']",2,,7072.0,Al-Riyadh,الرياض,False,ok,False,2010-04-01,,,2010.0,month-level,,Stalled,True,تجاري,متعثر,"منطقة الرياض, الرياض"
الشرفة – The Terraces,False,Commercial,"['Commercial', 'Residential']",2,,4500.0,Al-Riyadh,الرياض,False,ok,False,2010-01-01,,,2010.0,year-level,,Stalled,True,تجاري,متعثر,"منطقة الرياض, الرياض"
بوابة الاعمال – Business Gate,False,Commercial,['Commercial'],1,,29000.0,Eastern Region,الدمام,False,ok,False,2009-01-01,2013-05-31,1611.0,2009.0,year-level,month-level,Completed,False,تجاري,مكتمل,"المنطقة الشرقية, الدمام"
مصنع اسمنت اليمامة الجديد – New Yamama Cement Factory,False,Commercial,"['Commercial', 'Industrial']",2,4200000000.0,12000000.0,Al-Riyadh,الرياض,False,ok,True,2015-03-01,2018-06-30,1217.0,2015.0,month-level,month-level,Delayed,True,تجاري,متأخر,"منطقة الرياض, الرياض"
مكاتب إدارية خاصة – VIPOFFICES,False,Commercial,['Commercial'],1,,870.0,Al-Riyadh,الرياض,False,ok,False,,2017-01-31,,,,month-level,Completed,False,تجاري,مكتمل,"منطقة الرياض, الرياض"
ابراج السبيعي الخبر – Al Subeaei Towers,False,Commercial,"['Commercial', 'Residential']",2,84000000.0,39000.0,Eastern Region,الخبر,False,ok,True,,2005-01-01,,,,exact,Completed,False,تجاري,مكتمل,"المنطقة الشرقية, الخبر"
إعمار سكوير – Emaar Square,False,Commercial,['Commercial'],1,,,Makkah Al-Mokarramah,جدة,False,empty,False,2014-07-01,2017-01-31,945.0,2014.0,month-level,month-level,Completed,False,تجاري,مكتمل,"منطقة مكة المكرمة, جدة"
موڤنبيك حراء – Mövenpick Heraa,False,Commercial,"['Commercial', 'Hospitality']",2,,10200.0,Makkah Al-Mokarramah,جدة,False,ok,False,,2019-03-31,,,,month-level,Announced,False,تجاري,معلن عنه,"منطقة مكة المكرمة, جدة"
مقر شركة فواز الحكير – Fawaz Al Hokair Company Headquarters,False,Commercial,['Commercial'],1,,60000.0,Al-Riyadh,الرياض,False,ok,False,,,,,,,Announced,False,تجاري,معلن عنه,"منطقة الرياض, الرياض"
القويعية مول – AlQuwayiyah Mall,False,Commercial,"['Commercial', 'Leisure/Tourism']",2,,66000.0,Al-Riyadh,القويعية,False,ok,False,2016-05-01,,,2016.0,month-level,,Under construction,False,تجاري,تحت الإنشاء,"منطقة الرياض, القويعية"
فندق فينو – Venu Hotel,False,Commercial,"['Commercial', 'Hospitality', 'Residential']",3,,30837.0,Makkah Al-Mokarramah,جدة,False,ok,False,2015-01-01,,,2015.0,year-level,,Under construction,False,تجاري,تحت الإنشاء,"منطقة مكة المكرمة, جدة"
الوادي بلازا – WADI PLAZA,False,Commercial,['Commercial'],1,,16000.0,Al-Riyadh,وادي الدواسر,False,ok,False,,2015-11-01,,,,exact,Completed,False,تجاري,مكتمل,"وادي الدواسر, منطقة الرياض"
جاردن بلازا المدينة المنورة – Garden Plaza Medina,False,Commercial,['Commercial'],1,,10000.0,Al-Madinah Al-Monawarah,المدينة المنورة,False,ok,False,2015-01-01,,,2015.0,year-level,,Under construction,False,تجاري,تحت الإنشاء,"منطقة المدينة المنورة, المدينة المنورة"
ضباء بلازا – DUBA PLAZA,False,Commercial,['Commercial'],1,,15000.0,Tabouk,ضبا,False,ok,False,,2016-12-01,,,,exact,Completed,False,تجاري,مكتمل,"منطقة تبوك, ضبا"
بوقنڤيليا جدة – Bougainvillea Jeddah,False,Commercial,['Commercial'],1,,4000.0,Makkah Al-Mokarramah,جدة,False,ok,False,2007-01-01,2012-02-29,1885.0,2007.0,year-level,month-level,Completed,False,تجاري,مكتمل,"منطقة مكة المكرمة, جدة"
مركز عمليات مصرف الراجحي – Al Rajhi Bank Operations Center,False,Commercial,['Commercial'],1,,32000.0,Al-Riyadh,الرياض,False,ok,False,2013-11-01,,,2013.0,month-level,,Under construction,False,تجاري,تحت الإنشاء,"منطقة الرياض, الرياض"
الفارسي بلازا المونسية – AlFarsi Plaza-Al Munsiyah,False,Commercial,"['Commercial', 'Leisure/Tourism']",2,,6000.0,Al-Riyadh,الرياض,False,ok,False,,,,,,,Completed,False,تجاري,مكتمل,"منطقة الرياض, الرياض"
برج الخير – AlKhair Tower,False,Commercial,['Commercial'],1,,6700.0,Makkah Al-Mokarramah,جدة,False,ok,False,2011-05-01,2016-02-29,1765.0,2011.0,month-level,month-level,Completed,False,تجاري,مكتمل,"منطقة مكة المكرمة, جدة"
ذا جراند – The Grand,False,Commercial,"['Commercial', 'Residential']",2,,3133.0,Al-Riyadh,الرياض,False,ok,False,2017-01-01,,,2017.0,year-level,,Under construction,False,تجاري,تحت الإنشاء,"منطقة الرياض, الرياض"
مركز الربيع التجاري – Arrabih Commercial Center,False,Commercial,['Commercial'],1,,10000.0,Makkah Al-Mokarramah,جدة,False,ok,False,2014-02-01,2016-08-31,942.0,2014.0,month-level,month-level,Completed,False,تجاري,مكتمل,"منطقة مكة المكرمة, جدة"
برانده الدمام – Brandah Dammam,False,Commercial,['Commercial'],1,5000000.0,9985.0,Eastern Region,الدمام,False,ok,True,,,,,,,Under construction,False,تجاري,تحت الإنشاء,"المنطقة الشرقية, الدمام"
فينتورا – Ventora,False,Commercial,['Commercial'],1,,,Al-Riyadh,الرياض,False,empty,False,,,,,,,Completed,False,تجاري,مكتمل,"منطقة الرياض, الرياض"
فندق النخيل بي – Alnakhel B Hotel,False,Commercial,"['Commercial', 'Hospitality']",2,,,Al-Riyadh,الرياض,False,empty,False,,,,,,,Under construction,False,تجاري,تحت الإنشاء,"منطقة الرياض, الرياض"
بنايات سنتر – Binayat Center,False,Commercial,['Commercial'],1,,,Al-Riyadh,الرياض,False,empty,False,,,,,,,Under construction,False,تجاري,تحت الإنشاء,"منطقة الرياض, الرياض"
مجمع تجاري,False,Commercial,['Commercial'],1,,,Al-Riyadh,الرياض,False,empty,False,,,,,,,Announced,False,تجاري,معلن عنه,"منطقة الرياض, الرياض"
مياسم – Mayasem,False,Commercial,"['Commercial', 'Education', 'Hospitality', 'Residential']",4,,,Makkah Al-Mokarramah,جدة,False,empty,False,2014-04-01,,,2014.0,month-level,,Under construction,False,تجاري,تحت الإنشاء,"منطقة مكة المكرمة, جدة"
جبل خندمة – Jabal Khandamah,False,Commercial,"['Commercial', 'Health', 'Hospitality', 'Residential']",4,,910000.0,Makkah Al-Mokarramah,مكة المكرمة,False,ok,False,2018-07-01,2030-12-31,4566.0,2018.0,month-level,year-level,Announced,False,تجاري,معلن عنه,"مكة المكرمة, منطقة مكة المكرمة"
مجمع ivy square,False,Commercial,['Commercial'],1,,750.0,Al-Riyadh,الرياض,False,ok,False,,,,,,,Under construction,False,تجاري,تحت الإنشاء,"منطقة الرياض, الرياض"
مجمع متعدد الإستخدامات – Mixed Use Complex,False,Commercial,"['Commercial', 'Hospitality', 'Residential']",3,234000000.0,220000.0,Makkah Al-Mokarramah,جدة,False,ok,True,2016-01-01,,,2016.0,year-level,,Under construction,False,تجاري,تحت الإنشاء,"منطقة مكة المكرمة, جدة"
مجمع سكني – Condominium,False,Commercial,"['Commercial', 'Residential']",2,,67600.0,Makkah Al-Mokarramah,جدة,False,ok,False,2016-01-01,,,2016.0,year-level,,Under construction,False,تجاري,تحت الإنشاء,"منطقة مكة المكرمة, جدة"
مركز الأعمال – Bay View Business Park,False,Commercial,['Commercial'],1,,120000.0,Makkah Al-Mokarramah,مدينة الملك عبدالله الاقتصادية,False,ok,False,,2015-12-31,,,,year-level,Completed,False,تجاري,مكتمل,"منطقة مكة المكرمة, مدينة الملك عبدالله الاقتصادية"
مركز ماسك للأعمال – MASIC Business Center,False,Commercial,['Commercial'],1,,3840.0,Makkah Al-Mokarramah,جدة,False,ok,False,2015-06-01,,,2015.0,month-level,,Under construction,False,تجاري,تحت الإنشاء,"منطقة مكة المكرمة, جدة"
مبنى إداري تجاري – Commercial Building,False,Commercial,['Commercial'],1,,2260.0,Makkah Al-Mokarramah,جدة,False,ok,False,2014-08-01,2018-05-31,1399.0,2014.0,month-level,month-level,Completed,False,تجاري,مكتمل,"منطقة مكة المكرمة, جدة"
مجمع النورس السكني – Nawras Residential Complex,False,Commercial,"['Commercial', 'Residential']",2,430000000.0,,Makkah Al-Mokarramah,جدة,False,empty,True,,,,,,,Under construction,False,تجاري,تحت الإنشاء,"منطقة مكة المكرمة, جدة"
لافيردا – Laverda,False,Commercial,['Commercial'],1,,4700.0,Al-Riyadh,الرياض,False,ok,False,,,,,,,Under construction,False,تجاري,تحت الإنشاء,"منطقة الرياض, الرياض"
بفيليون الخبر – Pavilion Al Khobar,False,Commercial,['Commercial'],1,,10000.0,Eastern Region,الخبر,False,ok,False,2015-02-01,2018-12-31,1429.0,2015.0,month-level,year-level,Completed,False,تجاري,مكتمل,"المنطقة الشرقية, الخبر"
مقر شركة الفهاد للسفر والسياحة,False,Commercial,['Commercial'],1,700000.0,500.0,Al-Riyadh,الرياض,False,ok,True,2017-03-01,2017-06-01,92.0,2017.0,month-level,exact,Delayed,True,تجاري,متأخر,الرياض
فندق آل مسعد – ALMASAAD HOTEL,False,Commercial,"['Commercial', 'Hospitality']",2,,,Al-Madinah Al-Monawarah,ينبع,False,empty,False,2015-12-24,2017-06-01,525.0,2015.0,exact,exact,Delayed,True,تجاري,متأخر,"ينبع, منطقة المدينة المنورة"
جميل سكوير – Jamel Square,False,Commercial,['Commercial'],1,,7500.0,Makkah Al-Mokarramah,جدة,False,ok,False,2006-08-01,2009-07-01,1065.0,2006.0,month-level,exact,Completed,False,تجاري,مكتمل,"منطقة مكة المكرمة, جدة"
برج الشيخ يوسف محمد ناغي – Shikh Yousif Naghi Tower,False,Commercial,['Commercial'],1,,,Makkah Al-Mokarramah,جدة,False,empty,False,2014-12-01,,,2014.0,month-level,,Under construction,False,تجاري,تحت الإنشاء,"منطقة مكة المكرمة, جدة"
الرياض بروميناد – Riyadh Promenade,False,Commercial,"['Commercial', 'Leisure/Tourism', 'Residential']",3,,40000.0,Al-Riyadh,الرياض,False,ok,False,,,,,,,Announced,False,تجاري,معلن عنه,"منطقة الرياض, الرياض"
درة الهدا السكني – DURRAT AL HADA,False,Commercial,"['Commercial', 'Residential']",2,,229685.0,Al-Riyadh,الرياض,False,ok,False,2017-08-01,,,2017.0,month-level,,Under construction,False,تجاري,تحت الإنشاء,"منطقة الرياض, الرياض"
برج العيسائي – Al Esayi Tower,False,Commercial,['Commercial'],1,100000000.0,1280.0,Makkah Al-Mokarramah,جدة,False,ok,True,2007-12-09,2014-12-31,2579.0,2007.0,exact,year-level,Stalled,True,تجاري,متعثر,"منطقة مكة المكرمة, جدة"
فندق الفالح – Alfaleh Hotel,False,Commercial,"['Commercial', 'Hospitality']",2,,3200.0,Al-Riyadh,الرياض,False,ok,False,,,,,,,Under construction,False,تجاري,تحت الإنشاء,"منطقة الرياض, الرياض"
منتجع بوابة الصحراء – Desert Gate Resort,False,Commercial,"['Commercial', 'Hospitality', 'Residential']",3,,180000.0,Al-Riyadh,الرياض,False,ok,False,,,,,,,Under construction,False,تجاري,تحت الإنشاء,"منطقة الرياض, الرياض"
ليقيندا الخبر – Legenda Khobar,False,Commercial,"['Commercial', 'Sports']",2,,,Eastern Region,الخبر,False,empty,False,2015-05-01,,,2015.0,month-level,,Under construction,False,تجاري,تحت الإنشاء,"المنطقة الشرقية, الخبر"
مجمع الهدا السكني – AL HADA COMPOUND,False,Commercial,"['Commercial', 'Residential']",2,,37000.0,Al-Riyadh,الرياض,False,ok,False,,,,,,,Announced,False,تجاري,معلن عنه,"منطقة الرياض, الرياض"
مانسارد – Mansard,False,Commercial,"['Commercial', 'Hospitality', 'Residential']",3,,,Al-Riyadh,الرياض,False,empty,False,2015-01-01,2017-12-31,1095.0,2015.0,year-level,year-level,Delayed,True,تجاري,متأخر,"منطقة الرياض, الرياض"
جادة الشفا – Alshefa Boulevard,False,Commercial,"['Commercial', 'Government', 'Hospitality', 'Infrastructure', 'Leisure/Tourism']",5,90000000.0,6000000.0,Makkah Al-Mokarramah,"مكة المكرمة, الطائف",False,ok,True,,,,,,,Under construction,False,تجاري,تحت الإنشاء,"مكة المكرمة, الطائف"
منتجع وادي الهدا – Wadi Al Hada Resorts,False,Commercial,"['Commercial', 'Residential']",2,,214992.0,Al-Riyadh,الرياض,False,ok,False,2017-12-01,,,2017.0,month-level,,Under construction,False,تجاري,تحت الإنشاء,"منطقة الرياض, الرياض"
الواحة مول الحمدانية – Oasis Mall Hamdaniya,False,Commercial,['Commercial'],1,,28882.0,Makkah Al-Mokarramah,جدة,False,ok,False,,2019-03-01,,,,exact,Delayed,True,تجاري,متأخر,"منطقة مكة المكرمة, جدة"
سُكنى – Sukna,False,Commercial,"['Commercial', 'Government', 'Religious/Charity', 'Residential', 'Sports']",5,,1414221.0,Makkah Al-Mokarramah,جدة,False,ok,False,2016-11-01,2020-12-31,1521.0,2016.0,month-level,year-level,Under construction,False,تجاري,تحت الإنشاء,"منطقة مكة المكرمة, جدة"
مبني تجاري فندقي,False,Commercial,"['Commercial', 'Hospitality']",2,,4222.0,Al-Riyadh,الرياض,False,ok,False,,,,,,,Under construction,False,تجاري,تحت الإنشاء,"منطقة الرياض, الرياض"
مبني تجاري اداري,False,Commercial,['Commercial'],1,,4600.0,Al-Riyadh,الرياض,False,ok,False,,,,,,,Under construction,False,تجاري,تحت الإنشاء,"منطقة الرياض, الرياض"
مبنى تجاري,False,Commercial,['Commercial'],1,,5033.0,Al-Riyadh,الرياض,False,ok,False,,,,,,,Under construction,False,تجاري,تحت الإنشاء,"منطقة الرياض, الرياض"
تركي سكوير – Turki Square,False,Commercial,['Commercial'],1,,2753.0,Al-Riyadh,الرياض,False,ok,False,2014-11-01,2018-04-30,1276.0,2014.0,month-level,month-level,Completed,False,تجاري,مكتمل,"منطقة الرياض, الرياض"
سيتي لايف بلازا – المونسية – الرياض  City life plaza –...,True,Commercial,['Commercial'],1,,14000.0,Al-Riyadh,الرياض,False,ok,False,2016-07-10,2017-05-01,295.0,2016.0,exact,exact,Delayed,True,تجاري,متأخر,"منطقة الرياض, الرياض"
المكان بلازا الأفلاج,False,Commercial,['Commercial'],1,,11104.0,Al-Riyadh,الأفلاج,False,ok,False,2015-01-01,2015-10-15,287.0,2015.0,year-level,exact,Completed,False,تجاري,مكتمل,"منطقة الرياض, الأفلاج"
برج الحقيط –  Hugayet Tower,False,Commercial,['Commercial'],1,100000000.0,8000.0,Eastern Region,الخبر,False,ok,True,2005-06-01,2009-09-01,1553.0,2005.0,month-level,exact,Completed,False,تجاري,مكتمل,"المنطقة الشرقية, الخبر"
مركز إبراهيم – Ibrahim Center,False,Commercial,['Commercial'],1,,7100.0,Makkah Al-Mokarramah,جدة,False,ok,False,2015-01-01,2018-12-31,1460.0,2015.0,year-level,year-level,Completed,False,تجاري,مكتمل,"منطقة مكة المكرمة, جدة"
سوق حطين – Hiteen Souk,False,Commercial,['Commercial'],1,,7767.0,Al-Riyadh,الرياض,False,ok,False,,,,,,,Under construction,False,تجاري,تحت الإنشاء,"منطقة الرياض, الرياض"
بلازو – Palazzo,False,Commercial,['Commercial'],1,,5936.0,Al-Riyadh,الرياض,False,ok,False,2016-03-01,2016-11-30,274.0,2016.0,month-level,month-level,Completed,False,تجاري,مكتمل,"منطقة الرياض, الرياض"
مجمع مطاعم ومكاتب مقترح 2,False,Commercial,['Commercial'],1,,,Al-Riyadh,الرياض,False,empty,False,,,,,,,Proposed,False,تجاري,المشاريع المقترحة,"منطقة الرياض, الرياض"
مجمع مطاعم ومكاتب مقترح 1,False,Commercial,['Commercial'],1,,5100.0,Al-Riyadh,الرياض,False,ok,False,,,,,,,Proposed,False,تجاري,المشاريع المقترحة,"منطقة الرياض, الرياض"
ميليز بوليڤارد – Melez BLVD,False,Commercial,['Commercial'],1,,,Al-Riyadh,الرياض,False,empty,False,,,,,,,Under construction,False,تجاري,تحت الإنشاء,"منطقة الرياض, الرياض"
مجمع مطاعم طريف,False,Commercial,['Commercial'],1,,4096.0,Al-Riyadh,الرياض,False,ok,False,,,,,,,Under construction,False,تجاري,تحت الإنشاء,"منطقة الرياض, الرياض"
الراشد ميجا مول – Alrashid Mega Mall,False,Commercial,"['Commercial', 'Hospitality']",2,300000000.0,142000.0,Aseer,أبها,False,ok,True,2013-12-01,,,2013.0,month-level,,Under construction,False,تجاري,تحت الإنشاء,"منطقة عسير, أبها"
مقر شركة دهانات الجزيرة,False,Commercial,['Commercial'],1,,,Al-Riyadh,الرياض,False,empty,False,,,,,,,Under construction,False,تجاري,تحت الإنشاء,"منطقة الرياض, الرياض"
مجمع ليفيلز,False,Commercial,['Commercial'],1,,,Al-Riyadh,الرياض,False,empty,False,,,,,,,Under construction,False,تجاري,تحت الإنشاء,"منطقة الرياض, الرياض"
جزر البندقية – Venice Island,False,Commercial,"['Commercial', 'Health', 'Infrastructure', 'Leisure/Tourism', 'Residential']",5,1000000000.0,36000000.0,Makkah Al-Mokarramah,جدة,False,ok,True,,,,,,,Stalled,True,تجاري,متعثر,"منطقة مكة المكرمة, جدة"
منتجع شلالة – SHLALAH RESORTS,False,Commercial,"['Commercial', 'Residential']",2,,35000.0,Al-Riyadh,الرياض,False,ok,False,,2017-06-30,,,,month-level,Delayed,True,تجاري,متأخر,"منطقة الرياض, الرياض"
فندق إنديجو الرياض المركز المالي – Indigo Hotel Riyadh KAFD,False,Commercial,"['Commercial', 'Hospitality']",2,,18980.0,Al-Riyadh,الرياض,False,ok,False,2012-03-01,2017-11-30,2100.0,2012.0,month-level,month-level,Delayed,True,تجاري,متأخر,"منطقة الرياض, الرياض"
جراند ويندهام الرياض المركز المالي – Wyndham Grand Riyadh KAFD...,True,Commercial,"['Commercial', 'Hospitality']",2,,21307.0,Al-Riyadh,الرياض,False,ok,False,2010-01-01,2018-01-01,2922.0,2010.0,year-level,exact,Delayed,True,تجاري,متأخر,"منطقة الرياض, الرياض"
الانتركونتننتال المركز المالي – InterContinental KAFD,False,Commercial,"['Commercial', 'Hospitality']",2,,6118.0,Al-Riyadh,الرياض,False,ok,False,2014-12-15,2017-12-31,1112.0,2014.0,exact,year-level,Delayed,True,تجاري,متأخر,"منطقة الرياض, الرياض"
مبنى الزوايا البيضاء – White Angles Square,False,Commercial,['Commercial'],1,,1650.0,Al-Riyadh,الرياض,False,ok,False,2017-06-25,,,2017.0,exact,,Announced,False,تجاري,معلن عنه,"منطقة الرياض, الرياض"
فندق تايم الرياض – TIME Hotel Riyadh,False,Commercial,"['Commercial', 'Hospitality']",2,,,Al-Riyadh,الرياض,False,empty,False,,2017-12-31,,,,year-level,Delayed,True,تجاري,متأخر,"منطقة الرياض, الرياض"
برج مكتبي – Office Tower,False,Commercial,['Commercial'],1,,,Makkah Al-Mokarramah,جدة,False,empty,False,,,,,,,Announced,False,تجاري,معلن عنه,"منطقة مكة المكرمة, جدة"
راديسون بلو الخبر – Radisson Blu Al Khobar,False,Commercial,"['Commercial', 'Hospitality']",2,,13605.0,Eastern Region,الخبر,False,ok,False,2016-09-01,,,2016.0,month-level,,Under construction,False,تجاري,تحت الإنشاء,"المنطقة الشرقية, الخبر"
الجادة – ALJADDAH,False,Commercial,"['Commercial', 'Hospitality']",2,,21666.0,Al-Riyadh,الرياض,False,ok,False,2016-10-01,,,2016.0,month-level,,Under construction,False,تجاري,تحت الإنشاء,"منطقة الرياض, الرياض"
مركز ديم التجاري – Deem commercial center,False,Commercial,['Commercial'],1,,18000.0,Al-Riyadh,الرياض,False,ok,False,2016-11-01,2018-10-31,729.0,2016.0,month-level,month-level,Completed,False,تجاري,مكتمل,"منطقة الرياض, الرياض"
الحمراء جرووف – Al Hamra Groov,False,Commercial,"['Commercial', 'Leisure/Tourism']",2,,8500.0,Al-Riyadh,الرياض,False,ok,False,,2017-12-31,,,,year-level,Delayed,True,تجاري,متأخر,"منطقة الرياض, الرياض"
ذا بلازا ريزيدنس – The Plaza Residence,False,Commercial,"['Commercial', 'Residential']",2,,4800.0,Al-Riyadh,الرياض,False,ok,False,,,,,,,Under construction,False,تجاري,تحت الإنشاء,"منطقة الرياض, الرياض"
مجمع الفيفا – Fayfa,False,Commercial,['Commercial'],1,,,Makkah Al-Mokarramah,جدة,False,empty,False,,,,,,,Proposed,False,تجاري,المشاريع المقترحة,"منطقة مكة المكرمة, جدة"
مجمع القحطاني – AlQahtani Complex,False,Commercial,"['Commercial', 'Residential']",2,,,Eastern Region,الخبر,False,empty,False,,,,,,,Proposed,False,تجاري,المشاريع المقترحة,"المنطقة الشرقية, الخبر"
المستشفى السعودي الألماني مكة المكرمة – Saudi German Hospital...,True,Commercial,"['Commercial', 'Education', 'Health']",3,1500000000.0,58000.0,Makkah Al-Mokarramah,مكة المكرمة,False,ok,True,,,,,,,Announced,False,تجاري,معلن عنه,"مكة المكرمة, منطقة مكة المكرمة"
ضواحي مركز الملك عبدالله المالي – KAFD Enviros Development,False,Commercial,"['Commercial', 'Infrastructure', 'Leisure/Tourism', 'Religious/Charity', 'Residential']",5,,5000000.0,Al-Riyadh,الرياض,False,ok,False,,,,,,,Announced,False,تجاري,معلن عنه,"منطقة الرياض, الرياض"
مشروع مضمار سباق في الخرج – Race Track Project,False,Commercial,"['Commercial', 'Leisure/Tourism']",2,,105403.52,Al-Riyadh,الخرج,False,ok,False,,,,,,,Announced,False,تجاري,معلن عنه,"منطقة الرياض, الخرج"
فندق الموسى – ALMOSA HOTEL,False,Commercial,"['Commercial', 'Hospitality']",2,,1500.0,Al-Riyadh,الرياض,False,ok,False,2017-03-01,,,2017.0,month-level,,Under construction,False,تجاري,تحت الإنشاء,"منطقة الرياض, الرياض"
البنك المركزي الخليجي – Gulf Cooperation Council Bank,False,Commercial,['Commercial'],1,,,Al-Riyadh,الرياض,False,empty,False,,,,,,,Completed,False,تجاري,مكتمل,"منطقة الرياض, الرياض"
فندق املج – UMLOJ Hotel,False,Commercial,"['Commercial', 'Hospitality']",2,,20000.0,Tabouk,أملج,False,ok,False,2016-11-01,,,2016.0,month-level,,Under construction,False,تجاري,تحت الإنشاء,"منطقة تبوك, أملج"
مركز التجارة العالمي – World Trade Center,False,Commercial,['Commercial'],1,900000000.0,,Al-Riyadh,الرياض,False,empty,True,,,,,,,Completed,False,تجاري,مكتمل,"منطقة الرياض, الرياض"
أبحر بلازا – Obhur Plaza,False,Commercial,['Commercial'],1,,25996.0,Makkah Al-Mokarramah,جدة,False,ok,False,,2018-04-30,,,,month-level,Delayed,True,تجاري,متأخر,"منطقة مكة المكرمة, جدة"
الروابي بلازا – AL RAWABI PLAZA,False,Commercial,"['Commercial', 'Leisure/Tourism']",2,,15353.0,Al-Riyadh,الرياض,False,ok,False,2017-01-01,2017-05-31,150.0,2017.0,year-level,month-level,Completed,False,تجاري,مكتمل,"منطقة الرياض, الرياض"
برج هرفي المكتبي,False,Commercial,['Commercial'],1,,,Al-Riyadh,الرياض,False,empty,False,,,,,,,Under construction,False,تجاري,تحت الإنشاء,"منطقة الرياض, الرياض"
كورت يارد ماريوت الخبر – Marriott Courtyard Khobar,False,Commercial,"['Commercial', 'Hospitality']",2,,47110.0,Eastern Region,الخبر,False,ok,False,,2019-07-31,,,,month-level,Delayed,True,تجاري,متأخر,"المنطقة الشرقية, الخبر"
مكاتب إدارية خاصة VIP,False,Commercial,['Commercial'],1,,870.0,Al-Riyadh,الرياض,False,ok,False,2015-08-01,2017-01-31,549.0,2015.0,month-level,month-level,Completed,False,تجاري,مكتمل,"منطقة الرياض, الرياض"
دينا سكوير – Dina Square,False,Commercial,['Commercial'],1,,15118.0,Makkah Al-Mokarramah,جدة,False,ok,False,2016-10-01,2017-09-01,335.0,2016.0,month-level,exact,Delayed,True,تجاري,متأخر,"منطقة مكة المكرمة, جدة"
المسرة سكوير – Al-Massara Square,False,Commercial,"['Commercial', 'Hospitality']",2,,8047.0,Makkah Al-Mokarramah,جدة,False,ok,False,2017-06-01,,,2017.0,month-level,,Under construction,False,تجاري,تحت الإنشاء,"منطقة مكة المكرمة, جدة"
مجمع حديقة الورود 2 -2 Rose Garden complex,False,Commercial,['Commercial'],1,,6000.0,Al-Riyadh,الرياض,False,ok,False,2017-03-01,,,2017.0,month-level,,Announced,False,تجاري,معلن عنه,"منطقة الرياض, الرياض"
أرينا بارك – Arena Park,False,Commercial,"['Commercial', 'Leisure/Tourism']",2,,248000.0,Al-Riyadh,الرياض,False,ok,False,,2019-09-01,,,,exact,Announced,False,تجاري,معلن عنه,"منطقة الرياض, الرياض"
مبنى بنك ساب في جدة,False,Commercial,['Commercial'],1,,6765.0,Makkah Al-Mokarramah,جدة,False,ok,False,,,,,,,Announced,False,تجاري,معلن عنه,"منطقة مكة المكرمة, جدة"
أبراج البيت 58 – Al-Bayt 58 Tower,False,Commercial,"['Commercial', 'Residential']",2,,23812.0,Al-Riyadh,الرياض,False,ok,False,2017-11-01,,,2017.0,month-level,,Under construction,False,تجاري,تحت الإنشاء,"منطقة الرياض, الرياض"
لو جاردان دو الرياض – Le Jardin d’Eau Riyadh,False,Commercial,"['Commercial', 'Hospitality', 'Leisure/Tourism']",3,33000000000.0,,Al-Riyadh,الرياض,False,empty,True,,,,,,,Announced,False,تجاري,معلن عنه,"منطقة الرياض, الرياض"
السلام مول – Salam Mall,False,Commercial,"['Commercial', 'Hospitality', 'Residential']",3,130000000.0,328516.0,Makkah Al-Mokarramah,جدة,False,ok,True,,,,,,,Completed,False,تجاري,مكتمل,"منطقة مكة المكرمة, جدة"
مركز الروضة – Rawda Center,False,Commercial,['Commercial'],1,,9000.0,Makkah Al-Mokarramah,جدة,False,ok,False,,,,,,,Under construction,False,تجاري,تحت الإنشاء,"منطقة مكة المكرمة, جدة"
الشاطيء بارك للأعمال – Al Shatee Business Park,False,Commercial,['Commercial'],1,,21900.0,Makkah Al-Mokarramah,جدة,False,ok,False,,,,,,,Proposed,False,تجاري,المشاريع المقترحة,"منطقة مكة المكرمة, جدة"
المغرزات بلازا – AL MUGHAREZAT PLAZA,False,Commercial,['Commercial'],1,,15000.0,Al-Riyadh,الرياض,False,ok,False,2017-01-01,2017-07-27,207.0,2017.0,year-level,exact,Completed,False,تجاري,مكتمل,"منطقة الرياض, الرياض"
مجمع المكرونة السكني – Al Makarona Community,False,Commercial,"['Commercial', 'Residential']",2,,9800.0,Makkah Al-Mokarramah,جدة,False,ok,False,,,,,,,Under construction,False,تجاري,تحت الإنشاء,"منطقة مكة المكرمة, جدة"
الياسمين بلازا,False,Commercial,['Commercial'],1,,12780.0,Al-Riyadh,الرياض,False,ok,False,,,,,,,Under construction,False,تجاري,تحت الإنشاء,"منطقة الرياض, الرياض"
مقر الادارة العامة لشركة أملاك العالمية,False,Commercial,['Commercial'],1,,1050.0,Al-Riyadh,الرياض,False,ok,False,,,,,,,Announced,False,تجاري,معلن عنه,"منطقة الرياض, الرياض"
برج كريستال تاور جدة – Burj Crystal Tower Jeddah,False,Commercial,['Commercial'],1,,2200.0,Makkah Al-Mokarramah,جدة,False,ok,False,2014-05-01,2017-12-31,1340.0,2014.0,month-level,year-level,Delayed,True,تجاري,متأخر,"منطقة مكة المكرمة, جدة"
يونيون سكوير الخبر – Union Square Al-Khobar,False,Commercial,"['Commercial', 'Hospitality', 'Leisure/Tourism', 'Residential']",4,,49813.0,Eastern Region,الخبر,False,ok,False,,,,,,,Announced,False,تجاري,معلن عنه,"المنطقة الشرقية, الخبر"
مجمع بلاتين سنتر  – Platinun Center Complex,False,Commercial,"['Commercial', 'Leisure/Tourism']",2,,4300.0,Al-Qaseem,بريدة,False,ok,False,2015-07-01,2017-09-01,793.0,2015.0,month-level,exact,Completed,False,تجاري,مكتمل,"منطقة القصيم, بريدة"
هيلتون جاردن إن الأحساء –  Hilton Garden Inn™ Al Ahsa,False,Commercial,"['Commercial', 'Hospitality']",2,,6500.0,Eastern Region,الأحساء,False,ok,False,2014-07-01,2018-06-30,1460.0,2014.0,month-level,month-level,Delayed,True,تجاري,متأخر,"المنطقة الشرقية, الأحساء"
لولو مول الأحساء – Lulu Mall Al Ahsa,False,Commercial,"['Commercial', 'Leisure/Tourism']",2,,56000.0,Eastern Region,الأحساء,False,ok,False,2014-07-01,2017-04-26,1030.0,2014.0,month-level,exact,Completed,False,تجاري,مكتمل,"المنطقة الشرقية, الأحساء"
هيلتون® الإحساء – Hilton Al Ahsa,False,Commercial,"['Commercial', 'Hospitality']",2,,18000.0,Eastern Region,الأحساء,False,ok,False,2013-12-01,2018-04-01,1582.0,2013.0,month-level,exact,Delayed,True,تجاري,متأخر,"المنطقة الشرقية, الأحساء"
مركز الاحساء التجاري – AlAhsa Centre,False,Commercial,"['Commercial', 'Hospitality']",2,,10441.0,Eastern Region,الأحساء,False,ok,False,2013-10-10,2017-10-10,1461.0,2013.0,exact,exact,Delayed,True,تجاري,متأخر,الأحساء
واجهة التسوق –  Shopping Front,False,Commercial,"['Commercial', 'Hospitality', 'Leisure/Tourism']",3,,180000.0,Al-Riyadh,الرياض,False,ok,False,2016-01-01,2018-12-31,1095.0,2016.0,year-level,year-level,Delayed,True,تجاري,متأخر,"منطقة الرياض, الرياض"
برجين سكني وتجاري في الرياض,False,Commercial,"['Commercial', 'Residential']",2,,,Al-Riyadh,الرياض,False,empty,False,,,,,,,Proposed,False,تجاري,المشاريع المقترحة,"منطقة الرياض, الرياض"
واجهة الأعمال – Business Front,False,Commercial,"['Commercial', 'Hospitality']",2,,200000.0,Al-Riyadh,الرياض,False,ok,False,,,,,,,Under construction,False,تجاري,تحت الإنشاء,"منطقة الرياض, الرياض"
برج بنك ساب – SABB Bank Tower,False,Commercial,['Commercial'],1,,55600.0,Al-Riyadh,الرياض,False,ok,False,2018-01-01,2020-01-01,730.0,2018.0,year-level,exact,Under construction,False,تجاري,تحت الإنشاء,"منطقة الرياض, الرياض"
ضاحية الاصفر في الأحساء –  Dahyat Al Asfar in Al-Ahsa,False,Commercial,"['Commercial', 'Government', 'Infrastructure']",3,,55000000.0,Eastern Region,الأحساء,False,ok,False,,,,,,,Announced,False,تجاري,معلن عنه,"المنطقة الشرقية, الأحساء"
أبتاون مكة – Uptown Makkah,False,Commercial,"['Commercial', 'Residential']",2,,,Makkah Al-Mokarramah,مكة المكرمة,False,empty,False,,,,,,,Announced,False,تجاري,معلن عنه,"مكة المكرمة, منطقة مكة المكرمة"
افينيو مول ابحر – Avenue Mall Abhor,False,Commercial,"['Commercial', 'Health', 'Hospitality', 'Leisure/Tourism', 'Residential']",5,,169684.0,Makkah Al-Mokarramah,جدة,False,ok,False,2016-08-01,,,2016.0,month-level,,Under construction,False,تجاري,تحت الإنشاء,"منطقة مكة المكرمة, جدة"
مجمع حديقة الورود – Rose Garden complex,False,Commercial,['Commercial'],1,,3600.0,Al-Riyadh,الرياض,False,ok,False,,,,,,,Announced,False,تجاري,معلن عنه,"منطقة الرياض, الرياض"
تطوير حي الدحو – Addoho Quarter Renewal,False,Commercial,"['Commercial', 'Government', 'Hospitality', 'Infrastructure', 'Leisure/Tourism']",5,,40468.6,Al-Riyadh,الرياض,False,ok,False,,,,,,,Under construction,False,تجاري,تحت الإنشاء,"منطقة الرياض, الرياض"
برج شركة المياه الوطنية – NWC Tower,False,Commercial,"['Commercial', 'Government']",2,,3750.0,Al-Riyadh,الرياض,False,ok,False,,,,,,,Proposed,False,تجاري,المشاريع المقترحة,"منطقة الرياض, الرياض"
كمباوند الغدير – Alghadeer compound,False,Commercial,"['Commercial', 'Residential']",2,,6000.0,Al-Riyadh,الرياض,False,ok,False,,,,,,,Under construction,False,تجاري,تحت الإنشاء,"منطقة الرياض, الرياض"
مجمع مطاعم اورا – Aura Restaurants Complex,False,Commercial,"['Commercial', 'Leisure/Tourism']",2,,10600.0,Al-Riyadh,الرياض,False,ok,False,2017-01-01,,,2017.0,year-level,,Under construction,False,تجاري,تحت الإنشاء,"منطقة الرياض, الرياض"
مجمع مطاعم شاندلير – Chandelier Restaurants Complex,False,Commercial,"['Commercial', 'Leisure/Tourism']",2,,4200.0,Al-Riyadh,الرياض,False,ok,False,2016-09-01,,,2016.0,month-level,,Under construction,False,تجاري,تحت الإنشاء,"منطقة الرياض, الرياض"
مدينة الأحلام,False,Commercial,"['Commercial', 'Education', 'Health', 'Hospitality', 'Infrastructure', 'Leisure/Tourism', 'Religious/Charity', 'Residential', 'Sports']",9,4000000000.0,800000.0,Aseer,خميس مشيط,False,ok,True,,,,,,,Announced,False,تجاري,معلن عنه,"منطقة عسير, خميس مشيط"
دبل تري هيلتون بريدة – DoubleTree by Hilton™Buraydah,False,Commercial,"['Commercial', 'Hospitality']",2,,8000.0,Al-Qaseem,بريدة,False,ok,False,,,,,,,Announced,False,تجاري,معلن عنه,"منطقة القصيم, بريدة"
مركز المحمل التجاري,False,Commercial,['Commercial'],1,,,Eastern Region,الدمام,False,empty,False,,2016-08-01,,,,exact,Completed,False,تجاري,مكتمل,"المنطقة الشرقية, الدمام"
مستشفى د.سليمان الحبيب بجدة – Dr. Sulaiman AL-Habib Hospital in Jeddah...,True,Commercial,"['Commercial', 'Health']",2,,21200.0,Makkah Al-Mokarramah,جدة,False,ok,False,2018-08-01,,,2018.0,month-level,,Under construction,False,تجاري,تحت الإنشاء,"منطقة مكة المكرمة, جدة"
مركز كليمنصو الطبي الرياض –  CLEMENCEAU MEDICAL CENTER RIYADH,False,Commercial,"['Commercial', 'Health']",2,450000000.0,6500.0,Al-Riyadh,الرياض,False,ok,True,2016-01-01,2018-08-01,943.0,2016.0,year-level,exact,Delayed,True,تجاري,متأخر,"منطقة الرياض, الرياض"
سنترال بارك الرياض – Riyadh Central Park,False,Commercial,"['Commercial', 'Hospitality', 'Leisure/Tourism']",3,,2000000.0,Al-Riyadh,الرياض,False,ok,False,,,,,,,Announced,False,تجاري,معلن عنه,"منطقة الرياض, الرياض"
مستشفى الشرق الأوسط الرياض – Middle East Hospital Riyadh,False,Commercial,"['Commercial', 'Health']",2,,141320.0,Al-Riyadh,الرياض,False,ok,False,2016-09-01,2019-11-01,1156.0,2016.0,month-level,exact,Announced,False,تجاري,معلن عنه,"منطقة الرياض, الرياض"
توسعة مستشفى الرعايه بروكير الخبر – Procare Hospital Expansion...,True,Commercial,"['Commercial', 'Health']",2,100000000.0,20587.0,Eastern Region,الخبر,False,ok,True,2015-08-01,2017-03-01,578.0,2015.0,month-level,exact,Completed,False,تجاري,مكتمل,"المنطقة الشرقية, الخبر"
مستشفى ميديسينا جدة –  MEDICENA HOSPITAL JEDDAH,False,Commercial,"['Commercial', 'Health']",2,,3000000.0,Makkah Al-Mokarramah,جدة,False,ok,False,,,,,,,Announced,False,تجاري,معلن عنه,"منطقة مكة المكرمة, جدة"
مستشفى المواساة بالخبر – Mouwasat Hospital Al Khobar,False,Commercial,"['Commercial', 'Health']",2,440000000.0,53979.0,Eastern Region,الخبر,False,ok,True,2015-07-01,2019-03-01,1339.0,2015.0,month-level,exact,Delayed,True,تجاري,متأخر,"المنطقة الشرقية, الخبر"
مدينة البترجي الطبية في الدمام – THE BATTERJEE MEDICAL CITY IN DAMMA...,True,Commercial,"['Commercial', 'Health']",2,4000000000.0,90000.0,Eastern Region,الدمام,False,ok,True,2016-10-01,2018-11-01,761.0,2016.0,month-level,exact,Delayed,True,تجاري,متأخر,"المنطقة الشرقية, الدمام"
توسعة غرناطة مول – Granada Mall Extension,False,Commercial,"['Commercial', 'Leisure/Tourism']",2,336000000.0,67500.0,Al-Riyadh,الرياض,False,ok,True,,2018-11-01,,,,exact,Delayed,True,تجاري,متأخر,"منطقة الرياض, الرياض"
مجمع العضيب – Alodhaib Complex,False,Commercial,"['Commercial', 'Hospitality', 'Leisure/Tourism']",3,,14000.0,Al-Qaseem,بريدة,False,ok,False,,,,,,,Proposed,False,تجاري,المشاريع المقترحة,"منطقة القصيم, بريدة"
النخلة مول بريدة – Al Nakhla Mall Buraidah,False,Commercial,"['Commercial', 'Leisure/Tourism']",2,,16000.0,Al-Qaseem,بريدة,False,ok,False,,2017-12-31,,,,year-level,Delayed,True,تجاري,متأخر,"منطقة القصيم, بريدة"
مستشفى السلام – AL SALAM HOSPITAL,False,Commercial,"['Commercial', 'Health']",2,488000000.0,50000.0,Eastern Region,الخبر,False,ok,True,2016-10-19,2018-11-01,743.0,2016.0,exact,exact,Delayed,True,تجاري,متأخر,"المنطقة الشرقية, الخبر"
مستشفى سند – Sanad Hospital,False,Commercial,"['Commercial', 'Health']",2,,10200.0,Al-Riyadh,الرياض,False,ok,False,,,,,,,Under construction,False,تجاري,تحت الإنشاء,"منطقة الرياض, الرياض"
مجمع جنات الرياض – JANNAT COMPOUND RIYADH,False,Commercial,"['Commercial', 'Education', 'Health', 'Hospitality', 'Leisure/Tourism', 'Residential', 'Sports']",7,,4200000.0,Al-Riyadh,الرياض,False,ok,False,,,,,,,Under construction,False,تجاري,تحت الإنشاء,"منطقة الرياض, الرياض"
مركز المعارض + المؤتمرات في مطار الملك خالد الدولي –...,True,Commercial,"['Commercial', 'Hospitality', 'Leisure/Tourism']",3,,2000000.0,Al-Riyadh,الرياض,False,ok,False,,,,,,,Announced,False,تجاري,معلن عنه,"منطقة الرياض, الرياض"
برج العثمان الفندقي – Al Othman Tower,False,Commercial,"['Commercial', 'Hospitality']",2,,7011.48,Al-Riyadh,الرياض,False,ok,False,2016-04-25,2017-10-04,527.0,2016.0,exact,exact,Delayed,True,تجاري,متأخر,"منطقة الرياض, الرياض"
مزدلفة مول – Muzdalifa Mall,False,Commercial,"['Commercial', 'Leisure/Tourism']",2,,469612.0,Makkah Al-Mokarramah,مكة المكرمة,False,ok,False,,2017-11-30,,,,month-level,Delayed,True,تجاري,متأخر,"مكة المكرمة, منطقة مكة المكرمة"
جادة الجامعة – University Boulevard,False,Commercial,"['Commercial', 'Leisure/Tourism']",2,,140503.0,Al-Riyadh,الرياض,False,ok,False,2016-10-01,2019-04-30,941.0,2016.0,month-level,month-level,Delayed,True,تجاري,متأخر,"منطقة الرياض, الرياض"
ديار السلام – Diyar Al Salam,False,Commercial,"['Commercial', 'Residential']",2,,,Makkah Al-Mokarramah,جدة,False,empty,False,2015-01-01,2018-03-31,1185.0,2015.0,year-level,month-level,Completed,False,تجاري,مكتمل,"منطقة مكة المكرمة, جدة"
حي جلمودة,False,Commercial,"['Commercial', 'Infrastructure', 'Residential']",3,,,Eastern Region,الجبيل,False,empty,False,2011-01-01,,,2011.0,year-level,,Under construction,False,تجاري,تحت الإنشاء,"المنطقة الشرقية, الجبيل"
أرض مكة,False,Commercial,"['Commercial', 'Hospitality', 'Residential']",3,,,Makkah Al-Mokarramah,مكة المكرمة,False,empty,False,,,,,,,Proposed,False,تجاري,المشاريع المقترحة,"مكة المكرمة, منطقة مكة المكرمة"
أبراج الحناكي السكنية,False,Commercial,"['Commercial', 'Residential']",2,,44000.0,Makkah Al-Mokarramah,جدة,False,ok,False,,,,,,,Announced,False,تجاري,معلن عنه,"منطقة مكة المكرمة, جدة"
فندق دبل تري جازان – DoubleTree Hotel Jazan,False,Commercial,"['Commercial', 'Hospitality']",2,,13700.0,Jazan,جازان,False,ok,False,2015-03-01,2019-03-01,1461.0,2015.0,month-level,exact,Delayed,True,تجاري,متأخر,"منطقة جازان, جازان"
ستريب مول,False,Commercial,['Commercial'],1,40000000.0,5200.0,Eastern Region,الخبر,False,ok,True,,,,,,,Proposed,False,تجاري,المشاريع المقترحة,"المنطقة الشرقية, الخبر"
أبراج بوابة التحلية,False,Commercial,"['Commercial', 'Residential', 'Sports']",3,,83000.0,Makkah Al-Mokarramah,جدة,False,ok,False,,,,,,,Proposed,False,تجاري,المشاريع المقترحة,"منطقة مكة المكرمة, جدة"
ميني بوليفار – Miniboulevard,False,Commercial,['Commercial'],1,,,Makkah Al-Mokarramah,جدة,False,empty,False,,,,,,,Completed,False,تجاري,مكتمل,"منطقة مكة المكرمة, جدة"
حي تلال مكة,False,Commercial,"['Commercial', 'Residential']",2,,1266000.0,Makkah Al-Mokarramah,مكة المكرمة,False,ok,False,,,,,,,Under construction,False,تجاري,تحت الإنشاء,"مكة المكرمة, منطقة مكة المكرمة"
مقر هيئة تطوير المدينة المنورة – Madinah Development Authority Headq...,True,Commercial,"['Commercial', 'Government']",2,,11656.0,Al-Madinah Al-Monawarah,المدينة المنورة,False,ok,False,,,,,,,Announced,False,تجاري,معلن عنه,"منطقة المدينة المنورة, المدينة المنورة"
فلل أسكوت الرياض – Ascott Villas Riyadh,False,Commercial,"['Commercial', 'Hospitality']",2,,42000.0,Al-Riyadh,الرياض,False,ok,False,2016-07-25,2017-11-30,493.0,2016.0,exact,month-level,Delayed,True,تجاري,متأخر,"منطقة الرياض, الرياض"
الياسمين مول – Yasmin Mall,False,Commercial,"['Commercial', 'Leisure/Tourism']",2,,101672.0,Makkah Al-Mokarramah,جدة,False,ok,False,2012-06-01,2016-03-01,1369.0,2012.0,month-level,exact,Completed,False,تجاري,مكتمل,"منطقة مكة المكرمة, جدة"
توسعة النخيل مول – الرياض,False,Commercial,"['Commercial', 'Leisure/Tourism']",2,,60000.0,Al-Riyadh,الرياض,False,ok,False,,2018-10-31,,,,month-level,Announced,False,تجاري,معلن عنه,"منطقة الرياض, الرياض"
زهرة مول – Zahra Mall,False,Commercial,"['Commercial', 'Leisure/Tourism']",2,,101334.0,Makkah Al-Mokarramah,جدة,False,ok,False,,2017-10-31,,,,month-level,Announced,False,تجاري,معلن عنه,"منطقة مكة المكرمة, جدة"
أبراج بكة – BAKKAH TOWER,False,Commercial,"['Commercial', 'Hospitality']",2,,6550.0,Makkah Al-Mokarramah,مكة المكرمة,False,ok,False,,,,,,,Announced,False,تجاري,معلن عنه,"مكة المكرمة, منطقة مكة المكرمة"
أبراج كيه كيه,False,Commercial,"['Commercial', 'Hospitality']",2,,,Makkah Al-Mokarramah,جدة,False,empty,False,,,,,,,Proposed,False,تجاري,المشاريع المقترحة,"منطقة مكة المكرمة, جدة"
كليات الغد الدولية للعلوم الصحية التطبيقية بالرياض ̵...,True,Commercial,"['Commercial', 'Education']",2,,277000.0,Al-Riyadh,الرياض,False,ok,False,,2019-09-30,,,,month-level,Announced,False,تجاري,معلن عنه,"منطقة الرياض, الرياض"
كليات المعرفة – Almaarefa Colleges,False,Commercial,"['Commercial', 'Education']",2,1500000000.0,212950.0,Al-Riyadh,الدرعية,False,ok,True,,,,,,,Announced,False,تجاري,معلن عنه,"منطقة الرياض, الدرعية"
كورنيش الرياض,False,Commercial,"['Commercial', 'Leisure/Tourism']",2,,200000.0,Al-Riyadh,الرياض,False,ok,False,,,,,,,Announced,False,تجاري,معلن عنه,"منطقة الرياض, الرياض"
تاور تراس – Tower Terrace,False,Commercial,['Commercial'],1,,,Al-Riyadh,الرياض,False,empty,False,,,,,,,Announced,False,تجاري,معلن عنه,"منطقة الرياض, الرياض"
ابراج ميراب الفندقية,False,Commercial,"['Commercial', 'Hospitality']",2,,,Al-Riyadh,الرياض,False,empty,False,2016-03-01,,,2016.0,month-level,,Under construction,False,تجاري,تحت الإنشاء,"منطقة الرياض, الرياض"
مشروع إسكان الأفراد والموظفين (القرية العمالية) بغرب ا�...,True,Commercial,"['Commercial', 'Residential']",2,,710877.0,Al-Riyadh,الرياض,False,ok,False,2014-12-01,,,2014.0,month-level,,Under construction,False,تجاري,تحت الإنشاء,"منطقة الرياض, الرياض"
أبراج الإجابة – Ejaba Towers,False,Commercial,"['Commercial', 'Hospitality']",2,,18179.0,Makkah Al-Mokarramah,مكة المكرمة,False,ok,False,,,,,,,Announced,False,تجاري,معلن عنه,"مكة المكرمة, منطقة مكة المكرمة"
مدينة مطار الملك عبدالعزيز الدولي,False,Commercial,"['Commercial', 'Health', 'Hospitality', 'Leisure/Tourism', 'Residential']",5,,1000000.0,Makkah Al-Mokarramah,جدة,False,ok,False,2016-09-19,,,2016.0,exact,,Announced,False,تجاري,معلن عنه,"منطقة مكة المكرمة, جدة"
ميناء جدة الإسلامي,False,Commercial,"['Commercial', 'Government', 'Infrastructure']",3,,11200000.0,Makkah Al-Mokarramah,جدة,False,ok,False,1976-01-01,,,1976.0,year-level,,Completed,False,تجاري,مكتمل,"منطقة مكة المكرمة, جدة"
تطوير درب الخليل,False,Commercial,"['Commercial', 'Hospitality', 'Religious/Charity', 'Residential']",4,7000000000.0,65000.0,Makkah Al-Mokarramah,مكة المكرمة,False,ok,True,,,,,,,Announced,False,تجاري,معلن عنه,"مكة المكرمة, منطقة مكة المكرمة"
موفنبيك التحلية – Mövenpick Hotel,False,Commercial,"['Commercial', 'Hospitality']",2,,7273.0,Makkah Al-Mokarramah,جدة,False,ok,False,2016-04-01,2019-02-28,1063.0,2016.0,month-level,month-level,Completed,False,تجاري,مكتمل,"منطقة مكة المكرمة, جدة"
واحة الفنون –  Art Oasis,False,Commercial,"['Commercial', 'Leisure/Tourism', 'Residential']",3,120000000.0,11640.0,Al-Riyadh,الرياض,False,ok,True,,,,,,,Proposed,False,تجاري,المشاريع المقترحة,"منطقة الرياض, الرياض"
مجمع عدن – EDEN,False,Commercial,"['Commercial', 'Residential']",2,80000000.0,5000.0,Makkah Al-Mokarramah,جدة,False,ok,True,2015-05-01,2018-06-30,1156.0,2015.0,month-level,month-level,Completed,False,تجاري,مكتمل,"منطقة مكة المكرمة, جدة"
أبراج كيلو 7 بجدة – Jeddah Kilo 7,False,Commercial,"['Commercial', 'Hospitality', 'Residential']",3,,,Makkah Al-Mokarramah,جدة,False,empty,False,,,,,,,Announced,False,تجاري,معلن عنه,"منطقة مكة المكرمة, جدة"
مقر الهيئة السعودية للمهندسين,False,Commercial,['Commercial'],1,,2380.0,Al-Riyadh,الرياض,False,ok,False,,,,,,,Under construction,False,تجاري,تحت الإنشاء,"منطقة الرياض, الرياض"
مركز النمر,False,Commercial,"['Commercial', 'Residential']",2,,11000.0,Al-Riyadh,الرياض,False,ok,False,,,,,,,Under construction,False,تجاري,تحت الإنشاء,"منطقة الرياض, الرياض"
الصحافة سنتر,False,Commercial,['Commercial'],1,,12000.0,Al-Riyadh,الرياض,False,ok,False,,,,,,,Completed,False,تجاري,مكتمل,"منطقة الرياض, الرياض"
التلال سنتر,False,Commercial,['Commercial'],1,,12000.0,Al-Riyadh,الرياض,False,ok,False,,,,,,,Completed,False,تجاري,مكتمل,"منطقة الرياض, الرياض"
اليرموك سنتر,False,Commercial,['Commercial'],1,,10067.0,Al-Riyadh,الرياض,False,ok,False,,,,,,,Completed,False,تجاري,مكتمل,"منطقة الرياض, الرياض"
جرير بلازا الرياض,False,Commercial,['Commercial'],1,,10067.0,Al-Riyadh,الرياض,False,ok,False,,,,,,,Completed,False,تجاري,مكتمل,"منطقة الرياض, الرياض"
آجا بلازا,False,Commercial,['Commercial'],1,,22000.0,Hail,حائل,False,ok,False,,,,,,,Completed,False,تجاري,مكتمل,"منطقة حائل, حائل"
التعاون سكوير – AlTaawoun Square,False,Commercial,['Commercial'],1,,3733.0,Al-Riyadh,الرياض,False,ok,False,,,,,,,Under construction,False,تجاري,تحت الإنشاء,"منطقة الرياض, الرياض"
الحسن سكوير,False,Commercial,['Commercial'],1,,7365.0,Al-Riyadh,الرياض,False,ok,False,,2016-08-31,,,,month-level,Completed,False,تجاري,مكتمل,"منطقة الرياض, الرياض"
الثغر بلازا,False,Commercial,['Commercial'],1,,71000.0,Al-Riyadh,الرياض,False,ok,False,,2016-06-30,,,,month-level,Completed,False,تجاري,مكتمل,"منطقة الرياض, الرياض"
عود ديونز,False,Commercial,['Commercial'],1,,10258.0,Al-Riyadh,الرياض,False,ok,False,,,,,,,Completed,False,تجاري,مكتمل,"منطقة الرياض, الرياض"
عود سكوير,False,Commercial,['Commercial'],1,,,Al-Riyadh,الرياض,False,empty,False,,,,,,,Completed,False,تجاري,مكتمل,"منطقة الرياض, الرياض"
مستشفى AMC للرعاية الطبية طويلة الأمد – AMC Long-Term Medical Car...,True,Commercial,"['Commercial', 'Health']",2,400000000.0,27000.0,Al-Riyadh,الرياض,False,ok,True,2016-08-01,2018-03-01,577.0,2016.0,month-level,exact,Delayed,True,تجاري,متأخر,"منطقة الرياض, الرياض"
مجمع سدرة للمطاعم – Sidra Mall Riyadh,False,Commercial,"['Commercial', 'Leisure/Tourism']",2,,10000.0,Al-Riyadh,الرياض,False,ok,False,2016-04-01,2018-03-31,729.0,2016.0,month-level,month-level,Completed,False,تجاري,مكتمل,"منطقة الرياض, الرياض"
القرية الطبية بالرياض – Medical Village Riyadh,False,Commercial,"['Commercial', 'Education', 'Health', 'Hospitality', 'Residential']",5,,250000.0,Al-Riyadh,الرياض,False,ok,False,2016-01-01,,,2016.0,year-level,,Under construction,False,تجاري,تحت الإنشاء,"منطقة الرياض, الرياض"
الوادي سكوير,False,Commercial,['Commercial'],1,,4250.0,Al-Riyadh,الرياض,False,ok,False,,2016-03-01,,,,exact,Completed,False,تجاري,مكتمل,"منطقة الرياض, الرياض"
مول البساتين,False,Commercial,"['Commercial', 'Hospitality', 'Leisure/Tourism']",3,,51000.0,Al-Riyadh,شقراء,False,ok,False,,2016-12-31,,,,year-level,Delayed,True,تجاري,متأخر,"منطقة الرياض, شقراء"
المجمعة مول – Almajmaah Mall,False,Commercial,"['Commercial', 'Leisure/Tourism']",2,,40000.0,Al-Riyadh,المجمعة,False,ok,False,2014-04-21,2016-12-31,985.0,2014.0,exact,year-level,Completed,False,تجاري,مكتمل,"منطقة الرياض, المجمعة"
منتجع كراون بلازا الخبر – Crowne Plaza Resort Al Khobar,False,Commercial,"['Commercial', 'Hospitality']",2,,47600.0,Eastern Region,الخبر,False,ok,False,,,,,,,Under construction,False,تجاري,تحت الإنشاء,"المنطقة الشرقية, الخبر"
فندق المدعج بالخبر,False,Commercial,"['Commercial', 'Hospitality']",2,,,Eastern Region,الخبر,False,empty,False,,,,,,,Under construction,False,تجاري,تحت الإنشاء,"المنطقة الشرقية, الخبر"
دونز سنتر,False,Commercial,"['Commercial', 'Leisure/Tourism', 'Residential']",3,,,Makkah Al-Mokarramah,جدة,False,empty,False,2015-09-01,,,2015.0,month-level,,Cancelled,True,تجاري,ملغي,"منطقة مكة المكرمة, جدة"
مركز 7060,False,Commercial,"['Commercial', 'Hospitality', 'Residential']",3,,,Al-Riyadh,الرياض,False,empty,False,,,,,,,Under construction,False,تجاري,تحت الإنشاء,"منطقة الرياض, الرياض"
الرويشد جراند مول – AL Roished Grand Mall,False,Commercial,"['Commercial', 'Leisure/Tourism']",2,,85000.0,Al-Riyadh,الرياض,False,ok,False,2014-06-28,,,2014.0,exact,,Under construction,False,تجاري,تحت الإنشاء,"منطقة الرياض, الرياض"
مبنى تجاري مستدام,False,Commercial,['Commercial'],1,24000000.0,,Eastern Region,الظهران,False,empty,True,2015-03-01,2015-12-31,305.0,2015.0,month-level,year-level,Delayed,True,تجاري,متأخر,"المنطقة الشرقية, الظهران"
جيتواي مول –  Gateway Mall,False,Commercial,"['Commercial', 'Leisure/Tourism']",2,,26100.0,Makkah Al-Mokarramah,مدينة الملك عبدالله الاقتصادية,False,ok,False,,,,,,,Announced,False,تجاري,معلن عنه,"منطقة مكة المكرمة, مدينة الملك عبدالله الاقتصادية"
سكن منسوبي وزارة الحرس الوطني,False,Commercial,"['Commercial', 'Education', 'Government', 'Health', 'Religious/Charity', 'Residential']",6,1500000000.0,718468.0,Makkah Al-Mokarramah,مدينة الملك عبدالله الاقتصادية,False,ok,True,,2017-12-31,,,,year-level,Delayed,True,تجاري,متأخر,"منطقة مكة المكرمة, مدينة الملك عبدالله الاقتصادية"
راديسون بلو بريدة – Radisson Blu Buraidah,False,Commercial,"['Commercial', 'Hospitality']",2,,4400.0,Al-Qaseem,بريدة,False,ok,False,,2017-09-01,,,,exact,Delayed,True,تجاري,متأخر,"منطقة القصيم, بريدة"
مركز الأبحاث – Think Tank,False,Leisure/Tourism,"['Commercial', 'Hospitality', 'Leisure/Tourism', 'Scientific']",4,,,Makkah Al-Mokarramah,مدينة الملك عبدالله الاقتصادية,False,empty,False,,,,,,,Proposed,False,ترفيهي/سياحي,المشاريع المقترحة,"منطقة مكة المكرمة, مدينة الملك عبدالله الاقتصادية"
مركز التاله جاردينز الاجتماعي – Talah Gardens Community Center,False,Leisure/Tourism,"['Leisure/Tourism', 'Sports']",2,,5200.0,Makkah Al-Mokarramah,مدينة الملك عبدالله الاقتصادية,False,ok,False,2017-12-01,,,2017.0,month-level,,Under construction,False,ترفيهي/سياحي,تحت الإنشاء,"منطقة مكة المكرمة, مدينة الملك عبدالله الاقتصادية"
مجمع التكنولوجيا والثقافة – Technology and Culture Aggregator,False,Leisure/Tourism,"['Leisure/Tourism', 'Scientific']",2,,208000.0,Makkah Al-Mokarramah,مدينة الملك عبدالله الاقتصادية,False,ok,False,,,,,,,Proposed,False,ترفيهي/سياحي,المشاريع المقترحة,"منطقة مكة المكرمة, مدينة الملك عبدالله الاقتصادية"
مدينة الطيار – Al Tayyar City,False,Leisure/Tourism,"['Commercial', 'Hospitality', 'Leisure/Tourism']",3,,278709.0,Al-Riyadh,الرياض,False,ok,False,,,,,,,Proposed,False,ترفيهي/سياحي,المشاريع المقترحة,"منطقة الرياض, الرياض"
متحف سابك – Sabic Museum,False,Leisure/Tourism,['Leisure/Tourism'],1,,19000.0,Al-Riyadh,الرياض,False,ok,False,,,,,,,Announced,False,ترفيهي/سياحي,معلن عنه,"منطقة الرياض, الرياض"
المخيم البحري لشركة شيفرون – Saudi Chevron Beach Camp,False,Leisure/Tourism,['Leisure/Tourism'],1,,15000.0,Eastern Region,الجبيل الصناعية,False,ok,False,2016-01-01,2017-11-30,699.0,2016.0,year-level,month-level,Completed,False,ترفيهي/سياحي,مكتمل,"المنطقة الشرقية, الجبيل الصناعية"
حلم أبها  –  The Dream of Abha,False,Leisure/Tourism,"['Commercial', 'Government', 'Hospitality', 'Infrastructure', 'Leisure/Tourism']",5,,17000000.0,Aseer,أبها,False,ok,False,,,,,,,Proposed,False,ترفيهي/سياحي,المشاريع المقترحة,"منطقة عسير, أبها"
منتزه التلال – Tilal Park,False,Leisure/Tourism,['Leisure/Tourism'],1,,800000.0,Eastern Region,الجبيل الصناعية,False,ok,False,2013-07-01,2020-05-31,2526.0,2013.0,month-level,month-level,Under construction,False,ترفيهي/سياحي,تحت الإنشاء,"المنطقة الشرقية, الجبيل الصناعية"
ضاحية الحسينية – Al Husayniyah Subrub,False,Leisure/Tourism,"['Commercial', 'Hospitality', 'Infrastructure', 'Leisure/Tourism', 'Religious/Charity', 'Residential']",6,,7541130.0,Makkah Al-Mokarramah,مكة المكرمة,False,ok,False,,,,,,,Announced,False,ترفيهي/سياحي,معلن عنه,"مكة المكرمة, منطقة مكة المكرمة"
قرية بريدة التراثية – Burydah Heritage Village,False,Leisure/Tourism,"['Government', 'Leisure/Tourism']",2,7222359.0,24000.0,Al-Qaseem,بريدة,False,ok,True,2018-06-27,2020-07-31,765.0,2018.0,exact,month-level,Under construction,False,ترفيهي/سياحي,تحت الإنشاء,"منطقة القصيم, بريدة"
ردسي مول (التوسعة الثانية) – (Red Sea Mall (2nd Expansion,False,Leisure/Tourism,"['Commercial', 'Leisure/Tourism']",2,,13000.0,Makkah Al-Mokarramah,جدة,False,ok,False,2017-08-03,2018-12-31,515.0,2017.0,exact,year-level,Delayed,True,ترفيهي/سياحي,متأخر,"منطقة مكة المكرمة, جدة"
لاغونا – Lagoona,False,Leisure/Tourism,['Leisure/Tourism'],1,18500000000.0,7800000.0,Makkah Al-Mokarramah,مدينة الملك عبدالله الاقتصادية,False,ok,True,,,,,,,Under construction,False,ترفيهي/سياحي,تحت الإنشاء,"منطقة مكة المكرمة, مدينة الملك عبدالله الاقتصادية"
منتجعات شرما – Sharma Resorts,False,Leisure/Tourism,"['Commercial', 'Leisure/Tourism']",2,,105000.0,Tabouk,شرما,False,ok,False,,,,,,,Announced,False,ترفيهي/سياحي,معلن عنه,"منطقة تبوك, شرما"
اوبرا جدة – Jeddah Opera,False,Leisure/Tourism,['Leisure/Tourism'],1,,,Makkah Al-Mokarramah,جدة,False,empty,False,,,,,,,Announced,False,ترفيهي/سياحي,معلن عنه,"منطقة مكة المكرمة, جدة"
قرية البحر الأحمر – Red Sea Village,False,Leisure/Tourism,"['Commercial', 'Hospitality', 'Infrastructure', 'Leisure/Tourism', 'Residential']",5,,3600000.0,Makkah Al-Mokarramah,جدة,False,ok,False,,,,,,,Announced,False,ترفيهي/سياحي,معلن عنه,"منطقة مكة المكرمة, جدة"
القدية – Qiddiya,False,Leisure/Tourism,"['Commercial', 'Hospitality', 'Infrastructure', 'Leisure/Tourism', 'Residential', 'Sports']",6,,,Al-Riyadh,القدية,False,linear_distance_not_area,False,2018-04-29,,,2018.0,exact,,Under construction,False,ترفيهي/سياحي,تحت الإنشاء,القدية
الجوهرة مول – ALJOHARAH MALL,False,Leisure/Tourism,"['Commercial', 'Leisure/Tourism']",2,,104000.0,Makkah Al-Mokarramah,جدة,False,ok,False,,,,,,,Announced,False,ترفيهي/سياحي,معلن عنه,"منطقة مكة المكرمة, جدة"
تاون سكوير – Town Square,False,Leisure/Tourism,"['Commercial', 'Leisure/Tourism']",2,,37917.0,Makkah Al-Mokarramah,جدة,False,ok,False,2019-05-01,2020-12-31,610.0,2019.0,month-level,year-level,Under construction,False,ترفيهي/سياحي,تحت الإنشاء,"منطقة مكة المكرمة, جدة"
مركز الترفيه العائلي – Family Entertainment Center,False,Leisure/Tourism,"['Commercial', 'Leisure/Tourism']",2,,9700.0,Makkah Al-Mokarramah,جدة,False,ok,False,2017-06-01,,,2017.0,month-level,,Under construction,False,ترفيهي/سياحي,تحت الإنشاء,"منطقة مكة المكرمة, جدة"
اجريت افينيو – Egret Avenue,False,Leisure/Tourism,['Leisure/Tourism'],1,,50000.0,Makkah Al-Mokarramah,جدة,False,ok,False,,,,,,,Proposed,False,ترفيهي/سياحي,المشاريع المقترحة,"منطقة مكة المكرمة, جدة"
القرية التراثية  – Historical Village,False,Leisure/Tourism,"['Government', 'Leisure/Tourism']",2,35000000.0,110000.0,Al-Baha,الباحة,False,ok,True,2014-03-15,,,2014.0,exact,,Under construction,False,ترفيهي/سياحي,تحت الإنشاء,"منطقة الباحة, الباحة"
مركز احتفالات طبرجل – Tabarjal Festival Center,False,Leisure/Tourism,"['Government', 'Leisure/Tourism']",2,,180000.0,Al-Jouf,طبرجل,False,ok,False,,,,,,,Announced,False,ترفيهي/سياحي,معلن عنه,"منطقة الجوف, طبرجل"
متحف الاحساء الإقليمي – Al Ahsa Museum,False,Leisure/Tourism,['Leisure/Tourism'],1,80000000.0,23426.0,Eastern Region,الأحساء,False,ok,True,,,,,,,Announced,False,ترفيهي/سياحي,معلن عنه,"المنطقة الشرقية, الأحساء"
متحف الجوف الاقليمي – Al Jouf Regional Museum,False,Leisure/Tourism,"['Government', 'Leisure/Tourism']",2,37863000.0,7000.0,Al-Jouf,دومة الجندل,False,ok,True,2011-06-12,2017-04-30,2149.0,2011.0,exact,month-level,Completed,False,ترفيهي/سياحي,مكتمل,"منطقة الجوف, دومة الجندل"
متحف الباحة الإقليمي – Al Baha Museum,False,Leisure/Tourism,"['Government', 'Leisure/Tourism']",2,30227953.0,9000.0,Al-Baha,الباحة,False,ok,True,2010-03-26,,,2010.0,exact,,Under construction,False,ترفيهي/سياحي,تحت الإنشاء,"منطقة الباحة, الباحة"
مول برج جدة – Jeddah Tower Mall,False,Leisure/Tourism,"['Commercial', 'Leisure/Tourism']",2,,344328.0,Makkah Al-Mokarramah,جدة,False,ok,False,,,,,,,Announced,False,ترفيهي/سياحي,معلن عنه,"منطقة مكة المكرمة, جدة"
منتجع عنيزة – Unaizah Resort,False,Leisure/Tourism,"['Hospitality', 'Leisure/Tourism']",2,170000000.0,120000.0,Al-Qaseem,عنيزة,False,ok,True,,,,,,,Proposed,False,ترفيهي/سياحي,المشاريع المقترحة,"منطقة القصيم, عنيزة"
بيت الفن – Bayt Al Fann,False,Leisure/Tourism,"['Commercial', 'Leisure/Tourism']",2,,8500.0,Makkah Al-Mokarramah,جدة,False,ok,False,2017-06-01,,,2017.0,month-level,,Under construction,False,ترفيهي/سياحي,تحت الإنشاء,"منطقة مكة المكرمة, جدة"
المبنى الاخضر بينبع الصناعية – Yanbu Royal Commission Green Building...,True,Leisure/Tourism,"['Government', 'Leisure/Tourism']",2,,4600.0,Al-Madinah Al-Monawarah,ينبع,False,ok,False,,,,,,,Announced,False,ترفيهي/سياحي,معلن عنه,"ينبع, منطقة المدينة المنورة"
رويال غرينز – Royal Greens,False,Leisure/Tourism,['Leisure/Tourism'],1,147774605.0,800000.0,Makkah Al-Mokarramah,مدينة الملك عبدالله الاقتصادية,False,ok,True,2009-03-18,2018-02-28,3269.0,2009.0,exact,month-level,Completed,False,ترفيهي/سياحي,مكتمل,"منطقة مكة المكرمة, مدينة الملك عبدالله الاقتصادية"
حديقة الفيصليه بالطائف – Garden Faisaliah Taif,False,Leisure/Tourism,"['Government', 'Leisure/Tourism']",2,21750000.0,75000.0,Makkah Al-Mokarramah,الطائف,False,ok,True,,2015-11-08,,,,exact,Completed,False,ترفيهي/سياحي,مكتمل,"منطقة مكة المكرمة, الطائف"
المركز الحضاري الشرقي بمكة المكرمة,False,Leisure/Tourism,"['Commercial', 'Government', 'Health', 'Hospitality', 'Infrastructure', 'Leisure/Tourism', 'Residential']",7,,460000.0,Makkah Al-Mokarramah,مكة المكرمة,False,ok,False,,,,,,,Announced,False,ترفيهي/سياحي,معلن عنه,"مكة المكرمة, منطقة مكة المكرمة"
الواجهة البحرية بالحمراء – Hamra Waterfront,False,Leisure/Tourism,"['Commercial', 'Hospitality', 'Leisure/Tourism']",3,950000000.0,332000.0,Makkah Al-Mokarramah,جدة,False,ok,True,2014-05-18,2020-01-01,2054.0,2014.0,exact,exact,Under construction,False,ترفيهي/سياحي,تحت الإنشاء,"منطقة مكة المكرمة, جدة"
مركز ومدرسة الفنون بالدرعية – Addiriyah arts centre and art school...,True,Leisure/Tourism,"['Government', 'Leisure/Tourism', 'Scientific']",3,80000000.0,7615.0,Al-Riyadh,الدرعية,False,ok,True,,,,,,,Announced,False,ترفيهي/سياحي,معلن عنه,"منطقة الرياض, الدرعية"
تطوير عرقة القديمة – Old Arqah Development,False,Leisure/Tourism,"['Commercial', 'Government', 'Hospitality', 'Leisure/Tourism']",4,,,Al-Riyadh,الرياض,False,empty,False,,,,,,,Announced,False,ترفيهي/سياحي,معلن عنه,"منطقة الرياض, الرياض"
منتجع وسبا الثمامة –  Al Thumamah Resort and Spa,False,Leisure/Tourism,"['Hospitality', 'Leisure/Tourism']",2,,109000.0,Al-Riyadh,الرياض,False,ok,False,,,,,,,Under construction,False,ترفيهي/سياحي,تحت الإنشاء,"منطقة الرياض, الرياض"
اليمامة ثقافة بارك – Yamamah Culture Park,False,Leisure/Tourism,"['Commercial', 'Hospitality', 'Leisure/Tourism']",3,,,Al-Riyadh,الرياض,False,empty,False,,,,,,,Under construction,False,ترفيهي/سياحي,تحت الإنشاء,"منطقة الرياض, الرياض"
منتجع رويال أمواج – Royal Amwaj Resort,False,Leisure/Tourism,['Leisure/Tourism'],1,,1000000.0,Eastern Region,الخبر,False,ok,False,2003-07-01,,,2003.0,month-level,,Under construction,False,ترفيهي/سياحي,تحت الإنشاء,"المنطقة الشرقية, الخبر"
ذا زون – The Zone,False,Leisure/Tourism,"['Commercial', 'Leisure/Tourism']",2,,50000.0,Al-Riyadh,الرياض,False,ok,False,2017-04-01,2018-12-31,639.0,2017.0,month-level,year-level,Delayed,True,ترفيهي/سياحي,متأخر,"منطقة الرياض, الرياض"
أجمكان – AJMAKAN,False,Leisure/Tourism,"['Commercial', 'Hospitality', 'Leisure/Tourism', 'Residential']",4,,1840000.0,Al-Riyadh,الرياض,False,ok,False,,,,,,,Stalled,True,ترفيهي/سياحي,متعثر,"منطقة الرياض, الرياض"
حديقة الشلال – AlShallal Theme Park,False,Leisure/Tourism,['Leisure/Tourism'],1,,60000.0,Makkah Al-Mokarramah,جدة,False,ok,False,2000-10-01,2004-12-31,1552.0,2000.0,month-level,year-level,Completed,False,ترفيهي/سياحي,مكتمل,"منطقة مكة المكرمة, جدة"
تيرا مول الطائف – Tera Mall Taif,False,Leisure/Tourism,"['Commercial', 'Leisure/Tourism']",2,500000000.0,120000.0,Makkah Al-Mokarramah,الطائف,False,ok,True,2016-11-09,2019-04-04,876.0,2016.0,exact,exact,Completed,False,ترفيهي/سياحي,مكتمل,"منطقة مكة المكرمة, الطائف"
فالي سنتر – Valley Centre,False,Leisure/Tourism,"['Commercial', 'Leisure/Tourism']",2,,15000.0,Makkah Al-Mokarramah,الطائف,False,ok,False,2014-11-12,2017-04-19,889.0,2014.0,exact,exact,Completed,False,ترفيهي/سياحي,مكتمل,"منطقة مكة المكرمة, الطائف"
الراقي افينيو مول,False,Leisure/Tourism,"['Commercial', 'Leisure/Tourism']",2,,41000.0,Tabouk,,False,ok,False,,,,,,,Completed,False,ترفيهي/سياحي,مكتمل,منطقة تبوك
النخيل مول الدمام – Al Nakheel Mall Dammam,False,Leisure/Tourism,"['Commercial', 'Leisure/Tourism']",2,,88143.0,Eastern Region,الدمام,False,ok,False,2016-11-01,2019-04-30,910.0,2016.0,month-level,month-level,Delayed,True,ترفيهي/سياحي,متأخر,"المنطقة الشرقية, الدمام"
العسكر افنيو مول – Al Askar Avenue Mall,False,Leisure/Tourism,"['Commercial', 'Leisure/Tourism']",2,,20000.0,Al-Riyadh,الخرج,False,ok,False,2017-01-15,,,2017.0,exact,,Under construction,False,ترفيهي/سياحي,تحت الإنشاء,"منطقة الرياض, الخرج"
القويعية مول – AlQuwayiyah Mall,False,Leisure/Tourism,"['Commercial', 'Leisure/Tourism']",2,,66000.0,Al-Riyadh,القويعية,False,ok,False,2016-05-01,,,2016.0,month-level,,Under construction,False,ترفيهي/سياحي,تحت الإنشاء,"منطقة الرياض, القويعية"
الفارسي بلازا المونسية – AlFarsi Plaza-Al Munsiyah,False,Leisure/Tourism,"['Commercial', 'Leisure/Tourism']",2,,6000.0,Al-Riyadh,الرياض,False,ok,False,,,,,,,Completed,False,ترفيهي/سياحي,مكتمل,"منطقة الرياض, الرياض"
منتجع سياحي – Tourist Complex,False,Leisure/Tourism,"['Hospitality', 'Leisure/Tourism']",2,,,Makkah Al-Mokarramah,جدة,False,empty,False,,,,,,,Proposed,False,ترفيهي/سياحي,المشاريع المقترحة,"منطقة مكة المكرمة, جدة"
حديقة جمان – Juman Park,False,Leisure/Tourism,['Leisure/Tourism'],1,43500000.0,75000.0,Makkah Al-Mokarramah,مدينة الملك عبدالله الاقتصادية,False,ok,True,2014-04-24,2015-05-31,402.0,2014.0,exact,month-level,Completed,False,ترفيهي/سياحي,مكتمل,"منطقة مكة المكرمة, مدينة الملك عبدالله الاقتصادية"
الواحة مول  – Oasis Mall,False,Leisure/Tourism,['Leisure/Tourism'],1,,100000.0,Al-Qaseem,الرس,False,ok,False,2013-10-01,2016-06-02,975.0,2013.0,month-level,exact,Completed,False,ترفيهي/سياحي,مكتمل,"منطقة القصيم, الرس"
لاغونا موتور بارك – Lagoona Motorpark,False,Leisure/Tourism,['Leisure/Tourism'],1,,170000.0,Makkah Al-Mokarramah,مدينة الملك عبدالله الاقتصادية,False,ok,False,2017-03-11,2018-03-31,385.0,2017.0,exact,month-level,Delayed,True,ترفيهي/سياحي,متأخر,"منطقة مكة المكرمة, مدينة الملك عبدالله الاقتصادية"
الرياض بروميناد – Riyadh Promenade,False,Leisure/Tourism,"['Commercial', 'Leisure/Tourism', 'Residential']",3,,40000.0,Al-Riyadh,الرياض,False,ok,False,,,,,,,Announced,False,ترفيهي/سياحي,معلن عنه,"منطقة الرياض, الرياض"
جادة الشفا – Alshefa Boulevard,False,Leisure/Tourism,"['Commercial', 'Government', 'Hospitality', 'Infrastructure', 'Leisure/Tourism']",5,90000000.0,6000000.0,Makkah Al-Mokarramah,"مكة المكرمة, الطائف",False,ok,True,,,,,,,Under construction,False,ترفيهي/سياحي,تحت الإنشاء,"مكة المكرمة, الطائف"
المركز الحضارى – Cultural Centre,False,Leisure/Tourism,"['Government', 'Hospitality', 'Leisure/Tourism']",3,55103493.0,913000.0,Eastern Region,حفر الباطن,False,ok,True,2014-01-05,,,2014.0,exact,,Under construction,False,ترفيهي/سياحي,تحت الإنشاء,"المنطقة الشرقية, حفر الباطن"
جزر البندقية – Venice Island,False,Leisure/Tourism,"['Commercial', 'Health', 'Infrastructure', 'Leisure/Tourism', 'Residential']",5,1000000000.0,36000000.0,Makkah Al-Mokarramah,جدة,False,ok,True,,,,,,,Stalled,True,ترفيهي/سياحي,متعثر,"منطقة مكة المكرمة, جدة"
منتجع جزيرة ثول – Thuwal Island Resort,False,Leisure/Tourism,"['Hospitality', 'Leisure/Tourism']",2,,60000.0,Makkah Al-Mokarramah,ثول,False,ok,False,,,,,,,Proposed,False,ترفيهي/سياحي,المشاريع المقترحة,"منطقة مكة المكرمة, ثول"
متحف الأطفال التفاعلي – Children’s Interactive Museum,False,Leisure/Tourism,"['Education', 'Leisure/Tourism']",2,,14000.0,Al-Riyadh,الرياض,False,ok,False,,,,,,,Stalled,True,ترفيهي/سياحي,متعثر,"منطقة الرياض, الرياض"
الحمراء جرووف – Al Hamra Groov,False,Leisure/Tourism,"['Commercial', 'Leisure/Tourism']",2,,8500.0,Al-Riyadh,الرياض,False,ok,False,,2017-12-31,,,,year-level,Delayed,True,ترفيهي/سياحي,متأخر,"منطقة الرياض, الرياض"
ضواحي مركز الملك عبدالله المالي – KAFD Enviros Development,False,Leisure/Tourism,"['Commercial', 'Infrastructure', 'Leisure/Tourism', 'Religious/Charity', 'Residential']",5,,5000000.0,Al-Riyadh,الرياض,False,ok,False,,,,,,,Announced,False,ترفيهي/سياحي,معلن عنه,"منطقة الرياض, الرياض"
مشروع مضمار سباق في الخرج – Race Track Project,False,Leisure/Tourism,"['Commercial', 'Leisure/Tourism']",2,,105403.52,Al-Riyadh,الخرج,False,ok,False,,,,,,,Announced,False,ترفيهي/سياحي,معلن عنه,"منطقة الرياض, الخرج"
الروابي بلازا – AL RAWABI PLAZA,False,Leisure/Tourism,"['Commercial', 'Leisure/Tourism']",2,,15353.0,Al-Riyadh,الرياض,False,ok,False,2017-01-01,2017-05-31,150.0,2017.0,year-level,month-level,Completed,False,ترفيهي/سياحي,مكتمل,"منطقة الرياض, الرياض"
أرينا بارك – Arena Park,False,Leisure/Tourism,"['Commercial', 'Leisure/Tourism']",2,,248000.0,Al-Riyadh,الرياض,False,ok,False,,2019-09-01,,,,exact,Announced,False,ترفيهي/سياحي,معلن عنه,"منطقة الرياض, الرياض"
لو جاردان دو الرياض – Le Jardin d’Eau Riyadh,False,Leisure/Tourism,"['Commercial', 'Hospitality', 'Leisure/Tourism']",3,33000000000.0,,Al-Riyadh,الرياض,False,empty,True,,,,,,,Announced,False,ترفيهي/سياحي,معلن عنه,"منطقة الرياض, الرياض"
يونيون سكوير الخبر – Union Square Al-Khobar,False,Leisure/Tourism,"['Commercial', 'Hospitality', 'Leisure/Tourism', 'Residential']",4,,49813.0,Eastern Region,الخبر,False,ok,False,,,,,,,Announced,False,ترفيهي/سياحي,معلن عنه,"المنطقة الشرقية, الخبر"
مجمع بلاتين سنتر  – Platinun Center Complex,False,Leisure/Tourism,"['Commercial', 'Leisure/Tourism']",2,,4300.0,Al-Qaseem,بريدة,False,ok,False,2015-07-01,2017-09-01,793.0,2015.0,month-level,exact,Completed,False,ترفيهي/سياحي,مكتمل,"منطقة القصيم, بريدة"
لولو مول الأحساء – Lulu Mall Al Ahsa,False,Leisure/Tourism,"['Commercial', 'Leisure/Tourism']",2,,56000.0,Eastern Region,الأحساء,False,ok,False,2014-07-01,2017-04-26,1030.0,2014.0,month-level,exact,Completed,False,ترفيهي/سياحي,مكتمل,"المنطقة الشرقية, الأحساء"
واجهة التسوق –  Shopping Front,False,Leisure/Tourism,"['Commercial', 'Hospitality', 'Leisure/Tourism']",3,,180000.0,Al-Riyadh,الرياض,False,ok,False,2016-01-01,2018-12-31,1095.0,2016.0,year-level,year-level,Delayed,True,ترفيهي/سياحي,متأخر,"منطقة الرياض, الرياض"
افينيو مول ابحر – Avenue Mall Abhor,False,Leisure/Tourism,"['Commercial', 'Health', 'Hospitality', 'Leisure/Tourism', 'Residential']",5,,169684.0,Makkah Al-Mokarramah,جدة,False,ok,False,2016-08-01,,,2016.0,month-level,,Under construction,False,ترفيهي/سياحي,تحت الإنشاء,"منطقة مكة المكرمة, جدة"
تطوير حي الدحو – Addoho Quarter Renewal,False,Leisure/Tourism,"['Commercial', 'Government', 'Hospitality', 'Infrastructure', 'Leisure/Tourism']",5,,40468.6,Al-Riyadh,الرياض,False,ok,False,,,,,,,Under construction,False,ترفيهي/سياحي,تحت الإنشاء,"منطقة الرياض, الرياض"
مجمع مطاعم اورا – Aura Restaurants Complex,False,Leisure/Tourism,"['Commercial', 'Leisure/Tourism']",2,,10600.0,Al-Riyadh,الرياض,False,ok,False,2017-01-01,,,2017.0,year-level,,Under construction,False,ترفيهي/سياحي,تحت الإنشاء,"منطقة الرياض, الرياض"
مجمع مطاعم شاندلير – Chandelier Restaurants Complex,False,Leisure/Tourism,"['Commercial', 'Leisure/Tourism']",2,,4200.0,Al-Riyadh,الرياض,False,ok,False,2016-09-01,,,2016.0,month-level,,Under construction,False,ترفيهي/سياحي,تحت الإنشاء,"منطقة الرياض, الرياض"
مدينة الأحلام,False,Leisure/Tourism,"['Commercial', 'Education', 'Health', 'Hospitality', 'Infrastructure', 'Leisure/Tourism', 'Religious/Charity', 'Residential', 'Sports']",9,4000000000.0,800000.0,Aseer,خميس مشيط,False,ok,True,,,,,,,Announced,False,ترفيهي/سياحي,معلن عنه,"منطقة عسير, خميس مشيط"
نادي إزميرالدا – Esmeralda,False,Leisure/Tourism,"['Leisure/Tourism', 'Religious/Charity', 'Sports']",3,,14715.0,Makkah Al-Mokarramah,مدينة الملك عبدالله الاقتصادية,False,ok,False,2008-05-20,,,2008.0,exact,,Under construction,False,ترفيهي/سياحي,تحت الإنشاء,"منطقة مكة المكرمة, مدينة الملك عبدالله الاقتصادية"
منتزه حافة العالم في الرياض,False,Leisure/Tourism,"['Hospitality', 'Leisure/Tourism']",2,,,Al-Riyadh,الرياض,False,empty,False,,,,,,,Announced,False,ترفيهي/سياحي,معلن عنه,"منطقة الرياض, الرياض"
سنترال بارك الرياض – Riyadh Central Park,False,Leisure/Tourism,"['Commercial', 'Hospitality', 'Leisure/Tourism']",3,,2000000.0,Al-Riyadh,الرياض,False,ok,False,,,,,,,Announced,False,ترفيهي/سياحي,معلن عنه,"منطقة الرياض, الرياض"
توسعة غرناطة مول – Granada Mall Extension,False,Leisure/Tourism,"['Commercial', 'Leisure/Tourism']",2,336000000.0,67500.0,Al-Riyadh,الرياض,False,ok,True,,2018-11-01,,,,exact,Delayed,True,ترفيهي/سياحي,متأخر,"منطقة الرياض, الرياض"
مجمع العضيب – Alodhaib Complex,False,Leisure/Tourism,"['Commercial', 'Hospitality', 'Leisure/Tourism']",3,,14000.0,Al-Qaseem,بريدة,False,ok,False,,,,,,,Proposed,False,ترفيهي/سياحي,المشاريع المقترحة,"منطقة القصيم, بريدة"
النخلة مول بريدة – Al Nakhla Mall Buraidah,False,Leisure/Tourism,"['Commercial', 'Leisure/Tourism']",2,,16000.0,Al-Qaseem,بريدة,False,ok,False,,2017-12-31,,,,year-level,Delayed,True,ترفيهي/سياحي,متأخر,"منطقة القصيم, بريدة"
مجمع جنات الرياض – JANNAT COMPOUND RIYADH,False,Leisure/Tourism,"['Commercial', 'Education', 'Health', 'Hospitality', 'Leisure/Tourism', 'Residential', 'Sports']",7,,4200000.0,Al-Riyadh,الرياض,False,ok,False,,,,,,,Under construction,False,ترفيهي/سياحي,تحت الإنشاء,"منطقة الرياض, الرياض"
مركز المعارض + المؤتمرات في مطار الملك خالد الدولي –...,True,Leisure/Tourism,"['Commercial', 'Hospitality', 'Leisure/Tourism']",3,,2000000.0,Al-Riyadh,الرياض,False,ok,False,,,,,,,Announced,False,ترفيهي/سياحي,معلن عنه,"منطقة الرياض, الرياض"
مزدلفة مول – Muzdalifa Mall,False,Leisure/Tourism,"['Commercial', 'Leisure/Tourism']",2,,469612.0,Makkah Al-Mokarramah,مكة المكرمة,False,ok,False,,2017-11-30,,,,month-level,Delayed,True,ترفيهي/سياحي,متأخر,"مكة المكرمة, منطقة مكة المكرمة"
جادة الجامعة – University Boulevard,False,Leisure/Tourism,"['Commercial', 'Leisure/Tourism']",2,,140503.0,Al-Riyadh,الرياض,False,ok,False,2016-10-01,2019-04-30,941.0,2016.0,month-level,month-level,Delayed,True,ترفيهي/سياحي,متأخر,"منطقة الرياض, الرياض"
الياسمين مول – Yasmin Mall,False,Leisure/Tourism,"['Commercial', 'Leisure/Tourism']",2,,101672.0,Makkah Al-Mokarramah,جدة,False,ok,False,2012-06-01,2016-03-01,1369.0,2012.0,month-level,exact,Completed,False,ترفيهي/سياحي,مكتمل,"منطقة مكة المكرمة, جدة"
توسعة النخيل مول – الرياض,False,Leisure/Tourism,"['Commercial', 'Leisure/Tourism']",2,,60000.0,Al-Riyadh,الرياض,False,ok,False,,2018-10-31,,,,month-level,Announced,False,ترفيهي/سياحي,معلن عنه,"منطقة الرياض, الرياض"
زهرة مول – Zahra Mall,False,Leisure/Tourism,"['Commercial', 'Leisure/Tourism']",2,,101334.0,Makkah Al-Mokarramah,جدة,False,ok,False,,2017-10-31,,,,month-level,Announced,False,ترفيهي/سياحي,معلن عنه,"منطقة مكة المكرمة, جدة"
كورنيش الرياض,False,Leisure/Tourism,"['Commercial', 'Leisure/Tourism']",2,,200000.0,Al-Riyadh,الرياض,False,ok,False,,,,,,,Announced,False,ترفيهي/سياحي,معلن عنه,"منطقة الرياض, الرياض"
مدينة مطار الملك عبدالعزيز الدولي,False,Leisure/Tourism,"['Commercial', 'Health', 'Hospitality', 'Leisure/Tourism', 'Residential']",5,,1000000.0,Makkah Al-Mokarramah,جدة,False,ok,False,2016-09-19,,,2016.0,exact,,Announced,False,ترفيهي/سياحي,معلن عنه,"منطقة مكة المكرمة, جدة"
تطوير الهدا,False,Leisure/Tourism,['Leisure/Tourism'],1,,152000.0,Makkah Al-Mokarramah,الطائف,False,ok,False,,,,,,,Proposed,False,ترفيهي/سياحي,المشاريع المقترحة,"منطقة مكة المكرمة, الطائف"
حديقة الجبيل الإقليمية,False,Leisure/Tourism,"['Government', 'Leisure/Tourism']",2,,40000000.0,Eastern Region,الجبيل,False,ok,False,,2030-12-31,,,,year-level,Proposed,False,ترفيهي/سياحي,المشاريع المقترحة,"المنطقة الشرقية, الجبيل"
واحة الفنون –  Art Oasis,False,Leisure/Tourism,"['Commercial', 'Leisure/Tourism', 'Residential']",3,120000000.0,11640.0,Al-Riyadh,الرياض,False,ok,True,,,,,,,Proposed,False,ترفيهي/سياحي,المشاريع المقترحة,"منطقة الرياض, الرياض"
مركز الملك عبدالعزيز التاريخي,False,Leisure/Tourism,"['Government', 'Leisure/Tourism']",2,,440000.0,Al-Riyadh,الرياض,False,ok,False,,1999-01-23,,,,exact,Completed,False,ترفيهي/سياحي,مكتمل,"منطقة الرياض, الرياض"
معرض القرآن الكريم,False,Leisure/Tourism,"['Education', 'Leisure/Tourism']",2,,1500.0,Al-Madinah Al-Monawarah,المدينة المنورة,False,ok,False,,,,,,,Completed,False,ترفيهي/سياحي,مكتمل,"منطقة المدينة المنورة, المدينة المنورة"
منتزة سلام,False,Leisure/Tourism,['Leisure/Tourism'],1,,312000.0,Al-Riyadh,الرياض,False,ok,False,,2004-01-07,,,,exact,Completed,False,ترفيهي/سياحي,مكتمل,"منطقة الرياض, الرياض"
مجمع سدرة للمطاعم – Sidra Mall Riyadh,False,Leisure/Tourism,"['Commercial', 'Leisure/Tourism']",2,,10000.0,Al-Riyadh,الرياض,False,ok,False,2016-04-01,2018-03-31,729.0,2016.0,month-level,month-level,Completed,False,ترفيهي/سياحي,مكتمل,"منطقة الرياض, الرياض"
متحف العلا و المركز الثقافي,False,Leisure/Tourism,['Leisure/Tourism'],1,,16000.0,Al-Madinah Al-Monawarah,العلا,False,ok,False,,,,,,,Announced,False,ترفيهي/سياحي,معلن عنه,"منطقة المدينة المنورة, العلا"
مول البساتين,False,Leisure/Tourism,"['Commercial', 'Hospitality', 'Leisure/Tourism']",3,,51000.0,Al-Riyadh,شقراء,False,ok,False,,2016-12-31,,,,year-level,Delayed,True,ترفيهي/سياحي,متأخر,"منطقة الرياض, شقراء"
المجمعة مول – Almajmaah Mall,False,Leisure/Tourism,"['Commercial', 'Leisure/Tourism']",2,,40000.0,Al-Riyadh,المجمعة,False,ok,False,2014-04-21,2016-12-31,985.0,2014.0,exact,year-level,Completed,False,ترفيهي/سياحي,مكتمل,"منطقة الرياض, المجمعة"
دونز سنتر,False,Leisure/Tourism,"['Commercial', 'Leisure/Tourism', 'Residential']",3,,,Makkah Al-Mokarramah,جدة,False,empty,False,2015-09-01,,,2015.0,month-level,,Cancelled,True,ترفيهي/سياحي,ملغي,"منطقة مكة المكرمة, جدة"
الرويشد جراند مول – AL Roished Grand Mall,False,Leisure/Tourism,"['Commercial', 'Leisure/Tourism']",2,,85000.0,Al-Riyadh,الرياض,False,ok,False,2014-06-28,,,2014.0,exact,,Under construction,False,ترفيهي/سياحي,تحت الإنشاء,"منطقة الرياض, الرياض"
جيتواي مول –  Gateway Mall,False,Leisure/Tourism,"['Commercial', 'Leisure/Tourism']",2,,26100.0,Makkah Al-Mokarramah,مدينة الملك عبدالله الاقتصادية,False,ok,False,,,,,,,Announced,False,ترفيهي/سياحي,معلن عنه,"منطقة مكة المكرمة, مدينة الملك عبدالله الاقتصادية"
متحف جازان الإقليمي,False,Leisure/Tourism,"['Government', 'Leisure/Tourism']",2,,10800.0,Jazan,جازان,False,ok,False,,,,,,,Proposed,False,ترفيهي/سياحي,المشاريع المقترحة,"منطقة جازان, جازان"
بارك إن باي راديسون الدمام المدينة الصناعية – Park Inn by...,True,Leisure/Tourism,"['Commercial', 'Hospitality', 'Leisure/Tourism']",3,,13000.0,Eastern Region,الدمام,False,ok,False,2014-07-01,2018-03-22,1360.0,2014.0,month-level,exact,Completed,False,ترفيهي/سياحي,مكتمل,"المنطقة الشرقية, الدمام"
واحة الخبر,False,Leisure/Tourism,"['Commercial', 'Leisure/Tourism']",2,,3000.0,Eastern Region,الخبر,False,ok,False,2015-02-01,2017-03-01,759.0,2015.0,month-level,exact,Delayed,True,ترفيهي/سياحي,متأخر,"المنطقة الشرقية, الخبر"
برج مياه خميس مشيط,False,Leisure/Tourism,"['Government', 'Infrastructure', 'Leisure/Tourism']",3,102288760.0,8000.0,Aseer,خميس مشيط,False,ok,True,,2013-04-04,,,,exact,Delayed,True,ترفيهي/سياحي,متأخر,"منطقة عسير, خميس مشيط"
منتجع ميراج سيتي,False,Leisure/Tourism,"['Hospitality', 'Leisure/Tourism']",2,39000000.0,15000.0,Al-Riyadh,الرياض,False,ok,True,,,,,,,Under construction,False,ترفيهي/سياحي,تحت الإنشاء,"منطقة الرياض, الرياض"
جوهرة هلا مول,False,Leisure/Tourism,"['Commercial', 'Leisure/Tourism']",2,165000000.0,180000.0,Eastern Region,حفر الباطن,False,ok,True,2014-02-01,,,2014.0,month-level,,Under construction,False,ترفيهي/سياحي,تحت الإنشاء,"المنطقة الشرقية, حفر الباطن"
مركز الملك عبدالله الحضاري في الأحساء,False,Leisure/Tourism,"['Infrastructure', 'Leisure/Tourism']",2,250000000.0,,Eastern Region,الأحساء,False,no_digits,True,2013-01-02,2017-01-02,1461.0,2013.0,exact,exact,Delayed,True,ترفيهي/سياحي,متأخر,"المنطقة الشرقية, الأحساء"
سوق المجلس -عنيزة,False,Leisure/Tourism,"['Commercial', 'Infrastructure', 'Leisure/Tourism']",3,110000000.0,117000.0,Al-Qaseem,عنيزة,False,ok,True,2015-05-01,,,2015.0,month-level,,Under construction,False,ترفيهي/سياحي,تحت الإنشاء,"منطقة القصيم, عنيزة"
تصميم مقترح لمشروع منتجع فندقي بكورنيش جدة,False,Leisure/Tourism,"['Hospitality', 'Leisure/Tourism']",2,,,Makkah Al-Mokarramah,جدة,False,empty,False,,,,,,,Proposed,False,ترفيهي/سياحي,المشاريع المقترحة,"منطقة مكة المكرمة, جدة"
المركز الحضارى بالقريات,False,Leisure/Tourism,"['Infrastructure', 'Leisure/Tourism']",2,,4000.0,Al-Jouf,القريات,False,ok,False,,2011-05-09,,,,exact,Stalled,True,ترفيهي/سياحي,متعثر,"منطقة الجوف, القريات"
مجمع نادي منسوبي الحرس الوطني بالرياض,False,Leisure/Tourism,"['Government', 'Leisure/Tourism', 'Sports']",3,,250000.0,Al-Riyadh,الرياض,False,ok,False,2016-05-01,2017-05-01,365.0,2016.0,month-level,exact,Delayed,True,ترفيهي/سياحي,متأخر,"منطقة الرياض, الرياض"
مجمع الضيافة,False,Leisure/Tourism,"['Commercial', 'Leisure/Tourism']",2,,4096.0,Al-Riyadh,الرياض,False,ok,False,2015-01-01,2016-09-01,609.0,2015.0,year-level,exact,Delayed,True,ترفيهي/سياحي,متأخر,"منطقة الرياض, الرياض"
مركز معارض الرياض الدولي,False,Leisure/Tourism,"['Commercial', 'Education', 'Government', 'Industrial', 'Leisure/Tourism', 'Religious/Charity']",6,,189000.0,Al-Riyadh,الرياض,False,ok,False,,2008-12-31,,,,year-level,Completed,False,ترفيهي/سياحي,مكتمل,"منطقة الرياض, الرياض"
ميدان الملك سلمان – الدرعية,False,Leisure/Tourism,"['Infrastructure', 'Leisure/Tourism']",2,,10000.0,Al-Riyadh,الدرعية,False,ok,False,,,,,,,Completed,False,ترفيهي/سياحي,مكتمل,"منطقة الرياض, الدرعية"
مول العرب جدة – Mall of Arabia Jeddah,False,Leisure/Tourism,"['Commercial', 'Leisure/Tourism']",2,,136000.0,Makkah Al-Mokarramah,جدة,False,ok,False,2005-01-01,2008-10-31,1399.0,2005.0,year-level,month-level,Completed,False,ترفيهي/سياحي,مكتمل,"منطقة مكة المكرمة, جدة"
سارية العلم – جدة,False,Leisure/Tourism,"['Infrastructure', 'Leisure/Tourism']",2,,2000.0,Makkah Al-Mokarramah,جدة,False,ok,False,2012-11-18,2014-09-24,675.0,2012.0,exact,exact,Completed,False,ترفيهي/سياحي,مكتمل,"منطقة مكة المكرمة, جدة"
مدينة القصيم السياحية,False,Leisure/Tourism,"['Commercial', 'Hospitality', 'Leisure/Tourism']",3,,250725.0,Al-Qaseem,عنيزة,False,ok,False,,,,,,,Under construction,False,ترفيهي/سياحي,تحت الإنشاء,"منطقة القصيم, عنيزة"
مجمع ڤيرندا‬ للمطاعم – Veranda Restaurants Complex,False,Leisure/Tourism,"['Commercial', 'Leisure/Tourism']",2,,6000.0,Al-Riyadh,الرياض,False,ok,False,,2017-07-01,,,,exact,Delayed,True,ترفيهي/سياحي,متأخر,"منطقة الرياض, الرياض"
شاطئ السيف – Saif Beach,False,Leisure/Tourism,"['Commercial', 'Government', 'Leisure/Tourism', 'Sports']",4,70200000.0,350000.0,Makkah Al-Mokarramah,جدة,False,ok,True,2015-01-01,2016-01-26,390.0,2015.0,year-level,exact,Completed,False,ترفيهي/سياحي,مكتمل,"منطقة مكة المكرمة, جدة"
البحيرةالصناعية-جامعة جازان,False,Leisure/Tourism,"['Infrastructure', 'Leisure/Tourism']",2,160000000.0,,Jazan,جازان,False,empty,True,2012-04-28,,,2012.0,exact,,Under construction,False,ترفيهي/سياحي,تحت الإنشاء,"منطقة جازان, جازان"
مجمع ذا كورنر التجاري,False,Leisure/Tourism,"['Commercial', 'Leisure/Tourism']",2,,,Al-Riyadh,الرياض,False,empty,False,,,,,,,Under construction,False,ترفيهي/سياحي,تحت الإنشاء,"منطقة الرياض, الرياض"
منتزه الملك عبدالله – الرياض,False,Leisure/Tourism,['Leisure/Tourism'],1,,318000.0,Al-Riyadh,الرياض,False,ok,False,2010-01-19,2013-10-02,1352.0,2010.0,exact,exact,Completed,False,ترفيهي/سياحي,مكتمل,"منطقة الرياض, الرياض"
الدرعية فستيفال سيتي,False,Leisure/Tourism,"['Commercial', 'Hospitality', 'Leisure/Tourism', 'Residential']",4,6000000000.0,496340.0,Al-Riyadh,الدرعية,False,ok,True,2016-12-31,2019-12-31,1095.0,2016.0,exact,year-level,Announced,False,ترفيهي/سياحي,معلن عنه,"منطقة الرياض, الدرعية"
مرسى البيلسان – Bay La Sun Marina,False,Leisure/Tourism,"['Commercial', 'Hospitality', 'Leisure/Tourism']",3,,,Makkah Al-Mokarramah,مدينة الملك عبدالله الاقتصادية,False,empty,False,,,,,,,Announced,False,ترفيهي/سياحي,معلن عنه,"منطقة مكة المكرمة, مدينة الملك عبدالله الاقتصادية"
المتحف الوطني,False,Leisure/Tourism,['Leisure/Tourism'],1,,28000.0,Al-Riyadh,الرياض,False,ok,False,1997-03-01,1999-05-01,791.0,1997.0,month-level,exact,Completed,False,ترفيهي/سياحي,مكتمل,"منطقة الرياض, الرياض"
متحف واحة القران الكريم – Quran Oasis Museum,False,Leisure/Tourism,"['Government', 'Leisure/Tourism']",2,,200000.0,Al-Madinah Al-Monawarah,المدينة المنورة,False,ok,False,,,,,,,Announced,False,ترفيهي/سياحي,معلن عنه,"منطقة المدينة المنورة, المدينة المنورة"
متحف التاريخ الإسلامي بمنطقة قصر خزام بـ جدة,False,Leisure/Tourism,['Leisure/Tourism'],1,,,Makkah Al-Mokarramah,جدة,False,empty,False,,,,,,,Proposed,False,ترفيهي/سياحي,المشاريع المقترحة,"منطقة مكة المكرمة, جدة"
ترميم وتطوير المنطقة المحيطة بالقلعة الدوسرية,False,Leisure/Tourism,"['Government', 'Leisure/Tourism']",2,,,Jazan,جازان,False,empty,False,2015-09-06,,,2015.0,exact,,Under construction,False,ترفيهي/سياحي,تحت الإنشاء,"منطقة جازان, جازان"
مدينة البن,False,Leisure/Tourism,['Leisure/Tourism'],1,,,Jazan,جازان,False,empty,False,,,,,,,Proposed,False,ترفيهي/سياحي,المشاريع المقترحة,"منطقة جازان, جازان"
منتزة قرضة السياحي,False,Leisure/Tourism,['Leisure/Tourism'],1,4478157.0,20000.0,Jazan,فيفاء,False,ok,True,,,,,,,Under construction,False,ترفيهي/سياحي,تحت الإنشاء,"فيفاء, منطقة جازان"
مركز الأمير سلطان بن عبدالعزيز الحضاري بجازان,False,Leisure/Tourism,['Leisure/Tourism'],1,79929000.0,50000.0,Jazan,جازان,False,ok,True,2010-06-09,,,2010.0,exact,,Completed,False,ترفيهي/سياحي,مكتمل,"منطقة جازان, جازان"
القصر مول,False,Leisure/Tourism,"['Commercial', 'Leisure/Tourism']",2,1000000000.0,85000.0,Al-Riyadh,الرياض,False,ok,True,,2012-06-13,,,,exact,Completed,False,ترفيهي/سياحي,مكتمل,"منطقة الرياض, الرياض"
درة جازان,False,Leisure/Tourism,['Leisure/Tourism'],1,300000000.0,,Jazan,جازان,False,empty,True,2012-10-03,,,2012.0,exact,,Under construction,False,ترفيهي/سياحي,تحت الإنشاء,"منطقة جازان, جازان"
منتزة جعرانة,False,Leisure/Tourism,"['Infrastructure', 'Leisure/Tourism']",2,72958000.0,,Makkah Al-Mokarramah,مكة المكرمة,False,no_digits,True,,,,,,,Completed,False,ترفيهي/سياحي,مكتمل,"مكة المكرمة, منطقة مكة المكرمة"
ذاخر مكة  المرحلة 1 – Thakher Makkah Phase 1,False,Leisure/Tourism,"['Commercial', 'Hospitality', 'Infrastructure', 'Leisure/Tourism', 'Residential']",5,12000000000.0,320000.0,Makkah Al-Mokarramah,مكة المكرمة,False,ok,True,2013-12-05,,,2013.0,exact,,Under construction,False,ترفيهي/سياحي,تحت الإنشاء,"مكة المكرمة, منطقة مكة المكرمة"
الباحة مول – Baha Mall,False,Leisure/Tourism,"['Commercial', 'Leisure/Tourism']",2,,,Al-Baha,,False,empty,False,,,,,,,Announced,False,ترفيهي/سياحي,معلن عنه,منطقة الباحة
مشروع تحسين المنطقة المركزية لمدينة الباحة,False,Leisure/Tourism,"['Commercial', 'Government', 'Infrastructure', 'Leisure/Tourism']",4,,,Al-Baha,,False,empty,False,,,,,,,Under construction,False,ترفيهي/سياحي,تحت الإنشاء,منطقة الباحة
اعادة تأهيل بلدة العلا التراثية,False,Leisure/Tourism,"['Infrastructure', 'Leisure/Tourism']",2,,,Al-Madinah Al-Monawarah,العلا,False,empty,False,2009-04-23,,,2009.0,exact,,Under construction,False,ترفيهي/سياحي,تحت الإنشاء,"منطقة المدينة المنورة, العلا"
الاستاد الرياضي-الجامعة الأسلامية,False,Leisure/Tourism,"['Education', 'Leisure/Tourism']",2,65000000.0,,Al-Madinah Al-Monawarah,المدينة المنورة,False,empty,True,2013-05-16,,,2013.0,exact,,Under construction,False,ترفيهي/سياحي,تحت الإنشاء,"منطقة المدينة المنورة, المدينة المنورة"
ميجا سيتي,False,Leisure/Tourism,"['Commercial', 'Hospitality', 'Infrastructure', 'Leisure/Tourism', 'Residential']",5,,5850000.0,Makkah Al-Mokarramah,بحرة,False,ok,False,,,,,,,Proposed,False,ترفيهي/سياحي,المشاريع المقترحة,"منطقة مكة المكرمة, بحرة"
فورتوري – FORTORE,False,Leisure/Tourism,"['Commercial', 'Leisure/Tourism']",2,,,Al-Riyadh,الرياض,False,empty,False,2015-06-01,2017-06-01,731.0,2015.0,month-level,exact,Delayed,True,ترفيهي/سياحي,متأخر,"منطقة الرياض, الرياض"
مشروع الواجهة البحرية بمدينة ينبع الصناعية,False,Leisure/Tourism,"['Commercial', 'Hospitality', 'Infrastructure', 'Leisure/Tourism', 'Residential', 'Sports']",6,11100000000.0,,Al-Madinah Al-Monawarah,ينبع,False,linear_distance_not_area,True,2010-05-19,,,2010.0,exact,,Under construction,False,ترفيهي/سياحي,تحت الإنشاء,"ينبع, منطقة المدينة المنورة"
جوهرة مكة,False,Leisure/Tourism,"['Commercial', 'Leisure/Tourism']",2,,600000.0,Makkah Al-Mokarramah,مكة المكرمة,False,ok,False,,,,,,,Announced,False,ترفيهي/سياحي,معلن عنه,"مكة المكرمة, منطقة مكة المكرمة"
الأستاد الرياضي بجامعة طيبة –  Taibah Outdoor Sports,False,Leisure/Tourism,"['Education', 'Leisure/Tourism', 'Sports']",3,37401691.0,,Al-Madinah Al-Monawarah,المدينة المنورة,False,empty,True,2013-05-01,,,2013.0,month-level,,Under construction,False,ترفيهي/سياحي,تحت الإنشاء,"منطقة المدينة المنورة, المدينة المنورة"
مدينة الملك عبد الله الاقتصادية – KAEC,False,Leisure/Tourism,"['Commercial', 'Education', 'Government', 'Health', 'Hospitality', 'Industrial', 'Infrastructure', 'Leisure/Tourism', 'Religious/Charity', 'Residential', 'Scientific', 'Sports']",12,375000000000.0,173000000.0,Makkah Al-Mokarramah,مدينة الملك عبدالله الاقتصادية,False,ok,True,2005-01-01,2030-12-31,9495.0,2005.0,year-level,year-level,Under construction,False,ترفيهي/سياحي,تحت الإنشاء,"منطقة مكة المكرمة, مدينة الملك عبدالله الاقتصادية"
توسعة متنزه سد وادي نمار,False,Leisure/Tourism,"['Government', 'Infrastructure', 'Leisure/Tourism']",3,,130000.0,Al-Riyadh,الرياض,False,ok,False,,,,,,,Under construction,False,ترفيهي/سياحي,تحت الإنشاء,"منطقة الرياض, الرياض"
مشروع التأهيل البيئي لوادي لبن “المرحلة الأولى”,False,Leisure/Tourism,"['Government', 'Infrastructure', 'Leisure/Tourism']",3,,,Al-Riyadh,الرياض,False,empty,False,,2012-04-10,,,,exact,Completed,False,ترفيهي/سياحي,مكتمل,"منطقة الرياض, الرياض"
مشروع التأهيل البيئي لوادي نمار “المرحلة الأولى”...,True,Leisure/Tourism,"['Government', 'Infrastructure', 'Leisure/Tourism']",3,,,Al-Riyadh,الرياض,False,empty,False,,2012-04-10,,,,exact,Completed,False,ترفيهي/سياحي,مكتمل,"منطقة الرياض, الرياض"
مبنى الخطوط السعودية-المدينة المنورة,False,Leisure/Tourism,"['Commercial', 'Leisure/Tourism']",2,,,Al-Madinah Al-Monawarah,المدينة المنورة,False,empty,False,2014-03-02,,,2014.0,exact,,Completed,False,ترفيهي/سياحي,مكتمل,"منطقة المدينة المنورة, المدينة المنورة"
الأندلس سكوير,False,Leisure/Tourism,"['Commercial', 'Health', 'Hospitality', 'Leisure/Tourism', 'Residential']",5,,197000.0,Makkah Al-Mokarramah,جدة,False,ok,False,2006-01-01,,,2006.0,year-level,,Under construction,False,ترفيهي/سياحي,تحت الإنشاء,"منطقة مكة المكرمة, جدة"
حمد مول في حي النفل,False,Leisure/Tourism,"['Commercial', 'Leisure/Tourism']",2,,22800.0,Al-Riyadh,الرياض,False,ok,False,,,,,,,Under construction,False,ترفيهي/سياحي,تحت الإنشاء,"منطقة الرياض, الرياض"
أبراج معاد الفندقية – MAAD TOWERS,False,Leisure/Tourism,"['Commercial', 'Hospitality', 'Leisure/Tourism']",3,300000000.0,48260.0,Makkah Al-Mokarramah,مكة المكرمة,False,ok,True,2014-03-01,2017-03-01,1096.0,2014.0,month-level,exact,Delayed,True,ترفيهي/سياحي,متأخر,"مكة المكرمة, منطقة مكة المكرمة"
تطوير جبل الخليل – Jabal Al Khalil Development,False,Leisure/Tourism,"['Commercial', 'Hospitality', 'Leisure/Tourism']",3,,71104.0,Makkah Al-Mokarramah,مكة المكرمة,False,ok,False,,,,,,,Announced,False,ترفيهي/سياحي,معلن عنه,"مكة المكرمة, منطقة مكة المكرمة"
مجمع لاندمارك التخصصي,False,Leisure/Tourism,"['Commercial', 'Hospitality', 'Leisure/Tourism']",3,,41000.0,Al-Riyadh,الرياض,False,ok,False,,,,,,,Announced,False,ترفيهي/سياحي,معلن عنه,"منطقة الرياض, الرياض"
ثروة تاون,False,Leisure/Tourism,"['Commercial', 'Leisure/Tourism', 'Residential']",3,,4047427.0,Eastern Region,الدمام,False,ok,False,,,,,,,Proposed,False,ترفيهي/سياحي,المشاريع المقترحة,"المنطقة الشرقية, الدمام"
تطوير جزيرة تاروت,False,Leisure/Tourism,"['Commercial', 'Health', 'Hospitality', 'Infrastructure', 'Leisure/Tourism', 'Residential', 'Sports']",7,,8200000.0,Eastern Region,الدمام,False,ok,False,,,,,,,Proposed,False,ترفيهي/سياحي,المشاريع المقترحة,"المنطقة الشرقية, الدمام"
مدينة الراشد في الخبر,False,Leisure/Tourism,"['Commercial', 'Hospitality', 'Leisure/Tourism', 'Residential']",4,,,Eastern Region,الخبر,False,empty,False,,,,,,,Proposed,False,ترفيهي/سياحي,المشاريع المقترحة,"المنطقة الشرقية, الخبر"
برج المملكة – الرياض,False,Leisure/Tourism,"['Commercial', 'Hospitality', 'Leisure/Tourism', 'Residential']",4,1717000000.0,94230.0,Al-Riyadh,الرياض,False,ok,True,1996-01-01,2002-12-31,2556.0,1996.0,year-level,year-level,Completed,False,ترفيهي/سياحي,مكتمل,"منطقة الرياض, الرياض"
تفاصيل – Tafaseel,False,Leisure/Tourism,"['Commercial', 'Leisure/Tourism']",2,,35000.0,Al-Riyadh,الرياض,False,ok,False,2016-01-01,2017-06-30,546.0,2016.0,year-level,month-level,Completed,False,ترفيهي/سياحي,مكتمل,"منطقة الرياض, الرياض"
متحف حائل الأقليمي – Hail Regional Museum,False,Leisure/Tourism,['Leisure/Tourism'],1,38500000.0,210000.0,Hail,حائل,False,ok,True,2010-04-21,2016-06-16,2248.0,2010.0,exact,exact,Completed,False,ترفيهي/سياحي,مكتمل,"منطقة حائل, حائل"
الخريجي بلازا في الخبر,False,Leisure/Tourism,"['Commercial', 'Hospitality', 'Leisure/Tourism']",3,,,Eastern Region,الخبر,False,empty,False,,,,,,,Proposed,False,ترفيهي/سياحي,المشاريع المقترحة,"المنطقة الشرقية, الخبر"
برج الفيصلية,False,Leisure/Tourism,"['Commercial', 'Hospitality', 'Leisure/Tourism']",3,950000000.0,55000.0,Al-Riyadh,الرياض,False,ok,True,1997-01-01,2000-05-14,1229.0,1997.0,year-level,exact,Completed,False,ترفيهي/سياحي,مكتمل,"منطقة الرياض, الرياض"
مجمع نورة سنتر,False,Leisure/Tourism,"['Commercial', 'Hospitality', 'Leisure/Tourism']",3,,180000.0,Al-Riyadh,الرياض,False,ok,False,,,,,,,Announced,False,ترفيهي/سياحي,معلن عنه,"منطقة الرياض, الرياض"
الافنيوز الخبر,False,Leisure/Tourism,"['Commercial', 'Hospitality', 'Leisure/Tourism', 'Residential']",4,,209000.0,Eastern Region,الخبر,False,ok,False,,2020-08-31,,,,month-level,Announced,False,ترفيهي/سياحي,معلن عنه,"المنطقة الشرقية, الخبر"
متحف عسير الإقليمي – Asir Regional Museum,False,Leisure/Tourism,"['Government', 'Leisure/Tourism']",2,30474561.0,3400.0,Aseer,أبها,False,ok,True,,2014-04-01,,,,exact,Completed,False,ترفيهي/سياحي,مكتمل,"منطقة عسير, أبها"
حديقة مطار أبها,False,Leisure/Tourism,"['Government', 'Leisure/Tourism']",2,28000000.0,125000.0,Aseer,أبها,False,ok,True,,,,,,,Completed,False,ترفيهي/سياحي,مكتمل,"منطقة عسير, أبها"
الواجهة البحرية لشاطيء الحريضة,False,Leisure/Tourism,"['Government', 'Infrastructure', 'Leisure/Tourism']",3,500000000.0,2420000.0,Aseer,أبها,False,ok,True,,,,,,,Under construction,False,ترفيهي/سياحي,تحت الإنشاء,"منطقة عسير, أبها"
المركز الحضرى بأبها,False,Leisure/Tourism,"['Government', 'Leisure/Tourism']",2,130000000.0,500000.0,Aseer,أبها,False,ok,True,,,,,,,Under construction,False,ترفيهي/سياحي,تحت الإنشاء,"منطقة عسير, أبها"
تطوير وتأهيل وسط ابها,False,Leisure/Tourism,"['Government', 'Infrastructure', 'Leisure/Tourism']",3,650000000.0,2621164.0,Aseer,أبها,False,ok,True,,,,,,,Under construction,False,ترفيهي/سياحي,تحت الإنشاء,"منطقة عسير, أبها"
الجوف سنتر,False,Leisure/Tourism,"['Commercial', 'Leisure/Tourism']",2,,60000.0,Al-Jouf,سكاكا,False,ok,False,,2016-06-30,,,,month-level,Delayed,True,ترفيهي/سياحي,متأخر,"منطقة الجوف, سكاكا"
جراند مول حائل,False,Leisure/Tourism,"['Commercial', 'Leisure/Tourism']",2,,102000.0,Hail,حائل,False,ok,False,2014-06-01,2016-06-30,760.0,2014.0,month-level,month-level,Delayed,True,ترفيهي/سياحي,متأخر,"منطقة حائل, حائل"
جراند مول الدمام,False,Leisure/Tourism,"['Commercial', 'Leisure/Tourism']",2,,227383.0,Eastern Region,الدمام,False,ok,False,,,,,,,Announced,False,ترفيهي/سياحي,معلن عنه,"المنطقة الشرقية, الدمام"
مرفا مول –  MARFA MALL,False,Leisure/Tourism,"['Commercial', 'Leisure/Tourism']",2,284875006.0,178126.0,Eastern Region,الجبيل الصناعية,False,ok,True,2017-04-01,2018-10-01,548.0,2017.0,month-level,exact,Delayed,True,ترفيهي/سياحي,متأخر,"المنطقة الشرقية, الجبيل الصناعية"
جراند مول القصيم,False,Leisure/Tourism,"['Commercial', 'Leisure/Tourism']",2,,1314470.0,Al-Qaseem,بريدة,False,ok,False,,,,,,,Announced,False,ترفيهي/سياحي,معلن عنه,"منطقة القصيم, بريدة"
سيتي مول – City Mall,False,Leisure/Tourism,"['Commercial', 'Leisure/Tourism']",2,,120620.0,Eastern Region,الخفجي,False,ok,False,2016-07-01,2019-12-31,1278.0,2016.0,month-level,year-level,Under construction,False,ترفيهي/سياحي,تحت الإنشاء,"المنطقة الشرقية, الخفجي"
مركز الرحال – Al Rehal Center,False,Leisure/Tourism,"['Commercial', 'Hospitality', 'Leisure/Tourism']",3,,123145.0,Makkah Al-Mokarramah,جدة,False,ok,False,,2018-11-30,,,,month-level,Delayed,True,ترفيهي/سياحي,متأخر,"منطقة مكة المكرمة, جدة"
مركز الراجحي,False,Leisure/Tourism,"['Commercial', 'Hospitality', 'Leisure/Tourism', 'Religious/Charity', 'Residential']",5,,,Makkah Al-Mokarramah,جدة,False,empty,False,,,,,,,Cancelled,True,ترفيهي/سياحي,ملغي,"منطقة مكة المكرمة, جدة"
الفندق التراثي لبلدة العلا,False,Leisure/Tourism,['Leisure/Tourism'],1,2429760.0,,Al-Madinah Al-Monawarah,العلا,False,empty,True,2014-03-05,,,2014.0,exact,,Under construction,False,ترفيهي/سياحي,تحت الإنشاء,"منطقة المدينة المنورة, العلا"
المشرق مول – Al Mashriq Mall,False,Leisure/Tourism,"['Commercial', 'Leisure/Tourism']",2,,226200.0,Eastern Region,حفر الباطن,False,ok,False,2014-02-01,2016-04-30,819.0,2014.0,month-level,month-level,Completed,False,ترفيهي/سياحي,مكتمل,"المنطقة الشرقية, حفر الباطن"
جزيرة النورس,False,Leisure/Tourism,"['Commercial', 'Infrastructure', 'Leisure/Tourism']",3,,230000.0,Al-Madinah Al-Monawarah,ينبع,False,ok,False,2013-08-05,,,2013.0,exact,,Completed,False,ترفيهي/سياحي,مكتمل,"ينبع, منطقة المدينة المنورة"
تطوير بحيرة سيهات,False,Leisure/Tourism,"['Commercial', 'Leisure/Tourism']",2,,580645.0,Eastern Region,الدمام,False,ok,False,,,,,,,Announced,False,ترفيهي/سياحي,معلن عنه,"المنطقة الشرقية, الدمام"
عرعر مول – Arar Mall,False,Leisure/Tourism,"['Commercial', 'Leisure/Tourism']",2,,125103.0,Northern Borders,عرعر,False,ok,False,2014-05-01,2016-05-15,745.0,2014.0,month-level,exact,Completed,False,ترفيهي/سياحي,مكتمل,"منطقة الحدود الشمالية, عرعر"
العثيم مول – عنيزة,False,Leisure/Tourism,"['Commercial', 'Leisure/Tourism']",2,100000000.0,62000.0,Al-Qaseem,عنيزة,False,ok,True,2014-04-25,2016-04-30,736.0,2014.0,exact,month-level,Completed,False,ترفيهي/سياحي,مكتمل,"منطقة القصيم, عنيزة"
الطائف الجديدة,False,Leisure/Tourism,"['Commercial', 'Education', 'Hospitality', 'Infrastructure', 'Leisure/Tourism']",5,,,Makkah Al-Mokarramah,الطائف,False,linear_distance_not_area,False,2014-02-10,,,2014.0,exact,,Announced,False,ترفيهي/سياحي,معلن عنه,"منطقة مكة المكرمة, الطائف"
تطوير جبل عمر (JODC) – المرحلة السادسة,False,Leisure/Tourism,"['Commercial', 'Hospitality', 'Leisure/Tourism']",3,,,Makkah Al-Mokarramah,مكة المكرمة,False,empty,False,,,,,,,Announced,False,ترفيهي/سياحي,معلن عنه,"مكة المكرمة, منطقة مكة المكرمة"
مركز الفن المعاصر بالدرعية – Addiriyah Contemporary Art Center,False,Leisure/Tourism,"['Government', 'Leisure/Tourism']",2,,,Al-Riyadh,الدرعية,False,empty,False,,,,,,,Announced,False,ترفيهي/سياحي,معلن عنه,"منطقة الرياض, الدرعية"
منتجع بساتين المدينة راديسون بلو –  Al Madinah Basatin Radisson Bl...,True,Leisure/Tourism,"['Commercial', 'Hospitality', 'Infrastructure', 'Leisure/Tourism', 'Residential']",5,60000000.0,80000.0,Al-Madinah Al-Monawarah,المدينة المنورة,False,ok,True,,,,,,,Stalled,True,ترفيهي/سياحي,متعثر,"منطقة المدينة المنورة, المدينة المنورة"
متنزه الأمير سطام – Prince Sattam Park,False,Leisure/Tourism,"['Government', 'Leisure/Tourism']",2,400000000.0,300000.0,Al-Riyadh,الرياض,False,ok,True,,2019-12-01,,,,exact,Announced,False,ترفيهي/سياحي,معلن عنه,"منطقة الرياض, الرياض"
الجامعة مول حائل – Al Jamia Mall Hail,False,Leisure/Tourism,"['Commercial', 'Leisure/Tourism']",2,,92000.0,Hail,حائل,False,ok,False,2011-12-24,,,2011.0,exact,,Under construction,False,ترفيهي/سياحي,تحت الإنشاء,"منطقة حائل, حائل"
تطوير جبل عمر (JODC) – المرحلة الخامسة,False,Leisure/Tourism,"['Commercial', 'Hospitality', 'Leisure/Tourism']",3,,,Makkah Al-Mokarramah,مكة المكرمة,False,empty,False,,,,,,,Announced,False,ترفيهي/سياحي,معلن عنه,"مكة المكرمة, منطقة مكة المكرمة"
تطوير جبل عمر (JODC) – المرحلة الرابعة,False,Leisure/Tourism,"['Commercial', 'Hospitality', 'Leisure/Tourism']",3,2300000000.0,,Makkah Al-Mokarramah,مكة المكرمة,False,empty,True,2014-01-12,2016-12-27,1080.0,2014.0,exact,exact,Delayed,True,ترفيهي/سياحي,متأخر,"مكة المكرمة, منطقة مكة المكرمة"
تطوير جبل عمر (JODC) – المرحلة الثالثة,False,Leisure/Tourism,"['Commercial', 'Hospitality', 'Leisure/Tourism']",3,2600000000.0,,Makkah Al-Mokarramah,مكة المكرمة,False,empty,True,2012-12-15,2018-04-01,1933.0,2012.0,exact,exact,Delayed,True,ترفيهي/سياحي,متأخر,"مكة المكرمة, منطقة مكة المكرمة"
متنزه الملك عبدالله للمغامرات في جبل الشعبة بالاحساء...,True,Leisure/Tourism,['Leisure/Tourism'],1,350000000.0,1000000.0,Eastern Region,الأحساء,False,ok,True,2013-06-01,2017-04-01,1400.0,2013.0,month-level,exact,Delayed,True,ترفيهي/سياحي,متأخر,"المنطقة الشرقية, الأحساء"
مركز وسط المدينة الجديد في الجبيل الصناعية – The new city...,True,Leisure/Tourism,"['Education', 'Government', 'Hospitality', 'Leisure/Tourism', 'Residential']",5,,2800000.0,Eastern Region,الجبيل الصناعية,False,ok,False,,,,,,,Announced,False,ترفيهي/سياحي,معلن عنه,"المنطقة الشرقية, الجبيل الصناعية"
تطوير جبل عمر (JODC) – المرحلة الثانية,False,Leisure/Tourism,"['Commercial', 'Hospitality', 'Leisure/Tourism']",3,1490000000.0,11375.0,Makkah Al-Mokarramah,مكة المكرمة,False,ok,True,2013-03-21,2018-04-01,1837.0,2013.0,exact,exact,Delayed,True,ترفيهي/سياحي,متأخر,"مكة المكرمة, منطقة مكة المكرمة"
الرياض ووك – Riyadh Walk,False,Leisure/Tourism,"['Commercial', 'Hospitality', 'Leisure/Tourism']",3,1200000000.0,136000.0,Al-Riyadh,الرياض,False,ok,True,,,,,,,Announced,False,ترفيهي/سياحي,معلن عنه,"منطقة الرياض, الرياض"
ارض كورنيش الخبر – AlKhobar Corniche Land,False,Leisure/Tourism,"['Commercial', 'Hospitality', 'Leisure/Tourism', 'Residential']",4,,,Eastern Region,الخبر,False,empty,False,,,,,,,Proposed,False,ترفيهي/سياحي,المشاريع المقترحة,"المنطقة الشرقية, الخبر"
الراشد تاون سكوير الاحساء – Al Rashid Town Square Al Ahsa,False,Leisure/Tourism,"['Commercial', 'Hospitality', 'Leisure/Tourism']",3,250000000.0,52000.0,Eastern Region,الأحساء,False,ok,True,2011-04-10,2015-03-15,1435.0,2011.0,exact,exact,Completed,False,ترفيهي/سياحي,مكتمل,"المنطقة الشرقية, الأحساء"
متحف الدمام الاقليمي – Dammam Regional Museum,False,Leisure/Tourism,"['Government', 'Leisure/Tourism']",2,45000000.0,15000.0,Eastern Region,الدمام,False,ok,True,2011-06-04,2018-05-01,2523.0,2011.0,exact,exact,Delayed,True,ترفيهي/سياحي,متأخر,"المنطقة الشرقية, الدمام"
واجهة العقير السياحية – Develop Al-Uqair Beach,False,Leisure/Tourism,"['Commercial', 'Hospitality', 'Leisure/Tourism', 'Residential']",4,34000000000.0,100000000.0,Eastern Region,الأحساء,False,ok,True,,,,,,,Announced,False,ترفيهي/سياحي,معلن عنه,"المنطقة الشرقية, الأحساء"
ركاز داون تاون الخبر – Downtown Rikaz Al Khobar,False,Leisure/Tourism,"['Commercial', 'Leisure/Tourism', 'Residential']",3,,106914.0,Eastern Region,الخبر,False,ok,False,,,,,,,Announced,False,ترفيهي/سياحي,معلن عنه,"المنطقة الشرقية, الخبر"
تطوير جبل عمر (JODC) – المرحلة الأولى,False,Leisure/Tourism,"['Commercial', 'Hospitality', 'Leisure/Tourism']",3,3717400000.0,23000.0,Makkah Al-Mokarramah,مكة المكرمة,False,ok,True,2011-01-01,2017-05-31,2342.0,2011.0,year-level,month-level,Completed,False,ترفيهي/سياحي,مكتمل,"مكة المكرمة, منطقة مكة المكرمة"
الحي التراثي- المدينة المنورة,False,Leisure/Tourism,"['Commercial', 'Leisure/Tourism']",2,,120000.0,Al-Madinah Al-Monawarah,المدينة المنورة,False,ok,False,2013-07-29,,,2013.0,exact,,Under construction,False,ترفيهي/سياحي,تحت الإنشاء,"منطقة المدينة المنورة, المدينة المنورة"
القلم مول – Al Qalam Mall,False,Leisure/Tourism,"['Commercial', 'Hospitality', 'Leisure/Tourism']",3,,216362.0,Makkah Al-Mokarramah,جدة,False,ok,False,,2017-07-11,,,,exact,Delayed,True,ترفيهي/سياحي,متأخر,"منطقة مكة المكرمة, جدة"
جوهرة جدة – Jawharat Jeddah,False,Leisure/Tourism,"['Commercial', 'Leisure/Tourism']",2,,221728.0,Makkah Al-Mokarramah,جدة,False,ok,False,,2018-10-01,,,,exact,Announced,False,ترفيهي/سياحي,معلن عنه,"منطقة مكة المكرمة, جدة"
ردسي مول (التوسعة الأولى) – (Red Sea Mall (1st Expansion,False,Leisure/Tourism,"['Commercial', 'Leisure/Tourism']",2,200000000.0,4000.0,Makkah Al-Mokarramah,جدة,False,ok,True,2015-01-01,2016-12-31,730.0,2015.0,year-level,year-level,Completed,False,ترفيهي/سياحي,مكتمل,"منطقة مكة المكرمة, جدة"
أويسس مول – Oasis Mall,False,Leisure/Tourism,"['Commercial', 'Hospitality', 'Leisure/Tourism']",3,500000000.0,23000.0,Makkah Al-Mokarramah,جدة,False,ok,True,,1998-01-01,,,,exact,Completed,False,ترفيهي/سياحي,مكتمل,"منطقة مكة المكرمة, جدة"
تطوير ممشى مصلى العيد,False,Leisure/Tourism,"['Government', 'Leisure/Tourism']",2,,,Tabouk,تبوك,False,empty,False,,,,,,,Completed,False,ترفيهي/سياحي,مكتمل,"منطقة تبوك, تبوك"
متحف تبوك الاقليمي – Tabuk Regional Museum,False,Leisure/Tourism,"['Government', 'Leisure/Tourism']",2,100000000.0,100000.0,Tabouk,تبوك,False,ok,True,2010-07-01,2015-12-31,2009.0,2010.0,month-level,year-level,Completed,False,ترفيهي/سياحي,مكتمل,"منطقة تبوك, تبوك"
منتزه البيضاء البري,False,Leisure/Tourism,"['Government', 'Leisure/Tourism']",2,,4000000.0,Al-Madinah Al-Monawarah,المدينة المنورة,False,ok,False,,,,,,,Under construction,False,ترفيهي/سياحي,تحت الإنشاء,"منطقة المدينة المنورة, المدينة المنورة"
مشروع التطوير والتنسيق الحضاري لمنطقة الخندق,False,Leisure/Tourism,"['Government', 'Infrastructure', 'Leisure/Tourism', 'Religious/Charity']",4,,,Al-Madinah Al-Monawarah,المدينة المنورة,False,empty,False,,,,,,,Proposed,False,ترفيهي/سياحي,المشاريع المقترحة,"منطقة المدينة المنورة, المدينة المنورة"
النخيل مول – الرياض,False,Leisure/Tourism,"['Commercial', 'Leisure/Tourism']",2,,93000.0,Al-Riyadh,الرياض,False,ok,False,,2014-02-03,,,,exact,Completed,False,ترفيهي/سياحي,مكتمل,"منطقة الرياض, الرياض"
الجبيل مول – Al Jubail Mall,False,Leisure/Tourism,"['Commercial', 'Leisure/Tourism']",2,,38360.0,Eastern Region,الجبيل,False,ok,False,2013-06-01,2015-05-25,723.0,2013.0,month-level,exact,Completed,False,ترفيهي/سياحي,مكتمل,"المنطقة الشرقية, الجبيل"
مداخل وبوابات المدينة المنورة – Gates of Al Madinah Al Munawwarah...,True,Leisure/Tourism,"['Government', 'Infrastructure', 'Leisure/Tourism']",3,,35000.0,Al-Madinah Al-Monawarah,المدينة المنورة,False,ok,False,,,,,,,Under construction,False,ترفيهي/سياحي,تحت الإنشاء,"منطقة المدينة المنورة, المدينة المنورة"
ويست افينيو الدمام – Dammam West Avenue,False,Leisure/Tourism,"['Commercial', 'Leisure/Tourism']",2,91000000.0,55000.0,Eastern Region,الدمام,False,ok,True,2015-10-01,2017-01-15,472.0,2015.0,month-level,exact,Completed,False,ترفيهي/سياحي,مكتمل,"المنطقة الشرقية, الدمام"
برج جدة – Jeddah Tower,False,Leisure/Tourism,"['Commercial', 'Hospitality', 'Leisure/Tourism', 'Residential']",4,4600000000.0,530000.0,Makkah Al-Mokarramah,جدة,False,ok,True,2013-04-01,2020-12-31,2831.0,2013.0,month-level,year-level,Under construction,False,ترفيهي/سياحي,تحت الإنشاء,"منطقة مكة المكرمة, جدة"
تطوير الكورنيش الأوسط و شارع فلسطين – Middle Corniche & Pal...,True,Leisure/Tourism,"['Government', 'Infrastructure', 'Leisure/Tourism']",3,135506447.0,,Makkah Al-Mokarramah,جدة,False,linear_distance_not_area,True,2011-07-02,2013-04-24,662.0,2011.0,exact,exact,Completed,False,ترفيهي/سياحي,مكتمل,"منطقة مكة المكرمة, جدة"
جراند حياة جدة – Grand Hyatt Jeddah,False,Leisure/Tourism,"['Commercial', 'Hospitality', 'Leisure/Tourism', 'Residential']",4,,30375.0,Makkah Al-Mokarramah,جدة,False,ok,False,2017-01-01,,,2017.0,year-level,,Announced,False,ترفيهي/سياحي,معلن عنه,"منطقة مكة المكرمة, جدة"
الحمراء مول,False,Leisure/Tourism,"['Commercial', 'Leisure/Tourism']",2,,77969.0,Al-Riyadh,الرياض,False,ok,False,,2016-09-20,,,,exact,Completed,False,ترفيهي/سياحي,مكتمل,"منطقة الرياض, الرياض"
الملز مول,False,Leisure/Tourism,"['Commercial', 'Leisure/Tourism']",2,,93562.0,Al-Riyadh,الرياض,False,ok,False,,2017-07-01,,,,exact,Delayed,True,ترفيهي/سياحي,متأخر,"منطقة الرياض, الرياض"
نجد مول – Najd Mall,False,Leisure/Tourism,"['Commercial', 'Leisure/Tourism']",2,,100304.0,Al-Riyadh,الرياض,False,ok,False,,2017-07-01,,,,exact,Delayed,True,ترفيهي/سياحي,متأخر,"منطقة الرياض, الرياض"
مشروع بحيرات الحاير-  Al’Hair Lakes project,False,Leisure/Tourism,"['Government', 'Hospitality', 'Leisure/Tourism']",3,,,Al-Riyadh,الرياض,False,empty,False,,,,,,,Announced,False,ترفيهي/سياحي,معلن عنه,"منطقة الرياض, الرياض"
منطقة البلازا المالية – Financial Plaza – KAFD,False,Leisure/Tourism,"['Government', 'Leisure/Tourism']",2,,61300.0,Al-Riyadh,الرياض,False,ok,False,,2016-10-18,,,,exact,Delayed,True,ترفيهي/سياحي,متأخر,"منطقة الرياض, الرياض"
واحة الملك سلمان للعلوم – King Salman Science Oasis,False,Leisure/Tourism,"['Education', 'Government', 'Leisure/Tourism', 'Scientific']",4,,200000.0,Al-Riyadh,الرياض,False,ok,False,2011-01-01,2016-12-31,2191.0,2011.0,year-level,year-level,Delayed,True,ترفيهي/سياحي,متأخر,"منطقة الرياض, الرياض"
المنتجعات الصحية والرياضية – Spas Proposal – KAFD,False,Leisure/Tourism,"['Leisure/Tourism', 'Sports']",2,,18116.0,Al-Riyadh,الرياض,False,ok,False,,2018-02-15,,,,exact,Proposed,False,ترفيهي/سياحي,المشاريع المقترحة,"منطقة الرياض, الرياض"
متحف العلوم ومركز المناخ والجيولوجيا – Geo-Science Centre R...,True,Leisure/Tourism,"['Education', 'Government', 'Leisure/Tourism']",3,,54000.0,Al-Riyadh,الرياض,False,ok,False,,,,,,,Under construction,False,ترفيهي/سياحي,تحت الإنشاء,"منطقة الرياض, الرياض"
ساحة الاحتفالات للأطفال – Children Festival Marketplace,False,Leisure/Tourism,"['Education', 'Government', 'Leisure/Tourism']",3,,7679.0,Al-Riyadh,الرياض,False,ok,False,,,,,,,Stalled,True,ترفيهي/سياحي,متعثر,"منطقة الرياض, الرياض"
اللاندمارك الرياض – The Landmark Riyadh,False,Leisure/Tourism,"['Commercial', 'Health', 'Hospitality', 'Infrastructure', 'Leisure/Tourism', 'Residential']",6,,144780.0,Al-Riyadh,الرياض,False,ok,False,,,,,,,Under construction,False,ترفيهي/سياحي,تحت الإنشاء,"منطقة الرياض, الرياض"
بوابة التحلية جدة – TAHLIYA GATE JEDDAH,False,Leisure/Tourism,"['Commercial', 'Hospitality', 'Leisure/Tourism']",3,,1360000.0,Makkah Al-Mokarramah,جدة,False,ok,False,,,,,,,Under construction,False,ترفيهي/سياحي,تحت الإنشاء,"منطقة مكة المكرمة, جدة"
قبة الفراشة – Butterfly Dome – KAFD,False,Leisure/Tourism,"['Government', 'Leisure/Tourism']",2,,2826.0,Al-Riyadh,الرياض,False,ok,False,,2018-04-19,,,,exact,Stalled,True,ترفيهي/سياحي,متعثر,"منطقة الرياض, الرياض"
منتجع الوصيل الرياض –  Al Waseel Resort Riyadh,False,Leisure/Tourism,"['Commercial', 'Hospitality', 'Leisure/Tourism', 'Residential']",4,,,Al-Riyadh,الرياض,False,empty,False,,2016-01-04,,,,exact,Completed,False,ترفيهي/سياحي,مكتمل,"منطقة الرياض, الرياض"
المتحف المائي (الاكواريوم) – National Aquarium – KAFD,False,Leisure/Tourism,"['Government', 'Leisure/Tourism']",2,841757548.0,13600.0,Al-Riyadh,,False,ok,True,,2018-02-19,,,,exact,Delayed,True,ترفيهي/سياحي,متأخر,منطقة الرياض
مدينة المارينا – Marina City,False,Leisure/Tourism,"['Commercial', 'Education', 'Health', 'Hospitality', 'Leisure/Tourism', 'Residential']",6,,3300000.0,Eastern Region,الدمام,False,ok,False,2004-03-21,,,2004.0,exact,,Under construction,False,ترفيهي/سياحي,تحت الإنشاء,"المنطقة الشرقية, الدمام"
مركز المؤتمرات – Conference Center – KAFD,False,Leisure/Tourism,"['Government', 'Leisure/Tourism']",2,,,Al-Riyadh,الرياض,False,empty,False,2011-07-01,2016-09-20,1908.0,2011.0,month-level,exact,Completed,False,ترفيهي/سياحي,مكتمل,"منطقة الرياض, الرياض"
متحف البيئة الحضرية – Museum of the built environment – KAFD,False,Leisure/Tourism,"['Education', 'Government', 'Leisure/Tourism']",3,,106680.0,Al-Riyadh,الرياض,False,ok,False,,2017-12-31,,,,year-level,Delayed,True,ترفيهي/سياحي,متأخر,"منطقة الرياض, الرياض"
القطار الأحادي المعلق – Monorail – KAFD,False,Leisure/Tourism,"['Government', 'Infrastructure', 'Leisure/Tourism']",3,937500000.0,,Al-Riyadh,الرياض,False,linear_distance_not_area,True,2011-01-01,2016-12-31,2191.0,2011.0,year-level,year-level,Delayed,True,ترفيهي/سياحي,متأخر,"منطقة الرياض, الرياض"
مارينا دارين -Dareen Marina,False,Leisure/Tourism,"['Commercial', 'Hospitality', 'Leisure/Tourism', 'Residential']",4,1500000000.0,400000.0,Eastern Region,الجبيل الصناعية,False,ok,True,2013-12-01,2018-12-30,1855.0,2013.0,month-level,exact,Delayed,True,ترفيهي/سياحي,متأخر,"المنطقة الشرقية, الجبيل الصناعية"
بحيرة مدن في الدمام – Dammam lake – MODON,False,Leisure/Tourism,"['Government', 'Leisure/Tourism']",2,129000000.0,400000.0,Eastern Region,الدمام,False,ok,True,2013-01-01,2014-01-15,379.0,2013.0,year-level,exact,Completed,False,ترفيهي/سياحي,مكتمل,"المنطقة الشرقية, الدمام"
فندق ميلينيوم مطار الأمير محمد بن عبدالعزيز الدولي –...,True,Leisure/Tourism,"['Commercial', 'Hospitality', 'Infrastructure', 'Leisure/Tourism']",4,,,Al-Madinah Al-Monawarah,المدينة المنورة,False,empty,False,2014-05-01,2017-01-19,994.0,2014.0,month-level,exact,Completed,False,ترفيهي/سياحي,مكتمل,"منطقة المدينة المنورة, المدينة المنورة"
بارك أفنيو – PARK AVENUE,False,Leisure/Tourism,"['Commercial', 'Hospitality', 'Leisure/Tourism']",3,,74932.0,Al-Qaseem,بريدة,False,ok,False,2017-01-25,,,2017.0,exact,,Under construction,False,ترفيهي/سياحي,تحت الإنشاء,"منطقة القصيم, بريدة"
الشبيلي جراند مول في الخبر – Shebaily Grand Mall Al-Khobar,False,Leisure/Tourism,"['Commercial', 'Leisure/Tourism']",2,1000000000.0,331000.0,Eastern Region,الخبر,False,ok,True,2006-08-01,2009-08-01,1096.0,2006.0,month-level,exact,Stalled,True,ترفيهي/سياحي,متعثر,"المنطقة الشرقية, الخبر"
خليج الدانة في الخبر – Dana Bay in Al Khobar,False,Leisure/Tourism,"['Commercial', 'Leisure/Tourism', 'Residential']",3,4000000000.0,2800000.0,Eastern Region,الخبر,False,ok,True,2011-06-01,,,2011.0,month-level,,Under construction,False,ترفيهي/سياحي,تحت الإنشاء,"المنطقة الشرقية, الخبر"
تطوير مجمع الكعكي – The Kaaki Development,False,Leisure/Tourism,"['Commercial', 'Health', 'Infrastructure', 'Leisure/Tourism', 'Residential']",5,,,Makkah Al-Mokarramah,مكة المكرمة,False,empty,False,2017-08-01,2025-12-31,3074.0,2017.0,month-level,year-level,Under construction,False,ترفيهي/سياحي,تحت الإنشاء,"مكة المكرمة, منطقة مكة المكرمة"
الخليج مول – Khaleej Mall,False,Leisure/Tourism,"['Commercial', 'Leisure/Tourism']",2,,76656.0,Al-Riyadh,الرياض,False,ok,False,2014-07-01,2019-04-30,1764.0,2014.0,month-level,month-level,Delayed,True,ترفيهي/سياحي,متأخر,"منطقة الرياض, الرياض"
واجهة جدة البحرية – Jeddah Waterfront – JW,False,Leisure/Tourism,"['Government', 'Leisure/Tourism']",2,796984811.0,727281.0,Makkah Al-Mokarramah,جدة,False,ok,True,2015-07-01,2017-08-25,786.0,2015.0,month-level,exact,Completed,False,ترفيهي/سياحي,مكتمل,"منطقة مكة المكرمة, جدة"
تطوير حي الطريف التاريخي – The Atturaif Development,False,Leisure/Tourism,"['Government', 'Leisure/Tourism', 'Scientific']",3,394000000.0,234717.0,Al-Riyadh,الدرعية,False,ok,True,2011-05-01,2017-08-31,2314.0,2011.0,month-level,month-level,Delayed,True,ترفيهي/سياحي,متأخر,"منطقة الرياض, الدرعية"
تطوير حي البجيري – Development of Al-Bujairi neighborhood,False,Leisure/Tourism,"['Government', 'Leisure/Tourism']",2,,,Al-Riyadh,الرياض,False,linear_distance_not_area,False,2010-07-20,2015-04-09,1724.0,2010.0,exact,exact,Completed,False,ترفيهي/سياحي,مكتمل,"منطقة الرياض, الرياض"
أوقاف جامعة الملك سعود – King Saud University – Awqaf,False,Leisure/Tourism,"['Commercial', 'Education', 'Government', 'Health', 'Leisure/Tourism', 'Residential', 'Scientific']",7,,720000.0,Al-Riyadh,الرياض,False,ok,False,,,,,,,Under construction,False,ترفيهي/سياحي,تحت الإنشاء,"منطقة الرياض, الرياض"
حراج ابن قاسم الجديد,False,Leisure/Tourism,"['Commercial', 'Government', 'Infrastructure', 'Leisure/Tourism']",4,,300000.0,Al-Riyadh,الرياض,False,ok,False,,2015-06-01,,,,exact,Completed,False,ترفيهي/سياحي,مكتمل,"منطقة الرياض, الرياض"
منتزه الملك سلمان البري بالرياض – King Salman Park in Riyadh,False,Leisure/Tourism,"['Government', 'Infrastructure', 'Leisure/Tourism']",3,,3400000.0,Al-Riyadh,الرياض,False,ok,False,2010-01-03,2016-03-10,2258.0,2010.0,exact,exact,Completed,False,ترفيهي/سياحي,مكتمل,"منطقة الرياض, الرياض"
دار الهجرة – DAR AL HIJJRA,False,Leisure/Tourism,"['Education', 'Government', 'Health', 'Hospitality', 'Infrastructure', 'Leisure/Tourism']",6,55000000000.0,1600000.0,Al-Madinah Al-Monawarah,المدينة المنورة,False,ok,True,2014-07-22,2017-07-22,1096.0,2014.0,exact,exact,Delayed,True,ترفيهي/سياحي,متأخر,"منطقة المدينة المنورة, المدينة المنورة"
بوابة مكة – Makkah Gate,False,Leisure/Tourism,"['Education', 'Government', 'Health', 'Infrastructure', 'Leisure/Tourism', 'Residential']",6,,83000000.0,Makkah Al-Mokarramah,مكة المكرمة,False,ok,False,2011-03-05,,,2011.0,exact,,Announced,False,ترفيهي/سياحي,معلن عنه,"مكة المكرمة, منطقة مكة المكرمة"
جوهرة الرياض – Jawharat Arriyadh,False,Leisure/Tourism,"['Commercial', 'Hospitality', 'Leisure/Tourism', 'Sports']",4,,624000.0,Al-Riyadh,الرياض,False,ok,False,,2018-12-31,,,,year-level,Delayed,True,ترفيهي/سياحي,متأخر,"منطقة الرياض, الرياض"
مدينة المعرفة الاقتصادية – Knowledge Economic City,False,Leisure/Tourism,"['Commercial', 'Education', 'Government', 'Health', 'Hospitality', 'Infrastructure', 'Leisure/Tourism', 'Religious/Charity', 'Residential']",9,25000000000.0,4800000.0,Al-Madinah Al-Monawarah,المدينة المنورة,False,ok,True,2009-04-15,2024-04-15,5479.0,2009.0,exact,exact,Under construction,False,ترفيهي/سياحي,تحت الإنشاء,"منطقة المدينة المنورة, المدينة المنورة"
الدمام مول – Dammam Mall,False,Leisure/Tourism,"['Commercial', 'Hospitality', 'Leisure/Tourism']",3,,96911.0,Eastern Region,الدمام,False,ok,False,2017-01-01,2019-05-01,850.0,2017.0,year-level,exact,Delayed,True,ترفيهي/سياحي,متأخر,"المنطقة الشرقية, الدمام"
تطوير الكورنيش الشمالي في الخبر – Developing the North Corniche in...,True,Leisure/Tourism,"['Government', 'Leisure/Tourism']",2,230000000.0,,Eastern Region,الخبر,False,linear_distance_not_area,True,2010-08-01,2017-08-05,2561.0,2010.0,month-level,exact,Delayed,True,ترفيهي/سياحي,متأخر,"المنطقة الشرقية, الخبر"
مركز التراث العمراني بالدرعية – Archaeology Centre of Al-Dir’i...,True,Leisure/Tourism,"['Education', 'Government', 'Leisure/Tourism']",3,,4000.0,Al-Riyadh,الدرعية,False,ok,False,,,,,,,Announced,False,ترفيهي/سياحي,معلن عنه,"منطقة الرياض, الدرعية"
برج خزان المياه بتبوك – Water Tower Tabuk,False,Leisure/Tourism,"['Commercial', 'Government', 'Infrastructure', 'Leisure/Tourism']",4,49987907.0,65000.0,Tabouk,تبوك,False,ok,True,2003-02-22,2011-04-01,2960.0,2003.0,exact,exact,Completed,False,ترفيهي/سياحي,مكتمل,"منطقة تبوك, تبوك"
المكان مول تبوك – Al Makan Mall Tabuk,False,Leisure/Tourism,"['Commercial', 'Leisure/Tourism']",2,,21600.0,Tabouk,تبوك,False,ok,False,,,,,,,Completed,False,ترفيهي/سياحي,مكتمل,"منطقة تبوك, تبوك"
قلب جدة – Heart of Jeddah,False,Leisure/Tourism,"['Commercial', 'Government', 'Infrastructure', 'Leisure/Tourism', 'Residential']",5,,1700000.0,Makkah Al-Mokarramah,جدة,False,ok,False,,,,,,,Announced,False,ترفيهي/سياحي,معلن عنه,"منطقة مكة المكرمة, جدة"
مول تبوك غاليري – Tabuk Gallery Mall,False,Leisure/Tourism,"['Commercial', 'Leisure/Tourism']",2,,90000.0,Tabouk,تبوك,False,ok,False,2015-02-02,2017-05-21,839.0,2015.0,exact,exact,Delayed,True,ترفيهي/سياحي,متأخر,"منطقة تبوك, تبوك"
المجمع الرياضي بجامعة الملك عبد العزيز – Sports Facility at K...,True,Leisure/Tourism,"['Education', 'Government', 'Leisure/Tourism', 'Sports']",4,197205696.0,150351.0,Makkah Al-Mokarramah,جدة,False,ok,True,2012-04-11,2016-11-17,1681.0,2012.0,exact,exact,Completed,False,ترفيهي/سياحي,مكتمل,"منطقة مكة المكرمة, جدة"
أسواق جدة ومجمع سكني – Jeddah Souks,False,Leisure/Tourism,"['Commercial', 'Leisure/Tourism', 'Residential']",3,,,Makkah Al-Mokarramah,جدة,False,empty,False,,,,,,,Proposed,False,ترفيهي/سياحي,المشاريع المقترحة,"منطقة مكة المكرمة, جدة"
سوق السمك المركزي بجدة – Jeddah Central Fish Market,False,Leisure/Tourism,"['Government', 'Leisure/Tourism']",2,,,Makkah Al-Mokarramah,جدة,False,empty,False,,,,,,,Cancelled,True,ترفيهي/سياحي,ملغي,"منطقة مكة المكرمة, جدة"
حدائق الملك عبدالله العالمية – King Abdullah International Gardens...,True,Leisure/Tourism,"['Government', 'Leisure/Tourism']",2,1227000000.0,2400000.0,Al-Riyadh,الرياض,False,ok,True,2014-02-27,,,2014.0,exact,,Under construction,False,ترفيهي/سياحي,تحت الإنشاء,"منطقة الرياض, الرياض"
واجهة اجدان البحرية – Ajdan Water Front,False,Leisure/Tourism,"['Commercial', 'Hospitality', 'Leisure/Tourism', 'Residential']",4,,40000.0,Eastern Region,الخبر,False,ok,False,2015-11-07,2019-11-09,1463.0,2015.0,exact,exact,Under construction,False,ترفيهي/سياحي,تحت الإنشاء,"المنطقة الشرقية, الخبر"
منتزة الملك فهد في الدمام – King Fahad Park in Dammam,False,Leisure/Tourism,"['Government', 'Leisure/Tourism']",2,,1070950.0,Eastern Region,الدمام,False,ok,False,2015-04-04,2018-06-10,1163.0,2015.0,exact,exact,Announced,False,ترفيهي/سياحي,معلن عنه,"المنطقة الشرقية, الدمام"
كورنيش تبوك – Tabuk Corniche,False,Leisure/Tourism,"['Commercial', 'Government', 'Leisure/Tourism']",3,,,Tabouk,تبوك,False,empty,False,,,,,,,Under construction,False,ترفيهي/سياحي,تحت الإنشاء,"منطقة تبوك, تبوك"
الظهران بوليفارد – Dhahran Boulevard,False,Leisure/Tourism,"['Commercial', 'Leisure/Tourism']",2,,150251.0,Eastern Region,الظهران,False,ok,False,2016-11-05,2020-11-07,1463.0,2016.0,exact,exact,Under construction,False,ترفيهي/سياحي,تحت الإنشاء,"المنطقة الشرقية, الظهران"
فندق المدوخل – Medokhil Hotel,False,Leisure/Tourism,"['Commercial', 'Hospitality', 'Leisure/Tourism']",3,,2100.0,Eastern Region,الدمام,False,ok,False,2015-06-20,2018-06-10,1086.0,2015.0,exact,exact,Delayed,True,ترفيهي/سياحي,متأخر,"المنطقة الشرقية, الدمام"
المدينة الرياضية بجامعة الملك سعود – City Saud University Sports...,True,Leisure/Tourism,"['Government', 'Leisure/Tourism', 'Sports']",3,215609660.0,240000.0,Al-Riyadh,الرياض,False,ok,True,2012-01-18,2015-05-07,1205.0,2012.0,exact,exact,Completed,False,ترفيهي/سياحي,مكتمل,"منطقة الرياض, الرياض"
سيتي سنتر إشبيلية – City Centre Ishbiliyah,False,Leisure/Tourism,"['Commercial', 'Leisure/Tourism']",2,2000000000.0,115000.0,Al-Riyadh,الرياض,False,ok,True,2016-05-17,2019-03-15,1032.0,2016.0,exact,exact,Delayed,True,ترفيهي/سياحي,متأخر,"منطقة الرياض, الرياض"
أبراج كدي – Abraj Kudai,False,Leisure/Tourism,"['Government', 'Hospitality', 'Leisure/Tourism']",3,13000000000.0,60000.0,Makkah Al-Mokarramah,مكة المكرمة,False,ok,True,2014-01-01,2019-07-01,2007.0,2014.0,year-level,exact,Delayed,True,ترفيهي/سياحي,متأخر,"مكة المكرمة, منطقة مكة المكرمة"
سنترو روتانا العليا – Centro Hotels by Rotana Olaya,False,Leisure/Tourism,"['Hospitality', 'Leisure/Tourism']",2,,7589.0,Al-Riyadh,الرياض,False,ok,False,2013-02-09,2017-02-28,1480.0,2013.0,exact,month-level,Completed,False,ترفيهي/سياحي,مكتمل,"منطقة الرياض, الرياض"
مركز الملك عبدالعزيز الثقافي العالمي – King Abdulaziz Centre f...,True,Leisure/Tourism,"['Government', 'Leisure/Tourism', 'Scientific']",3,1600000000.0,45000.0,Eastern Region,الظهران,False,ok,True,2010-05-01,2016-06-05,2227.0,2010.0,month-level,exact,Completed,False,ترفيهي/سياحي,مكتمل,"المنطقة الشرقية, الظهران"
رافال سكاي جاردنز – Rafal Sky Gardens,False,Leisure/Tourism,"['Commercial', 'Hospitality', 'Leisure/Tourism', 'Residential']",4,800000000.0,10285.0,Al-Riyadh,الرياض,False,ok,True,2015-06-11,2018-01-03,937.0,2015.0,exact,exact,Delayed,True,ترفيهي/سياحي,متأخر,"منطقة الرياض, الرياض"
مول رواق قرطبة – Riwaq Cordoba Mall,False,Leisure/Tourism,"['Commercial', 'Hospitality', 'Leisure/Tourism']",3,,151060.0,Al-Riyadh,الرياض,False,ok,False,2015-04-07,2017-02-08,673.0,2015.0,exact,exact,Delayed,True,ترفيهي/سياحي,متأخر,"منطقة الرياض, الرياض"
الرياض بارك – Riyadh Park,False,Leisure/Tourism,"['Commercial', 'Leisure/Tourism']",2,500000000.0,132000.0,Al-Riyadh,الرياض,False,ok,True,2014-10-09,2017-10-31,1118.0,2014.0,exact,month-level,Completed,False,ترفيهي/سياحي,مكتمل,"منطقة الرياض, الرياض"
مركز الملك عبدالله الحضاري في الدمام – King Abdullah Cultural C...,True,Leisure/Tourism,"['Government', 'Leisure/Tourism']",2,600000000.0,250000.0,Eastern Region,الدمام,False,ok,True,2011-10-15,2018-02-10,2310.0,2011.0,exact,exact,Delayed,True,ترفيهي/سياحي,متأخر,"المنطقة الشرقية, الدمام"
مول تبوك بارك – Tabuk Park Mall,False,Leisure/Tourism,"['Commercial', 'Leisure/Tourism']",2,300000000.0,165000.0,Tabouk,تبوك,False,ok,True,2015-12-01,2018-03-31,851.0,2015.0,month-level,month-level,Completed,False,ترفيهي/سياحي,مكتمل,"منطقة تبوك, تبوك"
مجمع الافنيوز الرياض – Riyadh Avenue Mall,False,Leisure/Tourism,"['Commercial', 'Hospitality', 'Leisure/Tourism']",3,10000000000.0,400000.0,Al-Riyadh,الرياض,False,ok,True,2016-01-14,2019-01-18,1100.0,2016.0,exact,exact,Announced,False,ترفيهي/سياحي,معلن عنه,"منطقة الرياض, الرياض"
طريق الملك عبدالعزيز بمكة المكرمة – KAAR,False,Leisure/Tourism,"['Government', 'Infrastructure', 'Leisure/Tourism', 'Residential']",4,6400000000.0,1200000.0,Makkah Al-Mokarramah,مكة المكرمة,False,ok,True,2010-02-01,2030-12-31,7638.0,2010.0,month-level,year-level,Under construction,False,ترفيهي/سياحي,تحت الإنشاء,"مكة المكرمة, منطقة مكة المكرمة"
مول السعودية – Mall of Saudi,False,Leisure/Tourism,"['Commercial', 'Hospitality', 'Leisure/Tourism']",3,10500000000.0,866000.0,Al-Riyadh,الرياض,False,ok,True,,,,,,,Announced,False,ترفيهي/سياحي,معلن عنه,"منطقة الرياض, الرياض"
الرائدة المدينة الرقمية – AlRAIDAH Digital City,False,Leisure/Tourism,"['Commercial', 'Government', 'Infrastructure', 'Leisure/Tourism', 'Residential', 'Scientific']",6,6200000000.0,1900000.0,Al-Riyadh,الرياض,False,ok,True,,2017-03-31,,,,month-level,Completed,False,ترفيهي/سياحي,مكتمل,"منطقة الرياض, الرياض"
جدة بارك – Park Jeddah,False,Leisure/Tourism,"['Commercial', 'Hospitality', 'Leisure/Tourism']",3,5625000000.0,136000.0,Makkah Al-Mokarramah,جدة,False,ok,True,2013-09-01,2017-09-01,1461.0,2013.0,month-level,exact,Delayed,True,ترفيهي/سياحي,متأخر,"منطقة مكة المكرمة, جدة"
المدرسة الداخلية لأكاديمية العالم –  Boarding School of The Worl...,True,Education,"['Education', 'Residential']",2,,,Makkah Al-Mokarramah,مدينة الملك عبدالله الاقتصادية,False,empty,False,,,,,,,Announced,False,تعليمي,معلن عنه,"منطقة مكة المكرمة, مدينة الملك عبدالله الاقتصادية"
المدينة الطبية – Medical City,False,Education,"['Education', 'Health']",2,,,Makkah Al-Mokarramah,جدة,False,empty,False,,,,,,,Announced,False,تعليمي,معلن عنه,"منطقة مكة المكرمة, جدة"
المعهد السعودي التقني للطاقة والمياه – Saudi Technical Institu...,True,Education,"['Education', 'Government']",2,134000001.0,150000.0,Makkah Al-Mokarramah,رابغ,False,ok,True,2015-12-01,,,2015.0,month-level,,Under construction,False,تعليمي,تحت الإنشاء,"منطقة مكة المكرمة, رابغ"
مدارس المجموعة العالمية  – International Schools Group,False,Education,['Education'],1,,70000.0,Eastern Region,الخبر,False,ok,False,,,,,,,Announced,False,تعليمي,معلن عنه,"المنطقة الشرقية, الخبر"
مدارس الأجيال المتطورة العالمية – Advanced Generations Internatio...,True,Education,['Education'],1,,33000.0,Makkah Al-Mokarramah,جدة,False,ok,False,2015-09-01,2017-12-31,852.0,2015.0,month-level,year-level,Completed,False,تعليمي,مكتمل,"منطقة مكة المكرمة, جدة"
مجمع مدارس الشرق التعليمي – East School Educational Complex,False,Education,['Education'],1,,24000.0,Eastern Region,الخفجي,False,ok,False,,,,,,,Announced,False,تعليمي,معلن عنه,"المنطقة الشرقية, الخفجي"
مركز تدريب إي أل سي – ELC Learning center,False,Education,['Education'],1,,,Makkah Al-Mokarramah,جدة,False,empty,False,,,,,,,Proposed,False,تعليمي,المشاريع المقترحة,"منطقة مكة المكرمة, جدة"
أكاديمية أكسفورد للطيران – CAE Oxford Aviation Academy,False,Education,['Education'],1,,20000.0,Eastern Region,الدمام,False,ok,False,2018-09-13,,,2018.0,exact,,Under construction,False,تعليمي,تحت الإنشاء,"المنطقة الشرقية, الدمام"
مركز عبداللطيف الفوزان للتوحد – Abdullatif Al Fozan Autism Center...,True,Education,"['Education', 'Religious/Charity', 'Sports']",3,62000000.0,18000.0,Eastern Region,الخبر,False,ok,True,2016-06-20,2018-12-31,924.0,2016.0,exact,year-level,Delayed,True,تعليمي,متأخر,"المنطقة الشرقية, الخبر"
مدارس ملتقى التربية – Multaqa Al-Tarbiyah School,False,Education,['Education'],1,,8021.0,Makkah Al-Mokarramah,مكة المكرمة,False,ok,False,,,,,,,Announced,False,تعليمي,معلن عنه,"مكة المكرمة, منطقة مكة المكرمة"
أكاديمية المدينة المنورة العالمية “مداك” –  Al M...,True,Education,"['Education', 'Religious/Charity']",2,200000000.0,100000.0,Al-Madinah Al-Monawarah,المدينة المنورة,False,ok,True,,,,,,,Announced,False,تعليمي,معلن عنه,"منطقة المدينة المنورة, المدينة المنورة"
المدرسة البريطانية الدولية الخبر – British International School K...,True,Education,"['Education', 'Residential']",2,,16200.0,Eastern Region,الخبر,False,ok,False,2018-01-01,,,2018.0,year-level,,Under construction,False,تعليمي,تحت الإنشاء,"المنطقة الشرقية, الخبر"
مدارس عبدالرحمن عبدالقادر فقيه للبنات – Abdul Rahman Fakieh S...,True,Education,['Education'],1,100000000.0,10000.0,Makkah Al-Mokarramah,مكة المكرمة,False,ok,True,2016-02-01,2018-12-31,1064.0,2016.0,month-level,year-level,Delayed,True,تعليمي,متأخر,"مكة المكرمة, منطقة مكة المكرمة"
مجمع القيروان التعليمي – Kairouan Educational Complex,False,Education,['Education'],1,,29000.0,Al-Riyadh,الرياض,False,ok,False,2017-06-01,2019-12-31,943.0,2017.0,month-level,year-level,Under construction,False,تعليمي,تحت الإنشاء,"منطقة الرياض, الرياض"
كلية علوم وهندسة الحاسب الالي – جامعة حائل – College o...,True,Education,"['Education', 'Government']",2,281250000.0,47100.0,Hail,حائل,False,ok,True,2009-01-01,2014-02-28,1884.0,2009.0,year-level,month-level,Completed,False,تعليمي,مكتمل,"منطقة حائل, حائل"
كلية الطب – جامعة الجوف – Faculty of Medicine – Al Jouf Universi...,True,Education,"['Education', 'Government']",2,450000000.0,83000.0,Al-Jouf,سكاكا,False,ok,True,2013-01-01,,,2013.0,year-level,,Under construction,False,تعليمي,تحت الإنشاء,"منطقة الجوف, سكاكا"
مركز الأعمال النسائي – Women’s Business Park,False,Education,"['Education', 'Government']",2,,240000.0,Al-Riyadh,الرياض,False,ok,False,2014-09-01,2024-12-31,3774.0,2014.0,month-level,year-level,Under construction,False,تعليمي,تحت الإنشاء,"منطقة الرياض, الرياض"
حي الابتكار – Innovation District,False,Education,"['Education', 'Scientific']",2,,,Makkah Al-Mokarramah,مدينة الملك عبدالله الاقتصادية,False,empty,False,,,,,,,Announced,False,تعليمي,معلن عنه,"منطقة مكة المكرمة, مدينة الملك عبدالله الاقتصادية"
توسعة مستشفى الملك عبدالعزيز الجامعي – King Abdulaziz Universi...,True,Education,"['Education', 'Government', 'Health']",3,,,Makkah Al-Mokarramah,جدة,False,empty,False,,,,,,,Proposed,False,تعليمي,المشاريع المقترحة,"منطقة مكة المكرمة, جدة"
كلية الأعمال الدولية – Global Business School,False,Education,['Education'],1,,31336.0,Makkah Al-Mokarramah,جدة,False,ok,False,,2020-12-31,,,,year-level,Announced,False,تعليمي,معلن عنه,"منطقة مكة المكرمة, جدة"
كلية البترجي للعلوم الطبية و التكنولوجيا – Batterjee Medica...,True,Education,['Education'],1,375000000.0,92410.0,Makkah Al-Mokarramah,جدة,False,ok,True,2003-10-18,2007-09-30,1443.0,2003.0,exact,month-level,Completed,False,تعليمي,مكتمل,"منطقة مكة المكرمة, جدة"
تلال جدة – Tilal Jeddah,False,Education,"['Education', 'Residential']",2,42000000000.0,25000.0,Makkah Al-Mokarramah,جدة,False,ok,True,,,,,,,Stalled,True,تعليمي,متعثر,"منطقة مكة المكرمة, جدة"
كليات الأصالة – Al Asala Colleges,False,Education,"['Commercial', 'Education']",2,,64155.0,Eastern Region,الدمام,False,ok,False,,,,,,,Under construction,False,تعليمي,تحت الإنشاء,"المنطقة الشرقية, الدمام"
مركز نجران للمؤتمرات – Najran Convention Center,False,Education,"['Education', 'Government']",2,,20000.0,Najran,نجران,False,ok,False,,,,,,,Proposed,False,تعليمي,المشاريع المقترحة,"نجران, منطقة نجران"
أكاديمية الطيران السعودية  – Saudi Aviation Flight Academy,False,Education,"['Education', 'Government']",2,,,Al-Riyadh,الرياض,False,empty,False,,,,,,,Under construction,False,تعليمي,تحت الإنشاء,"منطقة الرياض, الرياض"
البرج الجراحي – Surgical Tower,False,Education,"['Education', 'Health', 'Infrastructure']",3,700000000.0,36223.0,Makkah Al-Mokarramah,جدة,False,ok,True,,,,,,,Announced,False,تعليمي,معلن عنه,"منطقة مكة المكرمة, جدة"
صحار – Sahar,False,Education,"['Commercial', 'Education', 'Health', 'Religious/Charity', 'Residential']",5,4000000000.0,600000.0,Al-Qaseem,بريدة,False,ok,True,2006-10-01,,,2006.0,month-level,,Under construction,False,تعليمي,تحت الإنشاء,"منطقة القصيم, بريدة"
مشروع الملك عبدالله لتطوير التعليم – King Abdullah Project for G...,True,Education,"['Education', 'Government']",2,5280000000.0,,Makkah Al-Mokarramah / Al-Riyadh,"مكة المكرمة, المزاحمية, البرابر, الجموم, الرياض, جدة",True,empty,True,2009-01-01,,,2009.0,year-level,,Under construction,False,تعليمي,تحت الإنشاء,"مكة المكرمة, منطقة مكة المكرمة, منطقة الرياض, المزاحمية, البرابر, الجموم, الرياض, جدة"
كليات الغد الدولية للعلوم الصحية التطبيقية بالمدينة ا�...,True,Education,"['Commercial', 'Education']",2,,220000.0,Al-Madinah Al-Monawarah,المدينة المنورة,False,ok,False,,,,,,,Announced,False,تعليمي,معلن عنه,"منطقة المدينة المنورة, المدينة المنورة"
كلية نياجرا للسياحة والفندقة بالطائف – Niagara Taif Tourism &#...,True,Education,"['Education', 'Government']",2,64339743.0,,Makkah Al-Mokarramah,الطائف,False,empty,True,2011-11-07,2015-01-12,1162.0,2011.0,exact,exact,Completed,False,تعليمي,مكتمل,"منطقة مكة المكرمة, الطائف"
المعهد الوطني للتدريب الصناعي – The National Industrial Training Ins...,True,Education,"['Education', 'Government']",2,464221707.0,365000.0,Eastern Region,الأحساء,False,ok,True,2012-06-04,2015-06-10,1101.0,2012.0,exact,exact,Completed,False,تعليمي,مكتمل,"المنطقة الشرقية, الأحساء"
كلية نيسكوت –  Nescot Jeddah Female College,False,Education,"['Education', 'Government']",2,80257121.0,70000.0,Makkah Al-Mokarramah,جدة,False,ok,True,2010-01-01,2013-01-31,1126.0,2010.0,year-level,month-level,Completed,False,تعليمي,مكتمل,"منطقة مكة المكرمة, جدة"
كليات سليمان الراجحي – Sulaiman Al Rajhi Colleges,False,Education,"['Commercial', 'Education']",2,,1200000.0,Al-Qaseem,البكيرية,False,ok,False,2011-05-17,,,2011.0,exact,,Under construction,False,تعليمي,تحت الإنشاء,"منطقة القصيم, البكيرية"
المعهد السعودي للتقنيات الألمانية – Saudi-German Institute for T...,True,Education,"['Education', 'Government']",2,150000000.0,74000.0,Makkah Al-Mokarramah,جدة,False,ok,True,2012-01-10,,,2012.0,exact,,Under construction,False,تعليمي,تحت الإنشاء,"منطقة مكة المكرمة, جدة"
الكلية التقنية العالمية بجدة – International Technical College at Jed...,True,Education,"['Education', 'Government']",2,91483407.0,,Makkah Al-Mokarramah,جدة,False,empty,True,2010-01-01,2015-12-31,2190.0,2010.0,year-level,year-level,Completed,False,تعليمي,مكتمل,"منطقة مكة المكرمة, جدة"
مقر فرع معهد الإدارة العامة – Institute of Public Administration Branch...,True,Education,"['Education', 'Government']",2,162000000.0,63750.0,Makkah Al-Mokarramah,جدة,False,ok,True,2010-02-01,2012-06-30,880.0,2010.0,month-level,month-level,Stalled,True,تعليمي,متعثر,"منطقة مكة المكرمة, جدة"
كليات الغد الدولية للعلوم الصحية التطبيقية بالدمام ̵...,True,Education,"['Commercial', 'Education']",2,,880000.0,Eastern Region,الظهران,False,ok,False,,,,,,,Announced,False,تعليمي,معلن عنه,"المنطقة الشرقية, الظهران"
كليات الغد الدولية للعلوم الصحية التطبيقية بجدة – Al-...,True,Education,"['Commercial', 'Education']",2,,220000.0,Makkah Al-Mokarramah,جدة,False,ok,False,,,,,,,Announced,False,تعليمي,معلن عنه,"منطقة مكة المكرمة, جدة"
مياسم – Mayasem,False,Education,"['Commercial', 'Education', 'Hospitality', 'Residential']",4,,,Makkah Al-Mokarramah,جدة,False,empty,False,2014-04-01,,,2014.0,month-level,,Under construction,False,تعليمي,تحت الإنشاء,"منطقة مكة المكرمة, جدة"
المدرسة السعودية السويسرية – Saudi Swiss School,False,Education,['Education'],1,,,Makkah Al-Mokarramah,جدة,False,empty,False,2016-01-01,,,2016.0,year-level,,Under construction,False,تعليمي,تحت الإنشاء,"منطقة مكة المكرمة, جدة"
متحف الأطفال التفاعلي – Children’s Interactive Museum,False,Education,"['Education', 'Leisure/Tourism']",2,,14000.0,Al-Riyadh,الرياض,False,ok,False,,,,,,,Stalled,True,تعليمي,متعثر,"منطقة الرياض, الرياض"
المستشفى السعودي الألماني مكة المكرمة – Saudi German Hospital...,True,Education,"['Commercial', 'Education', 'Health']",3,1500000000.0,58000.0,Makkah Al-Mokarramah,مكة المكرمة,False,ok,True,,,,,,,Announced,False,تعليمي,معلن عنه,"مكة المكرمة, منطقة مكة المكرمة"
اكاديمية الأحتراف لعلوم الطيران – Aviation Science Professional Ac...,True,Education,['Education'],1,80000000.0,15500.0,Al-Riyadh,الرياض,False,ok,True,,,,,,,Completed,False,تعليمي,مكتمل,"منطقة الرياض, الرياض"
مدينة الأحلام,False,Education,"['Commercial', 'Education', 'Health', 'Hospitality', 'Infrastructure', 'Leisure/Tourism', 'Religious/Charity', 'Residential', 'Sports']",9,4000000000.0,800000.0,Aseer,خميس مشيط,False,ok,True,,,,,,,Announced,False,تعليمي,معلن عنه,"منطقة عسير, خميس مشيط"
أكاديمية العالم,False,Education,['Education'],1,120000000.0,,Makkah Al-Mokarramah,مدينة الملك عبدالله الاقتصادية,False,empty,True,2008-11-15,2012-09-13,1398.0,2008.0,exact,exact,Completed,False,تعليمي,مكتمل,"منطقة مكة المكرمة, مدينة الملك عبدالله الاقتصادية"
مجمع جنات الرياض – JANNAT COMPOUND RIYADH,False,Education,"['Commercial', 'Education', 'Health', 'Hospitality', 'Leisure/Tourism', 'Residential', 'Sports']",7,,4200000.0,Al-Riyadh,الرياض,False,ok,False,,,,,,,Under construction,False,تعليمي,تحت الإنشاء,"منطقة الرياض, الرياض"
مدارس المجموعة العالمية بالجبيل,False,Education,['Education'],1,86000000.0,20000.0,Eastern Region,الجبيل,False,ok,True,2014-09-01,2017-10-31,1156.0,2014.0,month-level,month-level,Delayed,True,تعليمي,متأخر,"المنطقة الشرقية, الجبيل"
كليات الغد الدولية للعلوم الصحية التطبيقية بالرياض ̵...,True,Education,"['Commercial', 'Education']",2,,277000.0,Al-Riyadh,الرياض,False,ok,False,,2019-09-30,,,,month-level,Announced,False,تعليمي,معلن عنه,"منطقة الرياض, الرياض"
كليات المعرفة – Almaarefa Colleges,False,Education,"['Commercial', 'Education']",2,1500000000.0,212950.0,Al-Riyadh,الدرعية,False,ok,True,,,,,,,Announced,False,تعليمي,معلن عنه,"منطقة الرياض, الدرعية"
معرض القرآن الكريم,False,Education,"['Education', 'Leisure/Tourism']",2,,1500.0,Al-Madinah Al-Monawarah,المدينة المنورة,False,ok,False,,,,,,,Completed,False,تعليمي,مكتمل,"منطقة المدينة المنورة, المدينة المنورة"
القرية الطبية بالرياض – Medical Village Riyadh,False,Education,"['Commercial', 'Education', 'Health', 'Hospitality', 'Residential']",5,,250000.0,Al-Riyadh,الرياض,False,ok,False,2016-01-01,,,2016.0,year-level,,Under construction,False,تعليمي,تحت الإنشاء,"منطقة الرياض, الرياض"
المدينة الرياضية بجامعة الملك خالد,False,Education,"['Education', 'Sports']",2,261879368.0,40946.0,Aseer,أبها,False,ok,True,,2016-12-30,,,,exact,Delayed,True,تعليمي,متأخر,"منطقة عسير, أبها"
سكن منسوبي وزارة الحرس الوطني,False,Education,"['Commercial', 'Education', 'Government', 'Health', 'Religious/Charity', 'Residential']",6,1500000000.0,718468.0,Makkah Al-Mokarramah,مدينة الملك عبدالله الاقتصادية,False,ok,True,,2017-12-31,,,,year-level,Delayed,True,تعليمي,متأخر,"منطقة مكة المكرمة, مدينة الملك عبدالله الاقتصادية"
مستشفى سليمان الراجحي في البكيرية – Sulaiman Al-Rajhi Hospital in...,True,Education,"['Education', 'Health']",2,,85000.0,Al-Qaseem,البكيرية,False,ok,False,,,,,,,Announced,False,تعليمي,معلن عنه,"منطقة القصيم, البكيرية"
مجمع العقارية بالوصيل,False,Education,"['Commercial', 'Education', 'Health', 'Hospitality', 'Infrastructure', 'Residential']",6,2900000000.0,7000000.0,Al-Riyadh,الرياض,False,ok,True,,,,,,,Announced,False,تعليمي,معلن عنه,"منطقة الرياض, الرياض"
الحرم الجامعي لجامعة بيشة,False,Education,"['Education', 'Government']",2,,10000000.0,Aseer,بيشة,False,ok,False,,,,,,,Under construction,False,تعليمي,تحت الإنشاء,"منطقة عسير, بيشة"
مستشفى جامعة الملك فيصل – King Faisal University Hospital,False,Education,"['Education', 'Government', 'Health']",3,492855427.0,145000.0,Eastern Region,الأحساء,False,ok,True,2011-01-07,2017-04-03,2278.0,2011.0,exact,exact,Delayed,True,تعليمي,متأخر,"المنطقة الشرقية, الأحساء"
مشروع إنشاء سكن أعضاء هيئة تدريب معهد الإدارة ( المرحلة...,True,Education,"['Education', 'Residential']",2,190596309.0,324654.0,Al-Riyadh,الرياض,False,ok,True,2010-02-27,2012-08-27,912.0,2010.0,exact,exact,Delayed,True,تعليمي,متأخر,"منطقة الرياض, الرياض"
مجمع الصالات الرياضية والملاعب المكشوفة بالجامعة الاس...,True,Education,"['Education', 'Sports']",2,,15000.0,Al-Madinah Al-Monawarah,المدينة المنورة,False,ok,False,,,,,,,Completed,False,تعليمي,مكتمل,"منطقة المدينة المنورة, المدينة المنورة"
المدينة الرياضية بجامعة الطائف,False,Education,"['Education', 'Sports']",2,,,Makkah Al-Mokarramah,الطائف,False,empty,False,,,,,,,Announced,False,تعليمي,معلن عنه,"منطقة مكة المكرمة, الطائف"
المعهد الصناعي الثانوي -محافظة الغزالة,False,Education,"['Education', 'Government']",2,32242388.0,,Hail,الغزالة,False,empty,True,2015-05-01,,,2015.0,month-level,,Under construction,False,تعليمي,تحت الإنشاء,"منطقة حائل, الغزالة"
الكلية التقنية للبنات- محافظة الغزالة,False,Education,"['Education', 'Government']",2,84966192.0,,Hail,الغزالة,False,empty,True,2015-02-16,,,2015.0,exact,,Under construction,False,تعليمي,تحت الإنشاء,"منطقة حائل, الغزالة"
مشروع الرائدة السكني – Public Pension Agency Project,False,Education,"['Commercial', 'Education', 'Health', 'Hospitality', 'Infrastructure', 'Religious/Charity', 'Residential']",7,,2500000.0,Makkah Al-Mokarramah,جدة,False,ok,False,2014-04-02,2024-12-31,3926.0,2014.0,exact,year-level,Under construction,False,تعليمي,تحت الإنشاء,"منطقة مكة المكرمة, جدة"
صالة رياضية مغلقة -الكلية التقنية,False,Education,['Education'],1,6933053.0,,Al-Madinah Al-Monawarah,المدينة المنورة,False,empty,True,2012-05-10,,,2012.0,exact,,Under construction,False,تعليمي,تحت الإنشاء,"منطقة المدينة المنورة, المدينة المنورة"
مركز معارض الرياض الدولي,False,Education,"['Commercial', 'Education', 'Government', 'Industrial', 'Leisure/Tourism', 'Religious/Charity']",6,,189000.0,Al-Riyadh,الرياض,False,ok,False,,2008-12-31,,,,year-level,Completed,False,تعليمي,مكتمل,"منطقة الرياض, الرياض"
وادي الرياض للتقنية,False,Education,"['Education', 'Scientific']",2,100000000.0,1700000.0,Al-Riyadh,الرياض,False,ok,True,2008-07-22,,,2008.0,exact,,Stalled,True,تعليمي,متعثر,"منطقة الرياض, الرياض"
جامعة الملك سعود بن عبد العزيز للعلوم الصحية الرياض ̵...,True,Education,"['Education', 'Government', 'Health']",3,,6000000.0,Al-Riyadh,الرياض,False,ok,False,2008-05-13,2013-04-23,1806.0,2008.0,exact,exact,Completed,False,تعليمي,مكتمل,"منطقة الرياض, الرياض"
الحرم الجامعي لجامعة القصيم,False,Education,"['Education', 'Infrastructure']",2,,7800000.0,Al-Qaseem,بريدة,False,ok,False,2004-05-08,,,2004.0,exact,,Under construction,False,تعليمي,تحت الإنشاء,"منطقة القصيم, بريدة"
الحرم الجامعي لجامعة تبوك,False,Education,"['Education', 'Infrastructure']",2,,12000000.0,Tabouk,تبوك,False,ok,False,2006-05-08,,,2006.0,exact,,Under construction,False,تعليمي,تحت الإنشاء,"منطقة تبوك, تبوك"
الحرم الجامعي لجامعة الطائف,False,Education,"['Education', 'Infrastructure']",2,,17000.0,Makkah Al-Mokarramah,الطائف,False,ok,False,2003-03-05,,,2003.0,exact,,Under construction,False,تعليمي,تحت الإنشاء,"منطقة مكة المكرمة, الطائف"
الحرم الجامعي لجامعة الحدود الشمالية,False,Education,"['Education', 'Infrastructure']",2,,3040132.32,Northern Borders,عرعر,False,ok,False,2007-05-08,,,2007.0,exact,,Under construction,False,تعليمي,تحت الإنشاء,"منطقة الحدود الشمالية, عرعر"
الحرم الجامعي لجامعة الباحة,False,Education,"['Education', 'Infrastructure']",2,,7000000.0,Al-Baha,,False,ok,False,2005-09-09,,,2005.0,exact,,Under construction,False,تعليمي,تحت الإنشاء,منطقة الباحة
الحرم الجامعي لجامعة الجوف,False,Education,"['Education', 'Infrastructure']",2,,7200000.0,Al-Jouf,سكاكا,False,ok,False,2006-06-09,,,2006.0,exact,,Under construction,False,تعليمي,تحت الإنشاء,"منطقة الجوف, سكاكا"
الحرم الجامعي لجامعة الأمير سطام بن عبدالعزيز,False,Education,"['Education', 'Infrastructure']",2,,,Al-Riyadh,الخرج,False,no_digits,False,2009-08-24,,,2009.0,exact,,Under construction,False,تعليمي,تحت الإنشاء,"منطقة الرياض, الخرج"
تطوير الموقع العام بجامعة شقراء,False,Education,"['Education', 'Government', 'Infrastructure']",3,64631782.0,5100000.0,Al-Riyadh,شقراء,False,ok,True,2012-08-31,2015-07-20,1053.0,2012.0,exact,exact,Completed,False,تعليمي,مكتمل,"منطقة الرياض, شقراء"
جامعة حائل – Hail University,False,Education,"['Education', 'Government', 'Infrastructure']",3,553000000.0,9000000.0,Hail,حائل,False,ok,True,,,,,,,Under construction,False,تعليمي,تحت الإنشاء,"منطقة حائل, حائل"
الحرم الجامعي لجامعة جازان,False,Education,"['Education', 'Infrastructure']",2,,9000000.0,Jazan,جازان,False,ok,False,2006-01-05,,,2006.0,exact,,Under construction,False,تعليمي,تحت الإنشاء,"منطقة جازان, جازان"
الحرم الجامعي لجامعة نجران,False,Education,"['Education', 'Infrastructure']",2,,18000000.0,Najran,نجران,False,ok,False,2006-11-02,,,2006.0,exact,,Under construction,False,تعليمي,تحت الإنشاء,"نجران, منطقة نجران"
كلية التربية للأقسام الأدبية – بنات,False,Education,['Education'],1,58091366.0,,Jazan,,False,empty,True,2014-09-07,,,2014.0,exact,,Under construction,False,تعليمي,تحت الإنشاء,منطقة جازان
كلية الهندسة-جامعة جازان,False,Education,['Education'],1,118880083.0,,Jazan,جازان,False,empty,True,2013-07-16,,,2013.0,exact,,Under construction,False,تعليمي,تحت الإنشاء,"منطقة جازان, جازان"
مركز الأبحاث الطبية بجامعة الملك سعود,False,Education,"['Education', 'Government', 'Health', 'Scientific']",4,,12000.0,Al-Riyadh,الدرعية,False,ok,False,,,,,,,Under construction,False,تعليمي,تحت الإنشاء,"منطقة الرياض, الدرعية"
إنشاء كلية الهندسة والعلوم – جامعة نجران,False,Education,['Education'],1,,19000.0,Najran,نجران,False,ok,False,2011-05-04,,,2011.0,exact,,Under construction,False,تعليمي,تحت الإنشاء,"نجران, منطقة نجران"
مبنى الادارة – جامعة نجران – Administration Building – Najran...,True,Education,['Education'],1,110000000.0,12000.0,Najran,نجران,False,ok,True,2009-11-02,2014-12-31,1885.0,2009.0,exact,year-level,Completed,False,تعليمي,مكتمل,"نجران, منطقة نجران"
المعهد العلمي -حائل,False,Education,['Education'],1,10000000.0,,Hail,حائل,False,empty,True,2009-05-01,,,2009.0,month-level,,Under construction,False,تعليمي,تحت الإنشاء,"منطقة حائل, حائل"
مبنى الإدارة الرئيسية – جامعة حائل – Administration Building...,True,Education,['Education'],1,269000000.0,107000.0,Hail,حائل,False,ok,True,2013-07-28,,,2013.0,exact,,Under construction,False,تعليمي,تحت الإنشاء,"منطقة حائل, حائل"
كلية الهندسة-جامعة حائل,False,Education,['Education'],1,113000000.0,69000.0,Hail,حائل,False,ok,True,2013-07-28,,,2013.0,exact,,Under construction,False,تعليمي,تحت الإنشاء,"منطقة حائل, حائل"
كلية العلوم الطبية التطبيقية-جامعة حائل,False,Education,['Education'],1,31000000.0,41884.0,Hail,حائل,False,ok,True,2013-02-24,,,2013.0,exact,,Under construction,False,تعليمي,تحت الإنشاء,"منطقة حائل, حائل"
اسكان الطلاب- جامعة جازان,False,Education,"['Education', 'Government', 'Residential']",3,,,Jazan,جازان,False,empty,False,,,,,,,Under construction,False,تعليمي,تحت الإنشاء,"منطقة جازان, جازان"
كلية الحاسب الألي-جامعة جازان,False,Education,['Education'],1,139000000.0,,Jazan,جازان,False,empty,True,,,,,,,Under construction,False,تعليمي,تحت الإنشاء,"منطقة جازان, جازان"
كلية الطب و العلوم الطبية التطبيقية – Medical College & Fac...,True,Education,['Education'],1,190213912.0,40000.0,Jazan,جازان,False,ok,True,2010-06-01,2017-09-12,2660.0,2010.0,month-level,exact,Completed,False,تعليمي,مكتمل,"منطقة جازان, جازان"
المستشفى الجامعي -جامعة جازان,False,Education,"['Education', 'Health']",2,309000000.0,,Jazan,جازان,False,empty,True,2009-02-11,,,2009.0,exact,,Under construction,False,تعليمي,تحت الإنشاء,"منطقة جازان, جازان"
المدرسة العالمية البنجلاديشية,False,Education,['Education'],1,,2287.0,Makkah Al-Mokarramah,جدة,False,ok,False,,,,,,,Announced,False,تعليمي,معلن عنه,"منطقة مكة المكرمة, جدة"
جامعة الأميرة نورة بنت عبدالرحمن,False,Education,['Education'],1,20000000000.0,8000000.0,Al-Riyadh,الرياض,False,ok,True,2008-10-29,2011-05-15,928.0,2008.0,exact,exact,Completed,False,تعليمي,مكتمل,"منطقة الرياض, الرياض"
جامعة الملك عبدالله للعلوم والتقنية,False,Education,"['Education', 'Scientific']",2,10000000000.0,36000000.0,Makkah Al-Mokarramah,مدينة الملك عبدالله الاقتصادية,False,ok,True,2007-10-21,2009-09-23,703.0,2007.0,exact,exact,Completed,False,تعليمي,مكتمل,"منطقة مكة المكرمة, مدينة الملك عبدالله الاقتصادية"
مبنى مركز المعلومات-الجامعة الأسلامية,False,Education,['Education'],1,47907040.0,,Al-Madinah Al-Monawarah,المدينة المنورة,False,empty,True,2013-05-03,,,2013.0,exact,,Under construction,False,تعليمي,تحت الإنشاء,"منطقة المدينة المنورة, المدينة المنورة"
الاستاد الرياضي-الجامعة الأسلامية,False,Education,"['Education', 'Leisure/Tourism']",2,65000000.0,,Al-Madinah Al-Monawarah,المدينة المنورة,False,empty,True,2013-05-16,,,2013.0,exact,,Under construction,False,تعليمي,تحت الإنشاء,"منطقة المدينة المنورة, المدينة المنورة"
إسكان أعضاء هيئة التدريس-الجامعة الأسلامية,False,Education,"['Education', 'Residential']",2,356393344.0,,Al-Madinah Al-Monawarah,المدينة المنورة,False,empty,True,2010-09-25,,,2010.0,exact,,Under construction,False,تعليمي,تحت الإنشاء,"منطقة المدينة المنورة, المدينة المنورة"
مبنى مركز البحوث-الجامعة الأسلامية,False,Education,['Education'],1,49898631.0,,Al-Madinah Al-Monawarah,المدينة المنورة,False,empty,True,2013-05-18,,,2013.0,exact,,Under construction,False,تعليمي,تحت الإنشاء,"منطقة المدينة المنورة, المدينة المنورة"
الأستاد الرياضي بجامعة طيبة –  Taibah Outdoor Sports,False,Education,"['Education', 'Leisure/Tourism', 'Sports']",3,37401691.0,,Al-Madinah Al-Monawarah,المدينة المنورة,False,empty,True,2013-05-01,,,2013.0,month-level,,Under construction,False,تعليمي,تحت الإنشاء,"منطقة المدينة المنورة, المدينة المنورة"
مبنى كلية الأداب والعلوم الأنسانية-جامعة طيبة,False,Education,['Education'],1,100000000.0,,Al-Madinah Al-Monawarah,المدينة المنورة,False,empty,True,2012-05-16,,,2012.0,exact,,Under construction,False,تعليمي,تحت الإنشاء,"منطقة المدينة المنورة, المدينة المنورة"
مبنى العمادات المساندة -جامعة طيبة,False,Education,['Education'],1,110000000.0,,Al-Madinah Al-Monawarah,المدينة المنورة,False,empty,True,2012-07-01,,,2012.0,month-level,,Under construction,False,تعليمي,تحت الإنشاء,"منطقة المدينة المنورة, المدينة المنورة"
مبنى كلية علوم الحاسب الألي-جامعة طيبة,False,Education,['Education'],1,124000000.0,,Al-Madinah Al-Monawarah,المدينة المنورة,False,empty,True,2012-05-03,,,2012.0,exact,,Under construction,False,تعليمي,تحت الإنشاء,"منطقة المدينة المنورة, المدينة المنورة"
مبنى الدائرة التلفزيونية -جامعة طيبة,False,Education,['Education'],1,56074918.0,,Al-Madinah Al-Monawarah,المدينة المنورة,False,empty,True,2014-05-14,,,2014.0,exact,,Under construction,False,تعليمي,تحت الإنشاء,"منطقة المدينة المنورة, المدينة المنورة"
مدينة الملك عبد الله الاقتصادية – KAEC,False,Education,"['Commercial', 'Education', 'Government', 'Health', 'Hospitality', 'Industrial', 'Infrastructure', 'Leisure/Tourism', 'Religious/Charity', 'Residential', 'Scientific', 'Sports']",12,375000000000.0,173000000.0,Makkah Al-Mokarramah,مدينة الملك عبدالله الاقتصادية,False,ok,True,2005-01-01,2030-12-31,9495.0,2005.0,year-level,year-level,Under construction,False,تعليمي,تحت الإنشاء,"منطقة مكة المكرمة, مدينة الملك عبدالله الاقتصادية"
كليات الريان الأهلية,False,Education,"['Commercial', 'Education', 'Health', 'Infrastructure', 'Scientific']",5,,,Al-Madinah Al-Monawarah,المدينة المنورة,False,empty,False,2013-03-09,,,2013.0,exact,,Under construction,False,تعليمي,تحت الإنشاء,"منطقة المدينة المنورة, المدينة المنورة"
كلية البيان الأهلية,False,Education,['Education'],1,180000000.0,,Al-Madinah Al-Monawarah,المدينة المنورة,False,empty,True,2008-09-16,,,2008.0,exact,,Completed,False,تعليمي,مكتمل,"منطقة المدينة المنورة, المدينة المنورة"
كليات الغد الدولية للعلوم الصحية التطبيقية بالقصيم- Al-G...,True,Education,"['Commercial', 'Education']",2,,430000.0,Al-Qaseem,بريدة,False,ok,False,,2019-10-01,,,,exact,Announced,False,تعليمي,معلن عنه,"منطقة القصيم, بريدة"
مركز الأمير نايف لأبحاث العلوم الصحية,False,Education,"['Education', 'Scientific']",2,,23000.0,Al-Riyadh,الرياض,False,ok,False,2011-02-02,2013-02-02,731.0,2011.0,exact,exact,Delayed,True,تعليمي,متأخر,"منطقة الرياض, الرياض"
المدينة الجامعية لجامعة الملك سعود بن عبدالعزيز للعلو�...,True,Education,"['Education', 'Government', 'Industrial', 'Scientific']",4,,,Eastern Region,الأحساء,False,empty,False,2008-05-13,2014-10-27,2358.0,2008.0,exact,exact,Completed,False,تعليمي,مكتمل,"المنطقة الشرقية, الأحساء"
مركز هبة لمتلازمة داون – Al Muhaidib Down Syndrome School,False,Education,"['Education', 'Religious/Charity']",2,14000000.0,4500.0,Eastern Region,الخبر,False,ok,True,2016-07-04,2018-08-01,758.0,2016.0,exact,exact,Delayed,True,تعليمي,متأخر,"المنطقة الشرقية, الخبر"
إسكان أعضاء هيئة التدريس- جامعة حائل,False,Education,"['Education', 'Residential']",2,544000000.0,,Hail,حائل,False,empty,True,2011-02-03,,,2011.0,exact,,Under construction,False,تعليمي,تحت الإنشاء,"منطقة حائل, حائل"
المدرسة الأمريكية العالمية – American International School,False,Education,['Education'],1,,48535.0,Makkah Al-Mokarramah,جدة,False,ok,False,2016-11-01,,,2016.0,month-level,,Under construction,False,تعليمي,تحت الإنشاء,"منطقة مكة المكرمة, جدة"
مدينة سدير للصناعة والأعمال – Sudair City for Industry and Businesses...,True,Education,"['Commercial', 'Education', 'Hospitality', 'Industrial', 'Infrastructure', 'Residential']",6,,258000000.0,Al-Riyadh,مدينة سدير للصناعة والأعمال,False,ok,False,2009-04-01,,,2009.0,month-level,,Under construction,False,تعليمي,تحت الإنشاء,"منطقة الرياض, مدينة سدير للصناعة والأعمال"
الطائف الجديدة,False,Education,"['Commercial', 'Education', 'Hospitality', 'Infrastructure', 'Leisure/Tourism']",5,,,Makkah Al-Mokarramah,الطائف,False,linear_distance_not_area,False,2014-02-10,,,2014.0,exact,,Announced,False,تعليمي,معلن عنه,"منطقة مكة المكرمة, الطائف"
إسكان اعضاء هيئة التدريس جامعة طيبة – Faculty Housing University...,True,Education,"['Education', 'Government', 'Infrastructure', 'Residential']",4,421000000.0,,Al-Madinah Al-Monawarah,المدينة المنورة,False,empty,True,,,,,,,Under construction,False,تعليمي,تحت الإنشاء,"منطقة المدينة المنورة, المدينة المنورة"
إسكان الطلاب والطالبات جامعة طيبة – Housing students Taibah Unive...,True,Education,"['Education', 'Government', 'Residential']",3,142000000.0,,Al-Madinah Al-Monawarah,المدينة المنورة,False,empty,True,2013-06-10,2015-06-10,730.0,2013.0,exact,exact,Delayed,True,تعليمي,متأخر,"منطقة المدينة المنورة, المدينة المنورة"
جامعة الملك سعود بن عبد العزيز للعلوم الصحية بجدة – K...,True,Education,"['Education', 'Government', 'Health', 'Scientific']",4,,200000.0,Makkah Al-Mokarramah,جدة,False,ok,False,2008-05-13,2015-08-26,2661.0,2008.0,exact,exact,Completed,False,تعليمي,مكتمل,"منطقة مكة المكرمة, جدة"
مركز وسط المدينة الجديد في الجبيل الصناعية – The new city...,True,Education,"['Education', 'Government', 'Hospitality', 'Leisure/Tourism', 'Residential']",5,,2800000.0,Eastern Region,الجبيل الصناعية,False,ok,False,,,,,,,Announced,False,تعليمي,معلن عنه,"المنطقة الشرقية, الجبيل الصناعية"
"المدينة الطبية بجامعة الملك سعود – Medical City, King Saud Univers...",True,Education,"['Education', 'Government', 'Health']",3,,,Al-Riyadh,الرياض,False,empty,False,,2016-02-15,,,,exact,Completed,False,تعليمي,مكتمل,"منطقة الرياض, الرياض"
توسعة مكتبة الملك فهد,False,Education,"['Education', 'Government']",2,,87000.0,Al-Riyadh,الرياض,False,ok,False,,,,,,,Completed,False,تعليمي,مكتمل,"منطقة الرياض, الرياض"
مدينة الزاهرة بجدة,False,Education,"['Commercial', 'Education', 'Health', 'Infrastructure', 'Residential']",5,1000000000.0,2900000.0,Makkah Al-Mokarramah,جدة,False,ok,True,,,,,,,Cancelled,True,تعليمي,ملغي,"منطقة مكة المكرمة, جدة"
مركز المعلومات | International Travel Support | KAFD,False,Education,"['Education', 'Infrastructure']",2,,34464.0,Al-Riyadh,الرياض,False,ok,False,2012-01-01,2017-12-31,2191.0,2012.0,year-level,year-level,Delayed,True,تعليمي,متأخر,"منطقة الرياض, الرياض"
مستشفى جامعة الإمام عبد الرحمن بن فيصل – Imam Abdul Rahman bin...,True,Education,"['Education', 'Government', 'Health']",3,500000000.0,150000.0,Eastern Region,الدمام,False,ok,True,2012-02-01,2017-02-01,1827.0,2012.0,month-level,exact,Delayed,True,تعليمي,متأخر,"المنطقة الشرقية, الدمام"
بحيرات الخبر – Khobar Lakes,False,Education,"['Commercial', 'Education', 'Residential']",3,4600000000.0,2600000.0,Eastern Region,الظهران,False,ok,True,2009-06-01,,,2009.0,month-level,,Under construction,False,تعليمي,تحت الإنشاء,"المنطقة الشرقية, الظهران"
واحة الملك سلمان للعلوم – King Salman Science Oasis,False,Education,"['Education', 'Government', 'Leisure/Tourism', 'Scientific']",4,,200000.0,Al-Riyadh,الرياض,False,ok,False,2011-01-01,2016-12-31,2191.0,2011.0,year-level,year-level,Delayed,True,تعليمي,متأخر,"منطقة الرياض, الرياض"
متحف العلوم ومركز المناخ والجيولوجيا – Geo-Science Centre R...,True,Education,"['Education', 'Government', 'Leisure/Tourism']",3,,54000.0,Al-Riyadh,الرياض,False,ok,False,,,,,,,Under construction,False,تعليمي,تحت الإنشاء,"منطقة الرياض, الرياض"
ساحة الاحتفالات للأطفال – Children Festival Marketplace,False,Education,"['Education', 'Government', 'Leisure/Tourism']",3,,7679.0,Al-Riyadh,الرياض,False,ok,False,,,,,,,Stalled,True,تعليمي,متعثر,"منطقة الرياض, الرياض"
مدينة المارينا – Marina City,False,Education,"['Commercial', 'Education', 'Health', 'Hospitality', 'Leisure/Tourism', 'Residential']",6,,3300000.0,Eastern Region,الدمام,False,ok,False,2004-03-21,,,2004.0,exact,,Under construction,False,تعليمي,تحت الإنشاء,"المنطقة الشرقية, الدمام"
برج الإدارات الرئيسية بجامعة الإمام عبد الرحمن بن فيصل...,True,Education,"['Education', 'Government']",2,344000000.0,20000.0,Eastern Region,الدمام,False,ok,True,2015-06-01,2018-06-01,1096.0,2015.0,month-level,exact,Delayed,True,تعليمي,متأخر,"المنطقة الشرقية, الدمام"
متحف البيئة الحضرية – Museum of the built environment – KAFD,False,Education,"['Education', 'Government', 'Leisure/Tourism']",3,,106680.0,Al-Riyadh,الرياض,False,ok,False,,2017-12-31,,,,year-level,Delayed,True,تعليمي,متأخر,"منطقة الرياض, الرياض"
مبني العمادات المساندة بجامعة القصيم  – Deanship of Support Qa...,True,Education,"['Education', 'Government']",2,123000000.0,,Al-Qaseem,بريدة,False,empty,True,2014-10-12,2017-10-12,1096.0,2014.0,exact,exact,Delayed,True,تعليمي,متأخر,"منطقة القصيم, بريدة"
مجمع الكليات الصحية للطالبات بجامعة القصيم – Health colle...,True,Education,"['Education', 'Government', 'Health']",3,349492173.0,50000.0,Al-Qaseem,بريدة,False,ok,True,2011-10-25,2013-10-25,731.0,2011.0,exact,exact,Delayed,True,تعليمي,متأخر,"منطقة القصيم, بريدة"
مجمع الكليات الصحية للطلاب بجامعة القصيم – College of Healt...,True,Education,"['Education', 'Government', 'Health']",3,529680608.0,96000.0,Al-Qaseem,بريدة,False,ok,True,2011-10-24,2014-03-14,872.0,2011.0,exact,exact,Delayed,True,تعليمي,متأخر,"منطقة القصيم, بريدة"
المستشفى القصيم الجامعي – Al Qassim University Hospital,False,Education,"['Education', 'Government', 'Health']",3,442484484.0,48000.0,Al-Qaseem,بريدة,False,ok,True,2011-10-26,2015-04-08,1260.0,2011.0,exact,exact,Delayed,True,تعليمي,متأخر,"منطقة القصيم, بريدة"
مركز المؤتمرات في الجامعة الأسلامية -Islamic University Conference Ce...,True,Education,"['Education', 'Government']",2,120000000.0,2000.0,Al-Madinah Al-Monawarah,المدينة المنورة,False,ok,True,2012-06-01,,,2012.0,month-level,,Under construction,False,تعليمي,تحت الإنشاء,"منطقة المدينة المنورة, المدينة المنورة"
المدينة الطبية بجامعة طيبة -Medical City of Taibah University,False,Education,"['Education', 'Government', 'Health']",3,1000000000.0,1630000.0,Al-Madinah Al-Monawarah,المدينة المنورة,False,ok,True,2013-06-16,,,2013.0,exact,,Under construction,False,تعليمي,تحت الإنشاء,"منطقة المدينة المنورة, المدينة المنورة"
مستشفى تبوك الجامعي – Tabuk University Hospital,False,Education,"['Education', 'Government', 'Health']",3,400256424.0,140000.0,Tabouk,تبوك,False,ok,True,2012-03-31,2018-02-08,2140.0,2012.0,exact,exact,Delayed,True,تعليمي,متأخر,"منطقة تبوك, تبوك"
مستشفى حائل الجامعي – University Hospital in Hail,False,Education,"['Education', 'Government', 'Health']",3,,541325.0,Hail,حائل,False,ok,False,2012-02-15,2015-08-19,1281.0,2012.0,exact,exact,Delayed,True,تعليمي,متأخر,"منطقة حائل, حائل"
أوقاف جامعة الملك سعود – King Saud University – Awqaf,False,Education,"['Commercial', 'Education', 'Government', 'Health', 'Leisure/Tourism', 'Residential', 'Scientific']",7,,720000.0,Al-Riyadh,الرياض,False,ok,False,,,,,,,Under construction,False,تعليمي,تحت الإنشاء,"منطقة الرياض, الرياض"
دار الهجرة – DAR AL HIJJRA,False,Education,"['Education', 'Government', 'Health', 'Hospitality', 'Infrastructure', 'Leisure/Tourism']",6,55000000000.0,1600000.0,Al-Madinah Al-Monawarah,المدينة المنورة,False,ok,True,2014-07-22,2017-07-22,1096.0,2014.0,exact,exact,Delayed,True,تعليمي,متأخر,"منطقة المدينة المنورة, المدينة المنورة"
بوابة مكة – Makkah Gate,False,Education,"['Education', 'Government', 'Health', 'Infrastructure', 'Leisure/Tourism', 'Residential']",6,,83000000.0,Makkah Al-Mokarramah,مكة المكرمة,False,ok,False,2011-03-05,,,2011.0,exact,,Announced,False,تعليمي,معلن عنه,"مكة المكرمة, منطقة مكة المكرمة"
مدينة المعرفة الاقتصادية – Knowledge Economic City,False,Education,"['Commercial', 'Education', 'Government', 'Health', 'Hospitality', 'Infrastructure', 'Leisure/Tourism', 'Religious/Charity', 'Residential']",9,25000000000.0,4800000.0,Al-Madinah Al-Monawarah,المدينة المنورة,False,ok,True,2009-04-15,2024-04-15,5479.0,2009.0,exact,exact,Under construction,False,تعليمي,تحت الإنشاء,"منطقة المدينة المنورة, المدينة المنورة"
مركز التراث العمراني بالدرعية – Archaeology Centre of Al-Dir’i...,True,Education,"['Education', 'Government', 'Leisure/Tourism']",3,,4000.0,Al-Riyadh,الدرعية,False,ok,False,,,,,,,Announced,False,تعليمي,معلن عنه,"منطقة الرياض, الدرعية"
المجمع الرياضي بجامعة الملك عبد العزيز – Sports Facility at K...,True,Education,"['Education', 'Government', 'Leisure/Tourism', 'Sports']",4,197205696.0,150351.0,Makkah Al-Mokarramah,جدة,False,ok,True,2012-04-11,2016-11-17,1681.0,2012.0,exact,exact,Completed,False,تعليمي,مكتمل,"منطقة مكة المكرمة, جدة"
مبنى عمادة شؤون الطالبات بجامعة عفت – Effat University Student A...,True,Education,"['Commercial', 'Education']",2,49000000.0,9300.0,Makkah Al-Mokarramah,جدة,False,ok,True,,,,,,,Proposed,False,تعليمي,المشاريع المقترحة,"منطقة مكة المكرمة, جدة"
جامعة تبوك – Tabuk of University,False,Education,"['Education', 'Government']",2,,12000000.0,Tabouk,تبوك,False,ok,False,2008-06-01,,,2008.0,month-level,,Under construction,False,تعليمي,تحت الإنشاء,"منطقة تبوك, تبوك"
المعهد السعودي التقني للطاقة والمياه – Saudi Technical Institu...,True,Government,"['Education', 'Government']",2,134000001.0,150000.0,Makkah Al-Mokarramah,رابغ,False,ok,True,2015-12-01,,,2015.0,month-level,,Under construction,False,حكومي,تحت الإنشاء,"منطقة مكة المكرمة, رابغ"
درة المدينة 1 – Dorrat Al Madinah 1,False,Government,"['Government', 'Residential']",2,,51500.0,Al-Madinah Al-Monawarah,المدينة المنورة,False,ok,False,2018-12-01,2021-12-31,1126.0,2018.0,month-level,year-level,Announced,False,حكومي,معلن عنه,"منطقة المدينة المنورة, المدينة المنورة"
الجوار – Aljewar,False,Government,"['Government', 'Residential']",2,,350737.0,Al-Madinah Al-Monawarah,المدينة المنورة,False,ok,False,2019-01-01,,,2019.0,year-level,,Under construction,False,حكومي,تحت الإنشاء,"منطقة المدينة المنورة, المدينة المنورة"
مرسية – Murcia,False,Government,"['Government', 'Residential']",2,,2733880.0,Al-Riyadh,الرياض,False,ok,False,,,,,,,Announced,False,حكومي,معلن عنه,"منطقة الرياض, الرياض"
مقر الهيئة العامة للولاية على أموال القاصرين ومن في حك�...,True,Government,['Government'],1,,4400.0,Al-Riyadh,الرياض,False,ok,False,2018-03-01,,,2018.0,month-level,,Under construction,False,حكومي,تحت الإنشاء,"منطقة الرياض, الرياض"
شبكة مترو مكة – Makkah Metro,False,Government,"['Government', 'Infrastructure']",2,,,Makkah Al-Mokarramah,مكة المكرمة,False,empty,False,2017-08-30,,,2017.0,exact,,Under construction,False,حكومي,تحت الإنشاء,"مكة المكرمة, منطقة مكة المكرمة"
شبكة حافلات مكة – Makkah Bus Transit,False,Government,"['Government', 'Infrastructure']",2,3122000000.0,,Makkah Al-Mokarramah,مكة المكرمة,False,empty,True,2017-02-05,2019-09-30,967.0,2017.0,exact,month-level,Under construction,False,حكومي,تحت الإنشاء,"مكة المكرمة, منطقة مكة المكرمة"
مطار القنفذة الإقتصادي – Al-Qunfudah Economical Airport,False,Government,"['Government', 'Infrastructure']",2,,24000000.0,Makkah Al-Mokarramah,القنفذة,False,ok,False,,,,,,,Announced,False,حكومي,معلن عنه,"منطقة مكة المكرمة, القنفذة"
حلم أبها  –  The Dream of Abha,False,Government,"['Commercial', 'Government', 'Hospitality', 'Infrastructure', 'Leisure/Tourism']",5,,17000000.0,Aseer,أبها,False,ok,False,,,,,,,Proposed,False,حكومي,المشاريع المقترحة,"منطقة عسير, أبها"
صوامع جازان – Jazan Silos,False,Government,"['Government', 'Industrial']",2,560000000.0,150000.0,Jazan,جازان,False,ok,True,2011-12-31,2016-04-30,1582.0,2011.0,exact,month-level,Completed,False,حكومي,مكتمل,"منطقة جازان, جازان"
المستشفى الجامعي – جامعة نجران – University Hospital – Na...,True,Government,"['Government', 'Health']",2,555000000.0,214000.0,Najran,نجران,False,ok,True,2012-07-01,,,2012.0,month-level,,Under construction,False,حكومي,تحت الإنشاء,"نجران, منطقة نجران"
كلية علوم وهندسة الحاسب الالي – جامعة حائل – College o...,True,Government,"['Education', 'Government']",2,281250000.0,47100.0,Hail,حائل,False,ok,True,2009-01-01,2014-02-28,1884.0,2009.0,year-level,month-level,Completed,False,حكومي,مكتمل,"منطقة حائل, حائل"
كلية الطب – جامعة الجوف – Faculty of Medicine – Al Jouf Universi...,True,Government,"['Education', 'Government']",2,450000000.0,83000.0,Al-Jouf,سكاكا,False,ok,True,2013-01-01,,,2013.0,year-level,,Under construction,False,حكومي,تحت الإنشاء,"منطقة الجوف, سكاكا"
قرية بريدة التراثية – Burydah Heritage Village,False,Government,"['Government', 'Leisure/Tourism']",2,7222359.0,24000.0,Al-Qaseem,بريدة,False,ok,True,2018-06-27,2020-07-31,765.0,2018.0,exact,month-level,Under construction,False,حكومي,تحت الإنشاء,"منطقة القصيم, بريدة"
مكتبة الحرم – Al Haram Library,False,Government,"['Government', 'Religious/Charity', 'Scientific']",3,,18000.0,Makkah Al-Mokarramah,مكة المكرمة,False,ok,False,,,,,,,Announced,False,حكومي,معلن عنه,"مكة المكرمة, منطقة مكة المكرمة"
قطار الساحل – Coastal Railway,False,Government,"['Government', 'Infrastructure']",2,,,Makkah Al-Mokarramah / Jazan,"مدينة جازان للصناعات الاساسية والتحويلية, الفيصلية, الليث, الشعيبة, جازان, جدة",True,empty,False,,,,,,,Announced,False,حكومي,معلن عنه,"منطقة مكة المكرمة, منطقة جازان, مدينة جازان للصناعات الاساسية والتحويلية, الفيصلية, الليث, الشعيبة, جازان, جدة"
تلال الغروب تاون هاوس – Tilal Algroob TownHouse,False,Government,"['Government', 'Residential']",2,,137445.0,Eastern Region,الدمام,False,ok,False,,,,,,,Announced,False,حكومي,معلن عنه,"المنطقة الشرقية, الدمام"
مركز الأعمال النسائي – Women’s Business Park,False,Government,"['Education', 'Government']",2,,240000.0,Al-Riyadh,الرياض,False,ok,False,2014-09-01,2024-12-31,3774.0,2014.0,month-level,year-level,Under construction,False,حكومي,تحت الإنشاء,"منطقة الرياض, الرياض"
مخزون شمال الرياض الاستراتيجي – North Riyadh Water Reservoirs,False,Government,"['Government', 'Infrastructure']",2,381000000.0,125000.0,Al-Riyadh,الرياض,False,ok,True,2013-10-01,2018-01-31,1583.0,2013.0,month-level,month-level,Completed,False,حكومي,مكتمل,"منطقة الرياض, الرياض"
تطوير وتوسعة المتحف الوطني بالرياض – Development and expansion o...,True,Government,"['Government', 'Hospitality']",2,,,Al-Riyadh,الرياض,False,empty,False,,,,,,,Under construction,False,حكومي,تحت الإنشاء,"منطقة الرياض, الرياض"
توسعة مستشفى الملك عبدالعزيز الجامعي – King Abdulaziz Universi...,True,Government,"['Education', 'Government', 'Health']",3,,,Makkah Al-Mokarramah,جدة,False,empty,False,,,,,,,Proposed,False,حكومي,المشاريع المقترحة,"منطقة مكة المكرمة, جدة"
مستشفى الولادة والاطفال بالرس- Childbirth and Children Hospital Ar Rass...,True,Government,"['Government', 'Health']",2,313171771.0,,Al-Qaseem,الرس,False,empty,True,2016-03-01,2019-02-28,1094.0,2016.0,month-level,month-level,Delayed,True,حكومي,متأخر,"منطقة القصيم, الرس"
القرية التراثية  – Historical Village,False,Government,"['Government', 'Leisure/Tourism']",2,35000000.0,110000.0,Al-Baha,الباحة,False,ok,True,2014-03-15,,,2014.0,exact,,Under construction,False,حكومي,تحت الإنشاء,"منطقة الباحة, الباحة"
تطوير مستشفى نجران العام – Development of Najran General Hospital,False,Government,"['Government', 'Health']",2,,14500.0,Najran,,False,ok,False,,,,,,,Announced,False,حكومي,معلن عنه,منطقة نجران
مبنى الطوارئ بمستشفى الملك خالد بنجران – Emergency King Khali...,True,Government,"['Government', 'Health']",2,50000000.0,,Najran,نجران,False,empty,True,,,,,,,Announced,False,حكومي,معلن عنه,"نجران, منطقة نجران"
مركز احتفالات طبرجل – Tabarjal Festival Center,False,Government,"['Government', 'Leisure/Tourism']",2,,180000.0,Al-Jouf,طبرجل,False,ok,False,,,,,,,Announced,False,حكومي,معلن عنه,"منطقة الجوف, طبرجل"
طريق الجبيل القصيم السريع – Al Jubail Al Qassim Expressway,False,Government,"['Government', 'Infrastructure']",2,,,Al-Qaseem / Al-Riyadh / Eastern Region,الجبيل,True,linear_distance_not_area,False,2012-08-12,,,2012.0,exact,,Under construction,False,حكومي,تحت الإنشاء,"منطقة القصيم, منطقة الرياض, المنطقة الشرقية, الجبيل"
متحف القصيم الإقليمي – Al Qassim Regional Museum,False,Government,['Government'],1,67068819.0,10000.0,Al-Qaseem,بريدة,False,ok,True,2017-04-29,2019-04-25,726.0,2017.0,exact,exact,Delayed,True,حكومي,متأخر,"منطقة القصيم, بريدة"
متحف الجوف الاقليمي – Al Jouf Regional Museum,False,Government,"['Government', 'Leisure/Tourism']",2,37863000.0,7000.0,Al-Jouf,دومة الجندل,False,ok,True,2011-06-12,2017-04-30,2149.0,2011.0,exact,month-level,Completed,False,حكومي,مكتمل,"منطقة الجوف, دومة الجندل"
متحف الباحة الإقليمي – Al Baha Museum,False,Government,"['Government', 'Leisure/Tourism']",2,30227953.0,9000.0,Al-Baha,الباحة,False,ok,True,2010-03-26,,,2010.0,exact,,Under construction,False,حكومي,تحت الإنشاء,"منطقة الباحة, الباحة"
مركز نجران للمؤتمرات – Najran Convention Center,False,Government,"['Education', 'Government']",2,,20000.0,Najran,نجران,False,ok,False,,,,,,,Proposed,False,حكومي,المشاريع المقترحة,"نجران, منطقة نجران"
أكاديمية الطيران السعودية  – Saudi Aviation Flight Academy,False,Government,"['Education', 'Government']",2,,,Al-Riyadh,الرياض,False,empty,False,,,,,,,Under construction,False,حكومي,تحت الإنشاء,"منطقة الرياض, الرياض"
مترو الرياض | محطة الدار البيضاء – Riyadh Metro | Dar Al Bayda Metro Sta...,True,Government,"['Government', 'Infrastructure']",2,,,Al-Riyadh,الرياض,False,empty,False,2014-04-04,2019-09-09,1984.0,2014.0,exact,exact,Under construction,False,حكومي,تحت الإنشاء,"منطقة الرياض, الرياض"
توسعة مقر وزارة العمل والتنمية الاجتماعية – Expansion of t...,True,Government,['Government'],1,,27000.0,Al-Riyadh,الرياض,False,ok,False,,,,,,,Announced,False,حكومي,معلن عنه,"منطقة الرياض, الرياض"
المبنى الاخضر بينبع الصناعية – Yanbu Royal Commission Green Building...,True,Government,"['Government', 'Leisure/Tourism']",2,,4600.0,Al-Madinah Al-Monawarah,ينبع,False,ok,False,,,,,,,Announced,False,حكومي,معلن عنه,"ينبع, منطقة المدينة المنورة"
مترو الرياض | محطة خديجة بنت خويلد – Riyadh Metro | Khadija bint Kh...,True,Government,"['Government', 'Infrastructure']",2,,,Al-Riyadh,الرياض,False,empty,False,2014-04-04,2019-09-09,1984.0,2014.0,exact,exact,Under construction,False,حكومي,تحت الإنشاء,"منطقة الرياض, الرياض"
طريق القصيم مكة المكرمة السريع – QASSIM-MAKKAH ROAD,False,Government,"['Government', 'Infrastructure']",2,4800000000.0,,Makkah Al-Mokarramah / Al-Qaseem,مكة المكرمة,True,linear_distance_not_area,True,2011-07-27,,,2011.0,exact,,Under construction,False,حكومي,تحت الإنشاء,"مكة المكرمة, منطقة مكة المكرمة, منطقة القصيم"
تطوير مدينة الملك فهد الساحلية – King Fahad Coastal City Development...,True,Government,"['Commercial', 'Government', 'Health', 'Hospitality']",4,,114000.0,Makkah Al-Mokarramah,جدة,False,ok,False,,,,,,,Announced,False,حكومي,معلن عنه,"منطقة مكة المكرمة, جدة"
حديقة الفيصليه بالطائف – Garden Faisaliah Taif,False,Government,"['Government', 'Leisure/Tourism']",2,21750000.0,75000.0,Makkah Al-Mokarramah,الطائف,False,ok,True,,2015-11-08,,,,exact,Completed,False,حكومي,مكتمل,"منطقة مكة المكرمة, الطائف"
تطوير المدخل الغربي (ميدان المئوية) بالطائف,False,Government,"['Government', 'Infrastructure']",2,13431667.0,,Makkah Al-Mokarramah,الطائف,False,linear_distance_not_area,True,,2016-04-01,,,,exact,Completed,False,حكومي,مكتمل,"منطقة مكة المكرمة, الطائف"
البرج الطبي للولادة والاطفال بجدة – Maternity & ChildrenR...,True,Government,"['Government', 'Health']",2,383324267.0,86272.0,Makkah Al-Mokarramah,جدة,False,ok,True,2012-12-01,2017-12-19,1844.0,2012.0,month-level,exact,Delayed,True,حكومي,متأخر,"منطقة مكة المكرمة, جدة"
مستشفى الجموم العام – General Hospital Al Jumum,False,Government,"['Government', 'Health']",2,234822918.0,98202.0,Makkah Al-Mokarramah,الجموم,False,ok,True,2012-04-01,2018-06-30,2281.0,2012.0,month-level,month-level,Delayed,True,حكومي,متأخر,"منطقة مكة المكرمة, الجموم"
مستشفى الشرائع العام – Al Sharaya General Hospital,False,Government,"['Government', 'Health']",2,602334009.0,332474.0,Makkah Al-Mokarramah,مكة المكرمة,False,ok,True,2014-11-17,2019-05-27,1652.0,2014.0,exact,exact,Delayed,True,حكومي,متأخر,"مكة المكرمة, منطقة مكة المكرمة"
واحة التقنية – Taif Techno Valley,False,Government,"['Government', 'Industrial', 'Scientific']",3,1000000000.0,35000000.0,Makkah Al-Mokarramah,الطائف,False,ok,True,,2030-12-31,,,,year-level,Under construction,False,حكومي,تحت الإنشاء,"منطقة مكة المكرمة, الطائف"
استكمال الدائري الثاني بمكة المكرمة,False,Government,"['Government', 'Infrastructure']",2,460000000.0,,Makkah Al-Mokarramah,مكة المكرمة,False,linear_distance_not_area,True,2012-05-27,2018-07-09,2234.0,2012.0,exact,exact,Delayed,True,حكومي,متأخر,"مكة المكرمة, منطقة مكة المكرمة"
محطة قطار الحرمين في مكة المكرمة – Makkah Haramain High-speed Railw...,True,Government,"['Government', 'Infrastructure']",2,3178231524.0,523000.0,Makkah Al-Mokarramah,مكة المكرمة,False,ok,True,2011-03-01,2018-09-25,2765.0,2011.0,month-level,exact,Completed,False,حكومي,مكتمل,"مكة المكرمة, منطقة مكة المكرمة"
توسعة المسعى – Masaa expansion,False,Government,"['Government', 'Religious/Charity']",2,,72000.0,Makkah Al-Mokarramah,مكة المكرمة,False,ok,False,2007-01-01,2009-12-31,1095.0,2007.0,year-level,year-level,Completed,False,حكومي,مكتمل,"مكة المكرمة, منطقة مكة المكرمة"
المحور الاشعاعي الشمالي بمكة المكرمة,False,Government,"['Government', 'Infrastructure']",2,,,Makkah Al-Mokarramah,مكة المكرمة,False,linear_distance_not_area,False,,,,,,,Announced,False,حكومي,معلن عنه,"مكة المكرمة, منطقة مكة المكرمة"
المركز الحضاري الشرقي بمكة المكرمة,False,Government,"['Commercial', 'Government', 'Health', 'Hospitality', 'Infrastructure', 'Leisure/Tourism', 'Residential']",7,,460000.0,Makkah Al-Mokarramah,مكة المكرمة,False,ok,False,,,,,,,Announced,False,حكومي,معلن عنه,"مكة المكرمة, منطقة مكة المكرمة"
المحور الاشعاعي الشرقي بمكة المكرمة,False,Government,"['Government', 'Infrastructure']",2,,9000.0,Makkah Al-Mokarramah,مكة المكرمة,False,ok,False,,,,,,,Announced,False,حكومي,معلن عنه,"مكة المكرمة, منطقة مكة المكرمة"
طريق الدائري الثالث بمكة المكرمة,False,Government,"['Government', 'Infrastructure']",2,1535000000.0,,Makkah Al-Mokarramah,مكة المكرمة,False,linear_distance_not_area,True,,2018-07-09,,,,exact,Delayed,True,حكومي,متأخر,"مكة المكرمة, منطقة مكة المكرمة"
قطار المشاعر – Mashaaer Metro,False,Government,"['Government', 'Infrastructure']",2,6650000000.0,,Makkah Al-Mokarramah,مكة المكرمة,False,empty,True,2008-02-01,2011-07-31,1276.0,2008.0,month-level,month-level,Completed,False,حكومي,مكتمل,"مكة المكرمة, منطقة مكة المكرمة"
مجمع وزارة الحج و العمرة في مكة المكرمة,False,Government,['Government'],1,183000000.0,21000.0,Makkah Al-Mokarramah,مكة المكرمة,False,ok,True,2013-02-28,,,2013.0,exact,,Under construction,False,حكومي,تحت الإنشاء,"مكة المكرمة, منطقة مكة المكرمة"
مبني محافظة الدرعية – Diriyah Governorate,False,Government,['Government'],1,37000001.0,,Al-Riyadh,الدرعية,False,empty,True,2012-02-01,2016-02-29,1489.0,2012.0,month-level,month-level,Completed,False,حكومي,مكتمل,"منطقة الرياض, الدرعية"
بلدية محافظة الدرعية – Addiriyah Municipality,False,Government,"['Commercial', 'Government']",2,,7000.0,Al-Riyadh,الدرعية,False,ok,False,2011-01-01,2015-11-19,1783.0,2011.0,year-level,exact,Completed,False,حكومي,مكتمل,"منطقة الرياض, الدرعية"
مترو الرياض | محطة غرناطة – Riyadh Metro | Granada Metro Station,False,Government,"['Government', 'Infrastructure']",2,,,Al-Riyadh,الرياض,False,empty,False,2014-04-04,2019-09-09,1984.0,2014.0,exact,exact,Under construction,False,حكومي,تحت الإنشاء,"منطقة الرياض, الرياض"
مترو الرياض | محطة مركز المعارض الدولي – Riyadh Metro |  RICEC...,True,Government,"['Government', 'Infrastructure']",2,,,Al-Riyadh,الرياض,False,empty,False,2014-04-04,2019-09-09,1984.0,2014.0,exact,exact,Under construction,False,حكومي,تحت الإنشاء,"منطقة الرياض, الرياض"
مترو الرياض | محطة كابسارك – Riyadh Metro | KAPSARC Metro Station,False,Government,"['Government', 'Infrastructure']",2,,,Al-Riyadh,الرياض,False,empty,False,2014-04-04,2019-09-09,1984.0,2014.0,exact,exact,Under construction,False,حكومي,تحت الإنشاء,"منطقة الرياض, الرياض"
مترو الرياض | محطة جامعة الإمام – Riyadh Metro | Imam University Metr...,True,Government,"['Government', 'Infrastructure']",2,,14900.0,Al-Riyadh,الرياض,False,ok,False,2014-04-04,2019-09-09,1984.0,2014.0,exact,exact,Under construction,False,حكومي,تحت الإنشاء,"منطقة الرياض, الرياض"
شبكة حافلات جدة – Jeddah Bus Network,False,Government,"['Government', 'Infrastructure']",2,,,Makkah Al-Mokarramah,جدة,False,empty,False,,,,,,,Announced,False,حكومي,معلن عنه,"منطقة مكة المكرمة, جدة"
قطارات جدة الخفيفة – Jeddah LRT,False,Government,"['Government', 'Infrastructure']",2,,,Makkah Al-Mokarramah,جدة,False,empty,False,,,,,,,Announced,False,حكومي,معلن عنه,"منطقة مكة المكرمة, جدة"
شبكة مترو جدة – Jeddah Metro Network,False,Government,"['Government', 'Infrastructure']",2,,,Makkah Al-Mokarramah,جدة,False,empty,False,,,,,,,Announced,False,حكومي,معلن عنه,"منطقة مكة المكرمة, جدة"
ترام الكورنيش – Corniche Tram,False,Government,"['Government', 'Infrastructure']",2,,,Makkah Al-Mokarramah,جدة,False,empty,False,,,,,,,Announced,False,حكومي,معلن عنه,"منطقة مكة المكرمة, جدة"
ابراج الخرج – AlKharj Towers,False,Government,"['Government', 'Residential']",2,,,Al-Riyadh,الخرج,False,empty,False,,,,,,,Announced,False,حكومي,معلن عنه,"منطقة الرياض, الخرج"
جدة داون تاون – Jeddah Downtown,False,Government,"['Commercial', 'Government', 'Hospitality', 'Residential']",4,18000000000.0,5200000.0,Makkah Al-Mokarramah,جدة,False,ok,True,2019-03-31,2029-12-31,3928.0,2019.0,exact,year-level,Announced,False,حكومي,معلن عنه,"منطقة مكة المكرمة, جدة"
مقر منظمة المؤتمر الإسلامي – Organization of the Islamic Conference Hea...,True,Government,"['Commercial', 'Government']",2,,40000.0,Makkah Al-Mokarramah,جدة,False,ok,False,,,,,,,Proposed,False,حكومي,المشاريع المقترحة,"منطقة مكة المكرمة, جدة"
مجمع الملك فيصل الطبي – King Faisal Medical Complex,False,Government,"['Government', 'Health']",2,601000000.0,155000.0,Makkah Al-Mokarramah,الطائف,False,ok,True,2004-03-01,2017-01-31,4719.0,2004.0,month-level,month-level,Completed,False,حكومي,مكتمل,"منطقة مكة المكرمة, الطائف"
مستشفى الولادة والاطفال بعنيزة – Childbirth and Children Hospital U...,True,Government,"['Government', 'Health']",2,288548157.0,200000.0,Al-Qaseem,عنيزة,False,ok,True,2015-03-11,2021-01-04,2126.0,2015.0,exact,exact,Under construction,False,حكومي,تحت الإنشاء,"منطقة القصيم, عنيزة"
مشروع الملك عبدالله لتطوير التعليم – King Abdullah Project for G...,True,Government,"['Education', 'Government']",2,5280000000.0,,Makkah Al-Mokarramah / Al-Riyadh,"مكة المكرمة, المزاحمية, البرابر, الجموم, الرياض, جدة",True,empty,True,2009-01-01,,,2009.0,year-level,,Under construction,False,حكومي,تحت الإنشاء,"مكة المكرمة, منطقة مكة المكرمة, منطقة الرياض, المزاحمية, البرابر, الجموم, الرياض, جدة"
مركز ومدرسة الفنون بالدرعية – Addiriyah arts centre and art school...,True,Government,"['Government', 'Leisure/Tourism', 'Scientific']",3,80000000.0,7615.0,Al-Riyadh,الدرعية,False,ok,True,,,,,,,Announced,False,حكومي,معلن عنه,"منطقة الرياض, الدرعية"
Riyadh Metro Museum – متحف مترو الرياض,False,Government,['Government'],1,,,Al-Riyadh,الرياض,False,empty,False,,,,,,,Under construction,False,حكومي,تحت الإنشاء,"منطقة الرياض, الرياض"
مقر الأحوال المدنية بثول فئة (د) – (Civil Affairs Office in Thuwal Ty...,True,Government,['Government'],1,,,Makkah Al-Mokarramah,ثول,False,empty,False,2016-01-01,,,2016.0,year-level,,Under construction,False,حكومي,تحت الإنشاء,"منطقة مكة المكرمة, ثول"
تقاطع ط.الأمير ماجد مع ش.عبد العزيز بن باز – Prince Majid Rd/...,True,Government,"['Government', 'Infrastructure']",2,49840584.0,,Makkah Al-Mokarramah,جدة,False,empty,True,2010-01-01,2011-03-31,454.0,2010.0,year-level,month-level,Completed,False,حكومي,مكتمل,"منطقة مكة المكرمة, جدة"
تقاطع ط.الأمير ماجد مع ش.حراء – Prince Majid Rd/Hira St Intersection...,True,Government,"['Government', 'Infrastructure']",2,100700000.0,,Makkah Al-Mokarramah,جدة,False,empty,True,2006-07-14,2010-10-04,1543.0,2006.0,exact,exact,Completed,False,حكومي,مكتمل,"منطقة مكة المكرمة, جدة"
تقاطع ط.الامير ماجد مع ش.الروضة – Prince Majid Rd/Rawdah St Intersect...,True,Government,"['Government', 'Infrastructure']",2,94066239.0,,Makkah Al-Mokarramah,جدة,False,empty,True,2007-04-19,2011-06-30,1533.0,2007.0,exact,month-level,Completed,False,حكومي,مكتمل,"منطقة مكة المكرمة, جدة"
تقاطع ط.الأمير ماجد مع ش.فلسطين – Prince Majid Rd/Palestine St Inters...,True,Government,"['Government', 'Infrastructure']",2,123624970.0,,Makkah Al-Mokarramah,جدة,False,empty,True,2009-10-01,2012-03-05,886.0,2009.0,month-level,exact,Completed,False,حكومي,مكتمل,"منطقة مكة المكرمة, جدة"
تقاطع ط.الأمير ماجد مع ش.صاري – Prince Majid Rd/Sari St Intersection...,True,Government,"['Government', 'Infrastructure']",2,79000000.0,,Makkah Al-Mokarramah,جدة,False,empty,True,2010-11-30,2012-01-21,417.0,2010.0,exact,exact,Completed,False,حكومي,مكتمل,"منطقة مكة المكرمة, جدة"
تقاطع ط.الأمير ماجد مع ش.الأمير محمد بن عبد العزيز – P...,True,Government,"['Government', 'Infrastructure']",2,137820094.0,,Makkah Al-Mokarramah,جدة,False,empty,True,2008-08-28,2013-07-31,1798.0,2008.0,exact,month-level,Completed,False,حكومي,مكتمل,"منطقة مكة المكرمة, جدة"
تقاطع ش.الامير ماجد مع ش.بني مالك – Prince Majid Rd/Bni Malik St Int...,True,Government,"['Government', 'Infrastructure']",2,91710855.0,,Makkah Al-Mokarramah,جدة,False,empty,True,2014-03-06,2015-07-21,502.0,2014.0,exact,exact,Completed,False,حكومي,مكتمل,"منطقة مكة المكرمة, جدة"
تقاطع ط.الأمير ماجد مع ش.عبدالله السليمان وباخشب – Pri...,True,Government,"['Government', 'Infrastructure']",2,,,Makkah Al-Mokarramah,جدة,False,empty,False,2009-01-01,2012-03-10,1164.0,2009.0,year-level,exact,Completed,False,حكومي,مكتمل,"منطقة مكة المكرمة, جدة"
تقاطع ش.فلسطين مع ش.الأمير متعب – Palestine St/Prince Mutaib bin Abdu...,True,Government,"['Government', 'Infrastructure']",2,79000000.0,,Makkah Al-Mokarramah,جدة,False,empty,True,2012-11-26,2014-12-07,741.0,2012.0,exact,exact,Completed,False,حكومي,مكتمل,"منطقة مكة المكرمة, جدة"
تقاطع ط.الملك عبدالعزيز مع ش.اسماعيل ابو داوود – King Ab...,True,Government,"['Government', 'Infrastructure']",2,31697728.0,,Makkah Al-Mokarramah,جدة,False,empty,True,2012-04-01,2014-05-25,784.0,2012.0,month-level,exact,Completed,False,حكومي,مكتمل,"منطقة مكة المكرمة, جدة"
توسعة المحكمة العامة بالرياض –  GENERAL COURTS EXTENSION,False,Government,['Government'],1,,109000.0,Al-Riyadh,الرياض,False,ok,False,,,,,,,Under construction,False,حكومي,تحت الإنشاء,"منطقة الرياض, الرياض"
القرية الاولمبية – The Olympic Village,False,Government,"['Government', 'Sports']",2,2000000000.0,,Makkah Al-Mokarramah / Al-Riyadh / Aseer / Eastern Region,"محايل عسير, الدمام, الرياض, جدة",True,empty,True,,2019-12-31,,,,year-level,Announced,False,حكومي,معلن عنه,"منطقة مكة المكرمة, منطقة الرياض, منطقة عسير, محايل عسير, المنطقة الشرقية, الدمام, الرياض, جدة"
تطوير عرقة القديمة – Old Arqah Development,False,Government,"['Commercial', 'Government', 'Hospitality', 'Leisure/Tourism']",4,,,Al-Riyadh,الرياض,False,empty,False,,,,,,,Announced,False,حكومي,معلن عنه,"منطقة الرياض, الرياض"
ساحة الاحتفالات والعروض – Square ceremonies and performances,False,Government,['Government'],1,69882220.0,133000.0,Al-Riyadh,الرياض,False,ok,True,,,,,,,Under construction,False,حكومي,تحت الإنشاء,"منطقة الرياض, الرياض"
مبنى سفارة قرغيزستان بالرياض –  Embassy of Kyrgyzstan in Riyadh,False,Government,['Government'],1,,1500.0,Al-Riyadh,الرياض,False,ok,False,,,,,,,Under construction,False,حكومي,تحت الإنشاء,"منطقة الرياض, الرياض"
مكتب مجلس الأمن القومي – National Security Council Office,False,Government,['Government'],1,,30775.0,Al-Riyadh,الرياض,False,ok,False,,,,,,,Completed,False,حكومي,مكتمل,"منطقة الرياض, الرياض"
مقر الهيئة العامة للطيران المدني – General Authority of Civil Avia...,True,Government,['Government'],1,543000000.0,297000.0,Al-Riyadh,الرياض,False,ok,True,2017-01-01,,,2017.0,year-level,,Under construction,False,حكومي,تحت الإنشاء,"منطقة الرياض, الرياض"
تطوير محطات قطار الرياض & الدمام – Riyadh & Dammam Railway...,True,Government,"['Government', 'Infrastructure']",2,,172250.0,Al-Riyadh / Eastern Region,"الدمام, الرياض",True,ok,False,,,,,,,Announced,False,حكومي,معلن عنه,"منطقة الرياض, المنطقة الشرقية, الدمام, الرياض"
المجمع الطبي لوزارة الدفاع – Military Medical Complex,False,Government,"['Government', 'Health', 'Infrastructure', 'Residential']",4,9300000000.0,9000000.0,Al-Riyadh,الرياض,False,ok,True,,,,,,,Announced,False,حكومي,معلن عنه,"منطقة الرياض, الرياض"
المباني الإدارية لوزارة الداخلية – Ministry of Interior Madinah B...,True,Government,['Government'],1,,182000.0,Al-Madinah Al-Monawarah,ينبع,False,ok,False,2015-06-01,2019-06-01,1461.0,2015.0,month-level,exact,Delayed,True,حكومي,متأخر,"ينبع, منطقة المدينة المنورة"
المباني الإضافية للمجمعات الحدودية – Southern Border Complexe...,True,Government,"['Government', 'Infrastructure', 'Sports']",3,,24000.0,Najran,نجران,False,ok,False,2018-01-01,2018-12-31,364.0,2018.0,year-level,year-level,Announced,False,حكومي,معلن عنه,"نجران, منطقة نجران"
تطوير شارع أم المؤمنين زينب الهلالية – Developing Um Al-Mo̵...,True,Government,"['Government', 'Infrastructure']",2,,109612.0,Makkah Al-Mokarramah,مكة المكرمة,False,ok,False,,,,,,,Announced,False,حكومي,معلن عنه,"مكة المكرمة, منطقة مكة المكرمة"
منازل الشلال – The Waterfall,False,Government,"['Commercial', 'Government', 'Residential']",3,,4887.0,Al-Riyadh,الرياض,False,ok,False,2010-01-01,,,2010.0,year-level,,Stalled,True,حكومي,متعثر,"منطقة الرياض, الرياض"
برج الهلال – Hilal Tower,False,Government,"['Commercial', 'Government', 'Residential']",3,,4869.0,Al-Riyadh,الرياض,False,ok,False,2010-06-01,,,2010.0,month-level,,Stalled,True,حكومي,متعثر,"منطقة الرياض, الرياض"
محزون بريمان الاستراتيجي – Briman Water Reservoirs,False,Government,"['Government', 'Infrastructure']",2,375000000.0,,Makkah Al-Mokarramah,جدة,False,empty,True,2012-11-01,2016-08-31,1399.0,2012.0,month-level,month-level,Completed,False,حكومي,مكتمل,"منطقة مكة المكرمة, جدة"
برج مقرنص – Muqarnas Tower,False,Government,"['Commercial', 'Government']",2,,,Al-Riyadh,الرياض,False,empty,False,2009-05-01,,,2009.0,month-level,,Stalled,True,حكومي,متعثر,"منطقة الرياض, الرياض"
جسور المشاة – Footbridges,False,Government,"['Government', 'Infrastructure']",2,264105269.0,,Makkah Al-Mokarramah,جدة,False,empty,True,2014-12-02,,,2014.0,exact,,Under construction,False,حكومي,تحت الإنشاء,"منطقة مكة المكرمة, جدة"
كلية نياجرا للسياحة والفندقة بالطائف – Niagara Taif Tourism &#...,True,Government,"['Education', 'Government']",2,64339743.0,,Makkah Al-Mokarramah,الطائف,False,empty,True,2011-11-07,2015-01-12,1162.0,2011.0,exact,exact,Completed,False,حكومي,مكتمل,"منطقة مكة المكرمة, الطائف"
المعهد الوطني للتدريب الصناعي – The National Industrial Training Ins...,True,Government,"['Education', 'Government']",2,464221707.0,365000.0,Eastern Region,الأحساء,False,ok,True,2012-06-04,2015-06-10,1101.0,2012.0,exact,exact,Completed,False,حكومي,مكتمل,"المنطقة الشرقية, الأحساء"
كلية نيسكوت –  Nescot Jeddah Female College,False,Government,"['Education', 'Government']",2,80257121.0,70000.0,Makkah Al-Mokarramah,جدة,False,ok,True,2010-01-01,2013-01-31,1126.0,2010.0,year-level,month-level,Completed,False,حكومي,مكتمل,"منطقة مكة المكرمة, جدة"
المعهد السعودي للتقنيات الألمانية – Saudi-German Institute for T...,True,Government,"['Education', 'Government']",2,150000000.0,74000.0,Makkah Al-Mokarramah,جدة,False,ok,True,2012-01-10,,,2012.0,exact,,Under construction,False,حكومي,تحت الإنشاء,"منطقة مكة المكرمة, جدة"
الكلية التقنية العالمية بجدة – International Technical College at Jed...,True,Government,"['Education', 'Government']",2,91483407.0,,Makkah Al-Mokarramah,جدة,False,empty,True,2010-01-01,2015-12-31,2190.0,2010.0,year-level,year-level,Completed,False,حكومي,مكتمل,"منطقة مكة المكرمة, جدة"
مقر فرع معهد الإدارة العامة – Institute of Public Administration Branch...,True,Government,"['Education', 'Government']",2,162000000.0,63750.0,Makkah Al-Mokarramah,جدة,False,ok,True,2010-02-01,2012-06-30,880.0,2010.0,month-level,month-level,Stalled,True,حكومي,متعثر,"منطقة مكة المكرمة, جدة"
إسكان تربة – Turubah Housing,False,Government,"['Government', 'Infrastructure']",2,,495708.0,Makkah Al-Mokarramah,تربة,False,ok,False,2014-05-21,2016-07-25,796.0,2014.0,exact,exact,Delayed,True,حكومي,متأخر,"منطقة مكة المكرمة, تربة"
المحكمة الإدارية لديوان المظالم – Administrative Court,False,Government,"['Commercial', 'Government']",2,262609864.0,25000.0,Makkah Al-Mokarramah,جدة,False,ok,True,2016-02-23,2019-06-30,1223.0,2016.0,exact,month-level,Delayed,True,حكومي,متأخر,"منطقة مكة المكرمة, جدة"
إسكان الكامل – Al Kamel Housing,False,Government,"['Government', 'Infrastructure']",2,93388721.0,401602.0,Makkah Al-Mokarramah,الكامل,False,ok,True,2014-05-15,,,2014.0,exact,,Under construction,False,حكومي,تحت الإنشاء,"منطقة مكة المكرمة, الكامل"
مقر الرئاسة العامة للارصاد وحماية البيئة – Presidency of Me...,True,Government,['Government'],1,95000000.0,50000.0,Makkah Al-Mokarramah,جدة,False,ok,True,2008-09-01,2012-11-01,1522.0,2008.0,month-level,exact,Completed,False,حكومي,مكتمل,"منطقة مكة المكرمة, جدة"
مركز القصيم العلمي – Al Qassim Science Center,False,Government,"['Government', 'Scientific']",2,50000000.0,40000.0,Al-Qaseem,عنيزة,False,ok,True,2015-03-01,,,2015.0,month-level,,Under construction,False,حكومي,تحت الإنشاء,"منطقة القصيم, عنيزة"
تطوير المنطقة المركزية بعنيزة – Development of City Centre Unaizah...,True,Government,"['Government', 'Infrastructure']",2,100000000.0,580000.0,Al-Qaseem,عنيزة,False,ok,True,2014-09-28,2016-03-22,541.0,2014.0,exact,exact,Delayed,True,حكومي,متأخر,"منطقة القصيم, عنيزة"
محور الحرمين – Mehwar Al Haramain,False,Government,"['Government', 'Hospitality', 'Residential']",3,,4827000.0,Makkah Al-Mokarramah,مكة المكرمة,False,ok,False,,,,,,,Announced,False,حكومي,معلن عنه,"مكة المكرمة, منطقة مكة المكرمة"
درب المشاعر – Darb Al Mashaer,False,Government,"['Commercial', 'Government', 'Hospitality', 'Residential']",4,7000000000.0,98562.0,Makkah Al-Mokarramah,مكة المكرمة,False,ok,True,,,,,,,Announced,False,حكومي,معلن عنه,"مكة المكرمة, منطقة مكة المكرمة"
مبنى بلدية طبرجل – Tabarjal Municipality Building,False,Government,['Government'],1,30683575.0,75000.0,Al-Jouf,طبرجل,False,ok,True,2015-04-01,,,2015.0,month-level,,Under construction,False,حكومي,تحت الإنشاء,"منطقة الجوف, طبرجل"
مباني وزارة العدل بمجمع الدوائر الحكومية – Ministry of Just...,True,Government,['Government'],1,,35000.0,Al-Riyadh,الرياض,False,ok,False,,,,,,,Announced,False,حكومي,معلن عنه,"منطقة الرياض, الرياض"
مبنى مركز التحكم الوطني للطاقة – National control center building...,True,Government,"['Government', 'Industrial']",2,150000000.0,10500.0,Al-Riyadh,الرياض,False,ok,True,2013-11-01,2017-01-31,1187.0,2013.0,month-level,month-level,Delayed,True,حكومي,متأخر,"منطقة الرياض, الرياض"
توسعة ملعب الأمير عبدالله الفيصل –  Prince Abdullah Al-Faisal Stad...,True,Government,"['Government', 'Sports']",2,150000000.0,,Makkah Al-Mokarramah,جدة,False,empty,True,2012-05-19,2014-10-13,877.0,2012.0,exact,exact,Stalled,True,حكومي,متعثر,"منطقة مكة المكرمة, جدة"
مركز الامير سلطان الحضاري بالرس – Prince Sultan Cultural Center Ras...,True,Government,['Government'],1,53700000.0,57500.0,Al-Qaseem,الرس,False,ok,True,,2017-03-31,,,,month-level,Completed,False,حكومي,مكتمل,"منطقة القصيم, الرس"
توسعة المحكمة العامة – General Court Expansion,False,Government,['Government'],1,,,Makkah Al-Mokarramah,جدة,False,empty,False,,,,,,,Proposed,False,حكومي,المشاريع المقترحة,"منطقة مكة المكرمة, جدة"
محطة الفحص الدوري للسيارات 2 – Motor Vehicle Periodical Inspection Stat...,True,Government,['Government'],1,,33000.0,Makkah Al-Mokarramah,جدة,False,ok,False,2014-03-22,2017-04-01,1106.0,2014.0,exact,exact,Delayed,True,حكومي,متأخر,"منطقة مكة المكرمة, جدة"
المجمع الطبي الأمني لوزارة الداخلية – Security Forces Medical C...,True,Government,"['Government', 'Health', 'Residential']",3,11330757975.0,2500000.0,Makkah Al-Mokarramah,جدة,False,ok,True,2013-04-16,,,2013.0,exact,,Under construction,False,حكومي,تحت الإنشاء,"منطقة مكة المكرمة, جدة"
إسكان الرس – Ar Rass Housing Project,False,Government,"['Government', 'Residential']",2,45000000.0,245000.0,Al-Qaseem,الرس,False,ok,True,2010-10-15,2012-10-15,731.0,2010.0,exact,exact,Stalled,True,حكومي,متعثر,"منطقة القصيم, الرس"
إسكان اعضاء هيئة التدريس بجامعة الملك عبدالعزيز –  Fa...,True,Government,"['Government', 'Residential']",2,1288153974.0,735062.0,Makkah Al-Mokarramah,جدة,False,ok,True,2010-10-06,2014-10-23,1478.0,2010.0,exact,exact,Delayed,True,حكومي,متأخر,"منطقة مكة المكرمة, جدة"
الرعاية البيطرية العالمية – International Animal Care,False,Government,"['Government', 'Health']",2,,1508.0,Makkah Al-Mokarramah,جدة,False,ok,False,2016-02-01,,,2016.0,month-level,,Under construction,False,حكومي,تحت الإنشاء,"منطقة مكة المكرمة, جدة"
جادة الشفا – Alshefa Boulevard,False,Government,"['Commercial', 'Government', 'Hospitality', 'Infrastructure', 'Leisure/Tourism']",5,90000000.0,6000000.0,Makkah Al-Mokarramah,"مكة المكرمة, الطائف",False,ok,True,,,,,,,Under construction,False,حكومي,تحت الإنشاء,"مكة المكرمة, الطائف"
سُكنى – Sukna,False,Government,"['Commercial', 'Government', 'Religious/Charity', 'Residential', 'Sports']",5,,1414221.0,Makkah Al-Mokarramah,جدة,False,ok,False,2016-11-01,2020-12-31,1521.0,2016.0,month-level,year-level,Under construction,False,حكومي,تحت الإنشاء,"منطقة مكة المكرمة, جدة"
المختبر الإقليمي وبنك الدم المركزي بحفر الباطن – Hafar...,True,Government,"['Government', 'Health']",2,8157193.0,5000.0,Eastern Region,حفر الباطن,False,ok,True,2015-10-09,2017-03-09,517.0,2015.0,exact,exact,Completed,False,حكومي,مكتمل,"المنطقة الشرقية, حفر الباطن"
الاكاديمية السعودية للطياران – Saudi Aviation Flight Academy,False,Government,"['Government', 'Scientific']",2,50000000.0,23504.0,Al-Riyadh,,False,ok,True,2014-01-01,,,2014.0,year-level,,Under construction,False,حكومي,تحت الإنشاء,منطقة الرياض
المركز الحضارى – Cultural Centre,False,Government,"['Government', 'Hospitality', 'Leisure/Tourism']",3,55103493.0,913000.0,Eastern Region,حفر الباطن,False,ok,True,2014-01-05,,,2014.0,exact,,Under construction,False,حكومي,تحت الإنشاء,"المنطقة الشرقية, حفر الباطن"
تطوير ميدان الجنادرية – JANADARIYA SQUARE,False,Government,"['Government', 'Infrastructure']",2,,,Al-Riyadh,الرياض,False,empty,False,,,,,,,Proposed,False,حكومي,المشاريع المقترحة,"منطقة الرياض, الرياض"
تطوير استاد الملك فهد الدولي – King Fahd Stadium Development,False,Government,"['Government', 'Infrastructure']",2,,,Al-Riyadh,الرياض,False,empty,False,,,,,,,Proposed,False,حكومي,المشاريع المقترحة,"منطقة الرياض, الرياض"
فرع الهيئة العامة للغذاء والدواء بالمنطقة الشرقية –...,True,Government,['Government'],1,,,Eastern Region,الدمام,False,empty,False,,,,,,,Under construction,False,حكومي,تحت الإنشاء,"المنطقة الشرقية, الدمام"
هيئة حقوق الإنسان – The Human Rights Commission,False,Government,['Government'],1,,45000.0,Al-Riyadh,الرياض,False,ok,False,,,,,,,Announced,False,حكومي,معلن عنه,"منطقة الرياض, الرياض"
مقر وزارة العمل والتنمية الاجتماعية – Ministry of Labor and Soc...,True,Government,['Government'],1,,224000.0,Al-Riyadh,الرياض,False,ok,False,,,,,,,Announced,False,حكومي,معلن عنه,"منطقة الرياض, الرياض"
مقر هيئة التحقيق والادعاء العام – The Bureau Of Investigation and P...,True,Government,['Government'],1,,224100.0,Al-Riyadh,الرياض,False,ok,False,,,,,,,Announced,False,حكومي,معلن عنه,"منطقة الرياض, الرياض"
ضاحية الاصفر في الأحساء –  Dahyat Al Asfar in Al-Ahsa,False,Government,"['Commercial', 'Government', 'Infrastructure']",3,,55000000.0,Eastern Region,الأحساء,False,ok,False,,,,,,,Announced,False,حكومي,معلن عنه,"المنطقة الشرقية, الأحساء"
تطوير حي الدحو – Addoho Quarter Renewal,False,Government,"['Commercial', 'Government', 'Hospitality', 'Infrastructure', 'Leisure/Tourism']",5,,40468.6,Al-Riyadh,الرياض,False,ok,False,,,,,,,Under construction,False,حكومي,تحت الإنشاء,"منطقة الرياض, الرياض"
مبنى وزارة الخدمة المدنية – Ministry of Civil Services Building,False,Government,['Government'],1,284478441.0,22100.0,Al-Riyadh,الرياض,False,ok,True,2015-03-11,2018-06-12,1189.0,2015.0,exact,exact,Stalled,True,حكومي,متعثر,"منطقة الرياض, الرياض"
قصر العارض للإحتفالات – AL-AREDH Ceremony Hall,False,Government,['Government'],1,500000000.0,,Al-Riyadh,الرياض,False,empty,True,2016-12-16,2018-12-17,731.0,2016.0,exact,exact,Announced,False,حكومي,معلن عنه,"منطقة الرياض, الرياض"
برج شركة المياه الوطنية – NWC Tower,False,Government,"['Commercial', 'Government']",2,,3750.0,Al-Riyadh,الرياض,False,ok,False,,,,,,,Proposed,False,حكومي,المشاريع المقترحة,"منطقة الرياض, الرياض"
دراسة الأماكن العامة والطرق في مكة المكرمة – Makkah Public...,True,Government,"['Government', 'Infrastructure']",2,,,Makkah Al-Mokarramah,مكة المكرمة,False,empty,False,,,,,,,Proposed,False,حكومي,المشاريع المقترحة,"مكة المكرمة, منطقة مكة المكرمة"
معهد الأمير سعود الفيصل للدراسات الدبلوماسية – Prince S...,True,Government,['Government'],1,250000000.0,46000.0,Al-Riyadh,الرياض,False,ok,True,2014-05-01,2017-05-01,1096.0,2014.0,month-level,exact,Delayed,True,حكومي,متأخر,"منطقة الرياض, الرياض"
منفذ الركاب بحالة عمار – Halat Ammar Pasenger Port,False,Government,"['Government', 'Infrastructure']",2,835310898.0,,Tabouk,تبوك,False,empty,True,2015-07-01,2017-06-09,709.0,2015.0,month-level,exact,Announced,False,حكومي,معلن عنه,"منطقة تبوك, تبوك"
مقر هيئة تطوير المدينة المنورة – Madinah Development Authority Headq...,True,Government,"['Commercial', 'Government']",2,,11656.0,Al-Madinah Al-Monawarah,المدينة المنورة,False,ok,False,,,,,,,Announced,False,حكومي,معلن عنه,"منطقة المدينة المنورة, المدينة المنورة"
قصر طويق..نموذج حي لتطبيق معايير العمارة المحلية في صور...,True,Government,['Government'],1,,,Al-Riyadh,الرياض,False,empty,False,,,,,,,Completed,False,حكومي,مكتمل,"منطقة الرياض, الرياض"
إسكان الدمام الجنوبي,False,Government,"['Government', 'Infrastructure', 'Residential']",3,1082741882.0,5901351.0,Eastern Region,الدمام,False,ok,True,2013-10-21,2015-10-11,720.0,2013.0,exact,exact,Delayed,True,حكومي,متأخر,"المنطقة الشرقية, الدمام"
إسكان الدمام الشمالي,False,Government,"['Government', 'Infrastructure', 'Residential']",3,669206017.0,3934234.0,Eastern Region,الدمام,False,ok,True,2013-09-30,2015-09-08,708.0,2013.0,exact,exact,Delayed,True,حكومي,متأخر,"المنطقة الشرقية, الدمام"
توسعة وزارة المالية,False,Government,['Government'],1,80000000.0,3200.0,Makkah Al-Mokarramah,جدة,False,ok,True,,,,,,,Proposed,False,حكومي,المشاريع المقترحة,"منطقة مكة المكرمة, جدة"
إسكان أبها – التعاون,False,Government,"['Government', 'Infrastructure', 'Residential']",3,378100000.0,999774.0,Aseer,أبها,False,ok,True,2013-01-21,2015-12-31,1074.0,2013.0,exact,year-level,Delayed,True,حكومي,متأخر,"منطقة عسير, أبها"
إسكان خميس مشيط,False,Government,"['Government', 'Infrastructure', 'Residential']",3,130304594.0,4901633.0,Aseer,خميس مشيط,False,ok,True,2014-06-04,2016-05-24,720.0,2014.0,exact,exact,Delayed,True,حكومي,متأخر,"منطقة عسير, خميس مشيط"
إسكان جدة الأمير فواز الجنوبي –   Prince Fawaz Housing Project SOUTH...,True,Government,"['Government', 'Infrastructure', 'Residential']",3,480466305.0,2675225.0,Makkah Al-Mokarramah,جدة,False,ok,True,2013-09-09,2015-09-09,730.0,2013.0,exact,exact,Delayed,True,حكومي,متأخر,"منطقة مكة المكرمة, جدة"
إسكان شمال مطار جدة,False,Government,"['Government', 'Infrastructure', 'Residential']",3,338494446.0,1999999.0,Makkah Al-Mokarramah,جدة,False,ok,True,2013-08-18,2015-08-17,729.0,2013.0,exact,exact,Delayed,True,حكومي,متأخر,"منطقة مكة المكرمة, جدة"
جسر الجمرات – Jamarat Bridge,False,Government,"['Government', 'Religious/Charity']",2,4500000000.0,358000.0,Makkah Al-Mokarramah,مكة المكرمة,False,ok,True,2006-01-16,2009-11-07,1391.0,2006.0,exact,exact,Completed,False,حكومي,مكتمل,"مكة المكرمة, منطقة مكة المكرمة"
ميناء جدة الإسلامي,False,Government,"['Commercial', 'Government', 'Infrastructure']",3,,11200000.0,Makkah Al-Mokarramah,جدة,False,ok,False,1976-01-01,,,1976.0,year-level,,Completed,False,حكومي,مكتمل,"منطقة مكة المكرمة, جدة"
حديقة الجبيل الإقليمية,False,Government,"['Government', 'Leisure/Tourism']",2,,40000000.0,Eastern Region,الجبيل,False,ok,False,,2030-12-31,,,,year-level,Proposed,False,حكومي,المشاريع المقترحة,"المنطقة الشرقية, الجبيل"
كلية الجبيل الجامعية,False,Government,"['Government', 'Residential', 'Scientific']",3,,2000000.0,Eastern Region,"الجبيل, الجبيل الصناعية",False,ok,False,2015-08-14,2019-12-31,1600.0,2015.0,exact,year-level,Under construction,False,حكومي,تحت الإنشاء,"الجبيل, الجبيل الصناعية"
الصالة الملكية,False,Government,"['Government', 'Infrastructure']",2,,8500.0,Makkah Al-Mokarramah,جدة,False,ok,False,,,,,,,Completed,False,حكومي,مكتمل,"منطقة مكة المكرمة, جدة"
صالة الحجاج,False,Government,"['Government', 'Infrastructure']",2,4000000000.0,400000.0,Makkah Al-Mokarramah,جدة,False,ok,True,1975-07-01,1982-12-31,2740.0,1975.0,month-level,year-level,Completed,False,حكومي,مكتمل,"منطقة مكة المكرمة, جدة"
قرية البيضاء المستدامة,False,Government,"['Government', 'Infrastructure', 'Residential']",3,,1000000.0,Makkah Al-Mokarramah,بحرة,False,ok,False,,,,,,,Under construction,False,حكومي,تحت الإنشاء,"منطقة مكة المكرمة, بحرة"
واحة الملك عبدالله للحوار الحضاري,False,Government,"['Government', 'Religious/Charity']",2,,,Makkah Al-Mokarramah,مكة المكرمة,False,empty,False,,,,,,,Announced,False,حكومي,معلن عنه,"مكة المكرمة, منطقة مكة المكرمة"
مركز الملك عبدالعزيز التاريخي,False,Government,"['Government', 'Leisure/Tourism']",2,,440000.0,Al-Riyadh,الرياض,False,ok,False,,1999-01-23,,,,exact,Completed,False,حكومي,مكتمل,"منطقة الرياض, الرياض"
سكن منسوبي وزارة الحرس الوطني,False,Government,"['Commercial', 'Education', 'Government', 'Health', 'Religious/Charity', 'Residential']",6,1500000000.0,718468.0,Makkah Al-Mokarramah,مدينة الملك عبدالله الاقتصادية,False,ok,True,,2017-12-31,,,,year-level,Delayed,True,حكومي,متأخر,"منطقة مكة المكرمة, مدينة الملك عبدالله الاقتصادية"
متحف جازان الإقليمي,False,Government,"['Government', 'Leisure/Tourism']",2,,10800.0,Jazan,جازان,False,ok,False,,,,,,,Proposed,False,حكومي,المشاريع المقترحة,"منطقة جازان, جازان"
‏المركز الإداري بعرقة,False,Government,['Government'],1,,,Al-Riyadh,الرياض,False,empty,False,,,,,,,Announced,False,حكومي,معلن عنه,"منطقة الرياض, الرياض"
المركز الإداري بالبطحاء,False,Government,['Government'],1,,138000.0,Al-Riyadh,الرياض,False,ok,False,,,,,,,Announced,False,حكومي,معلن عنه,"منطقة الرياض, الرياض"
المركز الإداري بالحاير – Administrative Centers Ha’ir,False,Government,['Government'],1,199999600.0,88825.0,Al-Riyadh,الرياض,False,ok,True,2014-07-02,2016-12-03,885.0,2014.0,exact,exact,Delayed,True,حكومي,متأخر,"منطقة الرياض, الرياض"
المركز الإداري بنمار – Administrative Centers Namar,False,Government,['Government'],1,238642000.0,79461.0,Al-Riyadh,الرياض,False,ok,True,2013-02-23,2015-07-28,885.0,2013.0,exact,exact,Delayed,True,حكومي,متأخر,"منطقة الرياض, الرياض"
المركز الإداري بالعريجاء – Administrative Centers Uraiyja’a,False,Government,['Government'],1,203526950.0,78462.0,Al-Riyadh,الرياض,False,ok,True,2013-02-23,2015-07-28,885.0,2013.0,exact,exact,Delayed,True,حكومي,متأخر,"منطقة الرياض, الرياض"
المركز الإداري بالعزيزية – Administrative Centers Aziziya,False,Government,['Government'],1,199665710.0,79975.0,Al-Riyadh,الرياض,False,ok,True,2014-01-28,2016-06-30,884.0,2014.0,exact,month-level,Delayed,True,حكومي,متأخر,"منطقة الرياض, الرياض"
المركز الإداري بالشفاء – Administrative Centers Shifa’a,False,Government,['Government'],1,163024140.0,122829.0,Al-Riyadh,الرياض,False,ok,True,2013-02-23,2015-07-28,885.0,2013.0,exact,exact,Delayed,True,حكومي,متأخر,"منطقة الرياض, الرياض"
برج مستشفى الإيمان العام,False,Government,"['Government', 'Health']",2,,,Al-Riyadh,الرياض,False,empty,False,,,,,,,Under construction,False,حكومي,تحت الإنشاء,"منطقة الرياض, الرياض"
المركز الإداري بالسلي – Administrative Centers Al Sulai,False,Government,['Government'],1,170000000.0,120477.0,Al-Riyadh,الرياض,False,ok,True,2012-01-01,2016-08-01,1674.0,2012.0,year-level,exact,Completed,False,حكومي,مكتمل,"منطقة الرياض, الرياض"
تطوير وتأهيل مركز الملك خالد الحضاري ببريدة,False,Government,['Government'],1,,,Al-Qaseem,بريدة,False,empty,False,,,,,,,Under construction,False,حكومي,تحت الإنشاء,"منطقة القصيم, بريدة"
المبنى الرئيسي لوزارة البيئة والمياة والزراعة بالرياض...,True,Government,['Government'],1,223477306.0,,Al-Riyadh,الرياض,False,empty,True,2012-12-26,2014-12-30,734.0,2012.0,exact,exact,Delayed,True,حكومي,متأخر,"منطقة الرياض, الرياض"
الحرم الجامعي لجامعة بيشة,False,Government,"['Education', 'Government']",2,,10000000.0,Aseer,بيشة,False,ok,False,,,,,,,Under construction,False,حكومي,تحت الإنشاء,"منطقة عسير, بيشة"
مبنى بلدية عفيف,False,Government,['Government'],1,,,Al-Riyadh,عفيف,False,empty,False,,,,,,,Under construction,False,حكومي,تحت الإنشاء,"منطقة الرياض, عفيف"
المدينة الطبية الخاصة بوزارة الداخلية بمدينة الرياض ...,True,Government,"['Government', 'Health']",2,10367827110.0,2500000.0,Al-Riyadh,الرياض,False,ok,True,2014-06-30,,,2014.0,exact,,Under construction,False,حكومي,تحت الإنشاء,"منطقة الرياض, الرياض"
مبنى بلدية خميس مشيط,False,Government,['Government'],1,38423469.0,15000.0,Aseer,خميس مشيط,False,ok,True,,,,,,,Under construction,False,حكومي,تحت الإنشاء,"منطقة عسير, خميس مشيط"
برج مياه خميس مشيط,False,Government,"['Government', 'Infrastructure', 'Leisure/Tourism']",3,102288760.0,8000.0,Aseer,خميس مشيط,False,ok,True,,2013-04-04,,,,exact,Delayed,True,حكومي,متأخر,"منطقة عسير, خميس مشيط"
مدينة الأمير محمد بن عبدالعزيز الطبية بالجوف – Prince Mo...,True,Government,"['Government', 'Health']",2,2500000000.0,2000000.0,Al-Jouf,سكاكا,False,ok,True,2013-04-16,2022-04-16,3287.0,2013.0,exact,exact,Under construction,False,حكومي,تحت الإنشاء,"منطقة الجوف, سكاكا"
مقر الغرفة التجارية بحفر الباطن,False,Government,['Government'],1,10000000.0,2375.0,Eastern Region,حفر الباطن,False,ok,True,2009-10-01,2015-10-01,2191.0,2009.0,month-level,exact,Completed,False,حكومي,مكتمل,"المنطقة الشرقية, حفر الباطن"
مستشفى جامعة الملك فيصل – King Faisal University Hospital,False,Government,"['Education', 'Government', 'Health']",3,492855427.0,145000.0,Eastern Region,الأحساء,False,ok,True,2011-01-07,2017-04-03,2278.0,2011.0,exact,exact,Delayed,True,حكومي,متأخر,"المنطقة الشرقية, الأحساء"
مدينة الملك فيصل الطبية – King Faisal Medical City,False,Government,"['Government', 'Health']",2,4200000000.0,1500000.0,Aseer,أبها,False,ok,True,2012-02-01,2019-02-01,2557.0,2012.0,month-level,exact,Delayed,True,حكومي,متأخر,"منطقة عسير, أبها"
مبنى العيادات الخارجية -مستشفى الملك فهد,False,Government,"['Government', 'Health', 'Infrastructure']",3,49947540.0,7500.0,Al-Madinah Al-Monawarah,المدينة المنورة,False,ok,True,2012-12-17,2014-12-17,730.0,2012.0,exact,exact,Stalled,True,حكومي,متعثر,"منطقة المدينة المنورة, المدينة المنورة"
نفق طريق الملك عبدالله مع طريق الملك فهد وطريق الأمير ف...,True,Government,"['Government', 'Infrastructure']",2,400000000.0,,Al-Qaseem,بريدة,False,linear_distance_not_area,True,,,,,,,Under construction,False,حكومي,تحت الإنشاء,"منطقة القصيم, بريدة"
مقر الهيئة الملكية بينبع – Royal Commission Headquarters At Yanbu,False,Government,['Government'],1,299000000.0,44372.0,Al-Madinah Al-Monawarah,ينبع,False,ok,True,2012-05-01,2016-11-30,1674.0,2012.0,month-level,month-level,Delayed,True,حكومي,متأخر,"ينبع, منطقة المدينة المنورة"
إعادة تأهيل نفقي طريق الملك سعود المتقاطعين مع طريق ال�...,True,Government,"['Government', 'Infrastructure']",2,,,Al-Riyadh,الرياض,False,empty,False,2016-05-27,,,2016.0,exact,,Under construction,False,حكومي,تحت الإنشاء,"منطقة الرياض, الرياض"
مجمع نادي منسوبي الحرس الوطني بالرياض,False,Government,"['Government', 'Leisure/Tourism', 'Sports']",3,,250000.0,Al-Riyadh,الرياض,False,ok,False,2016-05-01,2017-05-01,365.0,2016.0,month-level,exact,Delayed,True,حكومي,متأخر,"منطقة الرياض, الرياض"
جسر تقاطع شارع التخصصي مع طريق مكة المكرمة,False,Government,"['Government', 'Infrastructure']",2,70035899.0,,Al-Riyadh,الرياض,False,linear_distance_not_area,True,2012-07-06,2016-07-12,1467.0,2012.0,exact,exact,Delayed,True,حكومي,متأخر,"منطقة الرياض, الرياض"
مبنى أمانة محافظة الطائف,False,Government,"['Government', 'Infrastructure']",2,144000000.0,47000.0,Makkah Al-Mokarramah,الطائف,False,ok,True,,,,,,,Under construction,False,حكومي,تحت الإنشاء,"منطقة مكة المكرمة, الطائف"
برج مياه عرعر,False,Government,"['Government', 'Infrastructure']",2,75000000.0,,Northern Borders,عرعر,False,empty,True,2014-08-14,,,2014.0,exact,,Under construction,False,حكومي,تحت الإنشاء,"منطقة الحدود الشمالية, عرعر"
المعهد الصناعي الثانوي -محافظة الغزالة,False,Government,"['Education', 'Government']",2,32242388.0,,Hail,الغزالة,False,empty,True,2015-05-01,,,2015.0,month-level,,Under construction,False,حكومي,تحت الإنشاء,"منطقة حائل, الغزالة"
الكلية التقنية للبنات- محافظة الغزالة,False,Government,"['Education', 'Government']",2,84966192.0,,Hail,الغزالة,False,empty,True,2015-02-16,,,2015.0,exact,,Under construction,False,حكومي,تحت الإنشاء,"منطقة حائل, الغزالة"
استاد جامعة الملك فيصل,False,Government,"['Government', 'Sports']",2,80000000.0,50000.0,Eastern Region,الأحساء,False,ok,True,2014-02-01,,,2014.0,month-level,,Under construction,False,حكومي,تحت الإنشاء,"المنطقة الشرقية, الأحساء"
المركز السعودي لزراعة الأعضاء ومركز الملك سلمان لأمرا�...,True,Government,"['Government', 'Health']",2,,12575.0,Al-Riyadh,الرياض,False,ok,False,,,,,,,Completed,False,حكومي,مكتمل,"منطقة الرياض, الرياض"
مستشفى الملك عبدالله التخصصي بالقصيم – King Abdullah Specialis...,True,Government,"['Government', 'Health']",2,,1339000.0,Al-Qaseem,بريدة,False,ok,False,2016-03-01,2019-03-01,1095.0,2016.0,month-level,exact,Delayed,True,حكومي,متأخر,"منطقة القصيم, بريدة"
مؤسسة رعاية الفتيات- جازان,False,Government,['Government'],1,60000000.0,6700.0,Jazan,جازان,False,ok,True,2014-12-10,2017-11-12,1068.0,2014.0,exact,exact,Delayed,True,حكومي,متأخر,"منطقة جازان, جازان"
مركز رعاية الأطفال المعوقين – The Center for Children with Special Nee...,True,Government,['Government'],1,16000000.0,10000.0,Jazan,جازان,False,ok,True,2014-02-27,,,2014.0,exact,,Under construction,False,حكومي,تحت الإنشاء,"منطقة جازان, جازان"
مركز معارض الرياض الدولي,False,Government,"['Commercial', 'Education', 'Government', 'Industrial', 'Leisure/Tourism', 'Religious/Charity']",6,,189000.0,Al-Riyadh,الرياض,False,ok,False,,2008-12-31,,,,year-level,Completed,False,حكومي,مكتمل,"منطقة الرياض, الرياض"
جامعة الملك سعود بن عبد العزيز للعلوم الصحية الرياض ̵...,True,Government,"['Education', 'Government', 'Health']",3,,6000000.0,Al-Riyadh,الرياض,False,ok,False,2008-05-13,2013-04-23,1806.0,2008.0,exact,exact,Completed,False,حكومي,مكتمل,"منطقة الرياض, الرياض"
مقر وزارة التعليم – الرياض,False,Government,['Government'],1,524000000.0,225000.0,Al-Riyadh,الرياض,False,ok,True,2007-07-08,2010-02-03,941.0,2007.0,exact,exact,Completed,False,حكومي,مكتمل,"منطقة الرياض, الرياض"
مشروع مجمع محاكم,False,Government,['Government'],1,,151000.0,Makkah Al-Mokarramah,مكة المكرمة,False,ok,False,,,,,,,Announced,False,حكومي,معلن عنه,"مكة المكرمة, منطقة مكة المكرمة"
تطوير الموقع العام بجامعة شقراء,False,Government,"['Education', 'Government', 'Infrastructure']",3,64631782.0,5100000.0,Al-Riyadh,شقراء,False,ok,True,2012-08-31,2015-07-20,1053.0,2012.0,exact,exact,Completed,False,حكومي,مكتمل,"منطقة الرياض, شقراء"
جامعة حائل – Hail University,False,Government,"['Education', 'Government', 'Infrastructure']",3,553000000.0,9000000.0,Hail,حائل,False,ok,True,,,,,,,Under construction,False,حكومي,تحت الإنشاء,"منطقة حائل, حائل"
مبنى ديوان المراقبة العامة,False,Government,['Government'],1,16975981.0,,Al-Madinah Al-Monawarah,المدينة المنورة,False,empty,True,2014-09-08,,,2014.0,exact,,Under construction,False,حكومي,تحت الإنشاء,"منطقة المدينة المنورة, المدينة المنورة"
شاطئ السيف – Saif Beach,False,Government,"['Commercial', 'Government', 'Leisure/Tourism', 'Sports']",4,70200000.0,350000.0,Makkah Al-Mokarramah,جدة,False,ok,True,2015-01-01,2016-01-26,390.0,2015.0,year-level,exact,Completed,False,حكومي,مكتمل,"منطقة مكة المكرمة, جدة"
مدينة الخرج الرياضية – Al Kharj Sport Center,False,Government,"['Government', 'Sports']",2,119780085.0,140000.0,Al-Riyadh,الخرج,False,ok,True,2012-08-28,2015-03-14,928.0,2012.0,exact,exact,Stalled,True,حكومي,متعثر,"منطقة الرياض, الخرج"
مؤسسة رعاية الفتيات-حائل,False,Government,"['Government', 'Religious/Charity']",2,41039813.0,,Hail,حائل,False,empty,True,2015-02-21,,,2015.0,exact,,Under construction,False,حكومي,تحت الإنشاء,"منطقة حائل, حائل"
مبنى المحكمة الجزائية,False,Government,['Government'],1,55677562.0,,Hail,حائل,False,empty,True,2014-04-30,,,2014.0,exact,,Under construction,False,حكومي,تحت الإنشاء,"منطقة حائل, حائل"
المستشفى التخصصي جازان –  Jizan Specialized Hospital,False,Government,"['Government', 'Health']",2,719278164.0,366944.0,Jazan,جازان,False,ok,True,2012-12-24,,,2012.0,exact,,Under construction,False,حكومي,تحت الإنشاء,"منطقة جازان, جازان"
برج جامعة جازان – Jazan University Tower,False,Government,"['Commercial', 'Government']",2,214000000.0,,Jazan,جازان,False,empty,True,2012-12-07,2017-02-23,1539.0,2012.0,exact,exact,Completed,False,حكومي,مكتمل,"منطقة جازان, جازان"
مركز الأبحاث الطبية بجامعة الملك سعود,False,Government,"['Education', 'Government', 'Health', 'Scientific']",4,,12000.0,Al-Riyadh,الدرعية,False,ok,False,,,,,,,Under construction,False,حكومي,تحت الإنشاء,"منطقة الرياض, الدرعية"
طريق حائل -المدينة المنورة الجديد,False,Government,"['Government', 'Infrastructure']",2,,,Al-Madinah Al-Monawarah / Hail,"المدينة المنورة, حائل",True,linear_distance_not_area,False,2006-06-14,2009-06-14,1096.0,2006.0,exact,exact,Delayed,True,حكومي,متأخر,"منطقة المدينة المنورة, منطقة حائل, المدينة المنورة, حائل"
مدينة التدريب التكتيكي في بيشة,False,Government,['Government'],1,,100000.0,Aseer,,False,ok,False,,,,,,,Under construction,False,حكومي,تحت الإنشاء,منطقة عسير
مقر قوات درع الجزيرة العربي المشتركة بالرياض,False,Government,['Government'],1,,115000.0,Al-Riyadh,الرياض,False,ok,False,,,,,,,Under construction,False,حكومي,تحت الإنشاء,"منطقة الرياض, الرياض"
مقر وكالة الأنباء السعودية – الرياض,False,Government,['Government'],1,147000000.0,10000.0,Al-Riyadh,الرياض,False,ok,True,2010-11-09,2012-11-09,731.0,2010.0,exact,exact,Completed,False,حكومي,مكتمل,"منطقة الرياض, الرياض"
مجمع الدوائر الحكومية – Government Agencies Compound,False,Government,['Government'],1,3500000000.0,4800000.0,Al-Riyadh,الرياض,False,ok,True,,,,,,,Under construction,False,حكومي,تحت الإنشاء,"منطقة الرياض, الرياض"
محطة توليد الطاقة الكهربائية المركبة المتكاملة في وعد...,True,Government,"['Government', 'Industrial', 'Infrastructure']",3,4666000000.0,,Northern Borders,وعد الشمال,False,empty,True,2016-02-01,2019-02-01,1096.0,2016.0,month-level,exact,Delayed,True,حكومي,متأخر,"وعد الشمال, منطقة الحدود الشمالية"
محطة توليد الكهرباء الثانية عشر بالرياض,False,Government,"['Government', 'Industrial', 'Infrastructure']",3,5900000000.0,,Al-Riyadh,الرياض,False,empty,True,2012-03-12,2015-03-12,1095.0,2012.0,exact,exact,Completed,False,حكومي,مكتمل,"منطقة الرياض, الرياض"
محطة توليد الكهرباء الثالثة عشر بالرياض,False,Government,"['Government', 'Industrial', 'Infrastructure']",3,10000000000.0,,Al-Riyadh,الرياض,False,empty,True,2015-06-01,2018-06-01,1096.0,2015.0,month-level,exact,Delayed,True,حكومي,متأخر,"منطقة الرياض, الرياض"
متحف واحة القران الكريم – Quran Oasis Museum,False,Government,"['Government', 'Leisure/Tourism']",2,,200000.0,Al-Madinah Al-Monawarah,المدينة المنورة,False,ok,False,,,,,,,Announced,False,حكومي,معلن عنه,"منطقة المدينة المنورة, المدينة المنورة"
المستشفى الجامعي – جامعة حائل – University Hospital – Hail...,True,Government,['Government'],1,303000000.0,228000.0,Hail,حائل,False,ok,True,2011-01-06,,,2011.0,exact,,Under construction,False,حكومي,تحت الإنشاء,"منطقة حائل, حائل"
اسكان الطلاب- جامعة جازان,False,Government,"['Education', 'Government', 'Residential']",3,,,Jazan,جازان,False,empty,False,,,,,,,Under construction,False,حكومي,تحت الإنشاء,"منطقة جازان, جازان"
ضاحية الملك عبدالله,False,Government,"['Government', 'Infrastructure', 'Residential']",3,,,Jazan,جازان,False,empty,False,,,,,,,Under construction,False,حكومي,تحت الإنشاء,"منطقة جازان, جازان"
مستشفى النساء والولادة بجازان – Obstetric Gynecoloy & Pediatric...,True,Government,"['Government', 'Health']",2,270000000.0,57409.0,Jazan,جازان,False,ok,True,2012-04-14,2017-07-29,1932.0,2012.0,exact,exact,Delayed,True,حكومي,متأخر,"منطقة جازان, جازان"
ترميم وتطوير المنطقة المحيطة بالقلعة الدوسرية,False,Government,"['Government', 'Leisure/Tourism']",2,,,Jazan,جازان,False,empty,False,2015-09-06,,,2015.0,exact,,Under construction,False,حكومي,تحت الإنشاء,"منطقة جازان, جازان"
مشروع المحكمة الجزائية,False,Government,['Government'],1,,100000.0,Al-Riyadh,الرياض,False,ok,False,2008-06-28,,,2008.0,exact,,Completed,False,حكومي,مكتمل,"منطقة الرياض, الرياض"
مقر هيئة الصحافيين السعوديين,False,Government,['Government'],1,,5300.0,Al-Riyadh,الرياض,False,ok,False,,,,,,,Completed,False,حكومي,مكتمل,"منطقة الرياض, الرياض"
مشروع المحكمة العامة,False,Government,['Government'],1,,,Al-Riyadh,الرياض,False,empty,False,1998-04-01,2001-01-21,1026.0,1998.0,month-level,exact,Completed,False,حكومي,مكتمل,"منطقة الرياض, الرياض"
مبنى دار الرعاية الأجتماعية- جازان,False,Government,['Government'],1,45960181.0,,Jazan,جازان,False,empty,True,2015-01-08,2017-12-11,1068.0,2015.0,exact,exact,Delayed,True,حكومي,متأخر,"منطقة جازان, جازان"
محطة توليد ضبا الخضراء – The Green Duba Generating Station,False,Government,"['Government', 'Industrial', 'Infrastructure']",3,2500000000.0,,Tabouk,ضبا,False,empty,True,2016-03-01,2018-08-01,883.0,2016.0,month-level,exact,Delayed,True,حكومي,متأخر,"منطقة تبوك, ضبا"
محطة التوليد الرابعة عشر بالرياض,False,Government,"['Government', 'Industrial', 'Infrastructure']",3,5633000000.0,,Al-Riyadh,الرياض,False,empty,True,2015-06-01,2018-06-01,1096.0,2015.0,month-level,exact,Delayed,True,حكومي,متأخر,"منطقة الرياض, الرياض"
مبنى ديوان المراقبة العامة,False,Government,['Government'],1,20394940.0,,Jazan,جازان,False,empty,True,2013-06-12,2017-05-24,1442.0,2013.0,exact,exact,Completed,False,حكومي,مكتمل,"منطقة جازان, جازان"
مبنى أمانة جازان,False,Government,['Government'],1,91000000.0,,Jazan,جازان,False,empty,True,2010-10-25,,,2010.0,exact,,Under construction,False,حكومي,تحت الإنشاء,"منطقة جازان, جازان"
مقر الهيئة العامة لسياحة والأثار -جازان,False,Government,['Government'],1,19875435.0,,Jazan,جازان,False,empty,True,2015-02-04,,,2015.0,exact,,Under construction,False,حكومي,تحت الإنشاء,"منطقة جازان, جازان"
البرج الطبي للنساء والولادة بمدينة الملك عبدالعزيز ال�...,True,Government,"['Government', 'Health']",2,1201000000.0,,Al-Riyadh,الرياض,False,empty,True,2014-09-01,2017-09-01,1096.0,2014.0,month-level,exact,Delayed,True,حكومي,متأخر,"منطقة الرياض, الرياض"
تطوير ميدان أبوظبي ( دوار القاعدة),False,Government,"['Government', 'Infrastructure']",2,,,Al-Riyadh,الرياض,False,empty,False,,,,,,,Announced,False,حكومي,معلن عنه,"منطقة الرياض, الرياض"
مقر وزارة التجارة و الاستثمار والجهات التابعة لها (بار�...,True,Government,"['Government', 'Hospitality', 'Scientific']",3,,55000.0,Al-Riyadh,الرياض,False,ok,False,,,,,,,Proposed,False,حكومي,المشاريع المقترحة,"منطقة الرياض, الرياض"
مشروع تحسين المنطقة المركزية لمدينة الباحة,False,Government,"['Commercial', 'Government', 'Infrastructure', 'Leisure/Tourism']",4,,,Al-Baha,,False,empty,False,,,,,,,Under construction,False,حكومي,تحت الإنشاء,منطقة الباحة
الطريق الدائري لمدينة الباحة,False,Government,"['Government', 'Infrastructure']",2,2000000000.0,,Al-Baha,,False,empty,True,2007-07-16,,,2007.0,exact,,Under construction,False,حكومي,تحت الإنشاء,منطقة الباحة
دراسة تطوير طريق الثمامة,False,Government,"['Government', 'Infrastructure']",2,,,Al-Riyadh,الرياض,False,linear_distance_not_area,False,,,,,,,Announced,False,حكومي,معلن عنه,"منطقة الرياض, الرياض"
برنامج تطوير طريق الملك عبدالله (المرحلة الرابعة),False,Government,"['Government', 'Infrastructure']",2,460966240.0,,Al-Riyadh,الرياض,False,linear_distance_not_area,True,2014-04-01,2017-04-01,1096.0,2014.0,month-level,exact,Delayed,True,حكومي,متأخر,"منطقة الرياض, الرياض"
برنامج تطوير طريق الملك عبدالله (المرحلة الثالثة),False,Government,"['Government', 'Infrastructure']",2,,,Al-Riyadh,الرياض,False,linear_distance_not_area,False,,,,,,,Under construction,False,حكومي,تحت الإنشاء,"منطقة الرياض, الرياض"
برنامج تطوير طريق الملك عبدالله (المرحلة الثانية),False,Government,"['Government', 'Infrastructure']",2,410583088.0,,Al-Riyadh,الرياض,False,linear_distance_not_area,True,2010-12-01,2014-02-01,1158.0,2010.0,month-level,exact,Completed,False,حكومي,مكتمل,"منطقة الرياض, الرياض"
برنامج تطوير طريق الملك عبدالله (المرحلة الاولى),False,Government,"['Government', 'Infrastructure']",2,705000000.0,,Al-Riyadh,الرياض,False,linear_distance_not_area,True,2008-05-01,2011-05-01,1095.0,2008.0,month-level,exact,Completed,False,حكومي,مكتمل,"منطقة الرياض, الرياض"
جسر تقاطع طريق الملك عبدالعزيز مع طريق الملك عبدالله...,True,Government,"['Government', 'Infrastructure']",2,,,Al-Riyadh,الرياض,False,linear_distance_not_area,False,2011-11-01,2013-06-01,578.0,2011.0,month-level,exact,Completed,False,حكومي,مكتمل,"منطقة الرياض, الرياض"
نفق طريق صلاح الدين الأيوبي مع طريق مكة المكرمة,False,Government,"['Government', 'Infrastructure']",2,148218176.0,,Al-Riyadh,الرياض,False,linear_distance_not_area,True,2012-08-01,2015-09-01,1126.0,2012.0,month-level,exact,Completed,False,حكومي,مكتمل,"منطقة الرياض, الرياض"
جسر طريق أبو بكر الصديق مع طريق الملك عبدالله,False,Government,"['Government', 'Infrastructure']",2,132361640.0,,Al-Riyadh,الرياض,False,empty,True,2011-09-01,2014-02-01,884.0,2011.0,month-level,exact,Completed,False,حكومي,مكتمل,"منطقة الرياض, الرياض"
نفق طريق الملك عبدالعزيز مع طريق العروبة,False,Government,"['Government', 'Infrastructure']",2,,,Al-Riyadh,الرياض,False,linear_distance_not_area,False,2011-12-01,2013-02-01,428.0,2011.0,month-level,exact,Completed,False,حكومي,مكتمل,"منطقة الرياض, الرياض"
تقاطع الطريق الدائري الشرقي مع طريق العروبة,False,Government,"['Government', 'Infrastructure']",2,102782440.0,,Al-Riyadh,الرياض,False,linear_distance_not_area,True,2012-02-01,2013-11-01,639.0,2012.0,month-level,exact,Completed,False,حكومي,مكتمل,"منطقة الرياض, الرياض"
إسكان محافظة بدر,False,Government,"['Government', 'Infrastructure', 'Residential']",3,340135218.0,1479039.0,Al-Madinah Al-Monawarah,بدر,False,ok,True,,,,,,,Proposed,False,حكومي,المشاريع المقترحة,"منطقة المدينة المنورة, بدر"
مدينة الملك عبد الله الاقتصادية – KAEC,False,Government,"['Commercial', 'Education', 'Government', 'Health', 'Hospitality', 'Industrial', 'Infrastructure', 'Leisure/Tourism', 'Religious/Charity', 'Residential', 'Scientific', 'Sports']",12,375000000000.0,173000000.0,Makkah Al-Mokarramah,مدينة الملك عبدالله الاقتصادية,False,ok,True,2005-01-01,2030-12-31,9495.0,2005.0,year-level,year-level,Under construction,False,حكومي,تحت الإنشاء,"منطقة مكة المكرمة, مدينة الملك عبدالله الاقتصادية"
توسعة متنزه سد وادي نمار,False,Government,"['Government', 'Infrastructure', 'Leisure/Tourism']",3,,130000.0,Al-Riyadh,الرياض,False,ok,False,,,,,,,Under construction,False,حكومي,تحت الإنشاء,"منطقة الرياض, الرياض"
مشروع التأهيل البيئي لوادي لبن “المرحلة الأولى”,False,Government,"['Government', 'Infrastructure', 'Leisure/Tourism']",3,,,Al-Riyadh,الرياض,False,empty,False,,2012-04-10,,,,exact,Completed,False,حكومي,مكتمل,"منطقة الرياض, الرياض"
مشروع التأهيل البيئي لوادي نمار “المرحلة الأولى”...,True,Government,"['Government', 'Infrastructure', 'Leisure/Tourism']",3,,,Al-Riyadh,الرياض,False,empty,False,,2012-04-10,,,,exact,Completed,False,حكومي,مكتمل,"منطقة الرياض, الرياض"
مبنى محكمة التنفيذ -المدينة المنورة,False,Government,"['Government', 'Infrastructure']",2,55677569.0,,Al-Madinah Al-Monawarah,المدينة المنورة,False,empty,True,2014-05-02,,,2014.0,exact,,Under construction,False,حكومي,تحت الإنشاء,"منطقة المدينة المنورة, المدينة المنورة"
مبنى هيئة الرقابة والتحقيق,False,Government,['Government'],1,35706933.0,,Al-Madinah Al-Monawarah,المدينة المنورة,False,empty,True,2015-09-01,2017-09-01,731.0,2015.0,month-level,exact,Delayed,True,حكومي,متأخر,"منطقة المدينة المنورة, المدينة المنورة"
مترو مكة | محطة جبل الكعبة للنقل العام,False,Government,"['Government', 'Infrastructure']",2,,,Makkah Al-Mokarramah,مكة المكرمة,False,empty,False,,,,,,,Under construction,False,حكومي,تحت الإنشاء,"مكة المكرمة, منطقة مكة المكرمة"
مقر نماء المنورة – Namaa Almunawara’s Headquarter,False,Government,"['Government', 'Religious/Charity']",2,32797168.0,,Al-Madinah Al-Monawarah,المدينة المنورة,False,empty,True,2015-12-01,2017-05-28,544.0,2015.0,month-level,exact,Delayed,True,حكومي,متأخر,"منطقة المدينة المنورة, المدينة المنورة"
معهد الملك عبدالله لتنقية النانو,False,Government,"['Government', 'Scientific']",2,,13000.0,Al-Riyadh,الرياض,False,ok,False,,,,,,,Stalled,True,حكومي,متعثر,"منطقة الرياض, الرياض"
مركز الملك عبدالعزيز الدولي للمؤتمرات – King Abdulaziz Confer...,True,Government,['Government'],1,,165000.0,Al-Riyadh,الرياض,False,ok,False,,2005-02-08,,,,exact,Completed,False,حكومي,مكتمل,"منطقة الرياض, الرياض"
مجمع الخدمات المركزية للتوسعة المسجد الحرام,False,Government,"['Government', 'Infrastructure']",2,,84000.0,Makkah Al-Mokarramah,مكة المكرمة,False,ok,False,2010-04-01,2014-04-01,1461.0,2010.0,month-level,exact,Completed,False,حكومي,مكتمل,"مكة المكرمة, منطقة مكة المكرمة"
برج قوات أمن المسجد الحرام – Security forces of the Grand Mosque Tower...,True,Government,['Government'],1,,,Makkah Al-Mokarramah,مكة المكرمة,False,empty,False,2010-03-01,,,2010.0,month-level,,Under construction,False,حكومي,تحت الإنشاء,"مكة المكرمة, منطقة مكة المكرمة"
برج إسكان قوات الامن بالمسجد الحرام,False,Government,"['Government', 'Residential']",2,,66500.0,Makkah Al-Mokarramah,مكة المكرمة,False,ok,False,,,,,,,Under construction,False,حكومي,تحت الإنشاء,"مكة المكرمة, منطقة مكة المكرمة"
مستشفى المسجد الحرام (MHMH),False,Government,"['Government', 'Health', 'Residential']",3,,66500.0,Makkah Al-Mokarramah,مكة المكرمة,False,ok,False,,,,,,,Under construction,False,حكومي,تحت الإنشاء,"مكة المكرمة, منطقة مكة المكرمة"
المدينة الجامعية لجامعة الملك سعود بن عبدالعزيز للعلو�...,True,Government,"['Education', 'Government', 'Industrial', 'Scientific']",4,,,Eastern Region,الأحساء,False,empty,False,2008-05-13,2014-10-27,2358.0,2008.0,exact,exact,Completed,False,حكومي,مكتمل,"المنطقة الشرقية, الأحساء"
فندق ومنتجع ميلينيوم جيزان,False,Government,"['Government', 'Hospitality']",2,225000000.0,100000.0,Jazan,جازان,False,ok,True,2011-12-01,2016-12-01,1827.0,2011.0,month-level,exact,Delayed,True,حكومي,متأخر,"منطقة جازان, جازان"
فندق ميلينيوم الباحة – Millennium Hotel Baha,False,Government,"['Government', 'Hospitality']",2,255000000.0,103000.0,Al-Baha,الباحة,False,ok,True,2011-12-12,2016-12-12,1827.0,2011.0,exact,exact,Delayed,True,حكومي,متأخر,"منطقة الباحة, الباحة"
توسعة مقر فرع معهد الإدارة العامة بالمنطقة الشرقية,False,Government,['Government'],1,128000000.0,22000.0,Eastern Region,الدمام,False,ok,True,,,,,,,Announced,False,حكومي,معلن عنه,"المنطقة الشرقية, الدمام"
فندف جامعة نجران,False,Government,"['Government', 'Hospitality']",2,,,Najran,نجران,False,empty,False,,,,,,,Announced,False,حكومي,معلن عنه,"نجران, منطقة نجران"
مقر الامن العام و وزارة الداخلية,False,Government,"['Government', 'Hospitality', 'Residential']",3,,5300002.0,Makkah Al-Mokarramah,جدة,False,ok,False,2015-01-04,2016-12-29,725.0,2015.0,exact,exact,Delayed,True,حكومي,متأخر,"منطقة مكة المكرمة, جدة"
مبنى المديرية العامة للمياة في حائل,False,Government,['Government'],1,61214794.0,,Hail,حائل,False,empty,True,2014-11-01,2016-11-01,731.0,2014.0,month-level,exact,Delayed,True,حكومي,متأخر,"منطقة حائل, حائل"
فندق ملينيوم حائل,False,Government,"['Government', 'Hospitality']",2,275000000.0,179200.0,Hail,حائل,False,ok,True,2010-03-01,2015-03-01,1826.0,2010.0,month-level,exact,Completed,False,حكومي,مكتمل,"منطقة حائل, حائل"
مبنى ديوان المراقبة العامه,False,Government,"['Government', 'Infrastructure']",2,16941400.0,,Hail,حائل,False,empty,True,2014-12-01,2016-12-01,731.0,2014.0,month-level,exact,Delayed,True,حكومي,متأخر,"منطقة حائل, حائل"
مشروع اسكان تبوك 2,False,Government,"['Government', 'Residential']",2,,950000.0,Tabouk,تبوك,False,ok,False,,,,,,,Under construction,False,حكومي,تحت الإنشاء,"منطقة تبوك, تبوك"
مشروع اسكان تبوك 1,False,Government,"['Government', 'Residential']",2,180285366.0,1098155.0,Tabouk,تبوك,False,ok,True,,,,,,,Stalled,True,حكومي,متعثر,"منطقة تبوك, تبوك"
إسكان أعضاء هيئة التدريس جامعة تبوك,False,Government,"['Government', 'Residential']",2,,,Tabouk,تبوك,False,empty,False,,,,,,,Under construction,False,حكومي,تحت الإنشاء,"منطقة تبوك, تبوك"
طريق السعودية – عُمان الدولي,False,Government,"['Government', 'Infrastructure']",2,1623756000.0,,Eastern Region,الأحساء,False,linear_distance_not_area,True,2011-05-01,2016-04-10,1806.0,2011.0,month-level,exact,Completed,False,حكومي,مكتمل,"المنطقة الشرقية, الأحساء"
متحف عسير الإقليمي – Asir Regional Museum,False,Government,"['Government', 'Leisure/Tourism']",2,30474561.0,3400.0,Aseer,أبها,False,ok,True,,2014-04-01,,,,exact,Completed,False,حكومي,مكتمل,"منطقة عسير, أبها"
جامع السودة,False,Government,"['Government', 'Religious/Charity']",2,43000000.0,,Aseer,أبها,False,empty,True,,,,,,,Proposed,False,حكومي,المشاريع المقترحة,"منطقة عسير, أبها"
حديقة مطار أبها,False,Government,"['Government', 'Leisure/Tourism']",2,28000000.0,125000.0,Aseer,أبها,False,ok,True,,,,,,,Completed,False,حكومي,مكتمل,"منطقة عسير, أبها"
الواجهة البحرية لشاطيء الحريضة,False,Government,"['Government', 'Infrastructure', 'Leisure/Tourism']",3,500000000.0,2420000.0,Aseer,أبها,False,ok,True,,,,,,,Under construction,False,حكومي,تحت الإنشاء,"منطقة عسير, أبها"
المركز الحضرى بأبها,False,Government,"['Government', 'Leisure/Tourism']",2,130000000.0,500000.0,Aseer,أبها,False,ok,True,,,,,,,Under construction,False,حكومي,تحت الإنشاء,"منطقة عسير, أبها"
تطوير وتأهيل وسط ابها,False,Government,"['Government', 'Infrastructure', 'Leisure/Tourism']",3,650000000.0,2621164.0,Aseer,أبها,False,ok,True,,,,,,,Under construction,False,حكومي,تحت الإنشاء,"منطقة عسير, أبها"
مبنى الطيران الخاص بمطار الدمام,False,Government,"['Government', 'Infrastructure']",2,,130000.0,Eastern Region,الدمام,False,ok,False,,,,,,,Announced,False,حكومي,معلن عنه,"المنطقة الشرقية, الدمام"
الدائري الأول في مكة المكرمة,False,Government,"['Government', 'Infrastructure']",2,,,Makkah Al-Mokarramah,مكة المكرمة,False,linear_distance_not_area,False,2012-12-15,,,2012.0,exact,,Under construction,False,حكومي,تحت الإنشاء,"مكة المكرمة, منطقة مكة المكرمة"
البرج الطبي للولادة والأطفال بحائل,False,Government,"['Government', 'Health']",2,290000000.0,1000020.0,Hail,حائل,False,ok,True,2012-04-29,,,2012.0,exact,,Under construction,False,حكومي,تحت الإنشاء,"منطقة حائل, حائل"
مركز الفن المعاصر بالدرعية – Addiriyah Contemporary Art Center,False,Government,"['Government', 'Leisure/Tourism']",2,,,Al-Riyadh,الدرعية,False,empty,False,,,,,,,Announced,False,حكومي,معلن عنه,"منطقة الرياض, الدرعية"
إسكان اعضاء هيئة التدريس جامعة طيبة – Faculty Housing University...,True,Government,"['Education', 'Government', 'Infrastructure', 'Residential']",4,421000000.0,,Al-Madinah Al-Monawarah,المدينة المنورة,False,empty,True,,,,,,,Under construction,False,حكومي,تحت الإنشاء,"منطقة المدينة المنورة, المدينة المنورة"
متنزه الأمير سطام – Prince Sattam Park,False,Government,"['Government', 'Leisure/Tourism']",2,400000000.0,300000.0,Al-Riyadh,الرياض,False,ok,True,,2019-12-01,,,,exact,Announced,False,حكومي,معلن عنه,"منطقة الرياض, الرياض"
إسكان الطلاب والطالبات جامعة طيبة – Housing students Taibah Unive...,True,Government,"['Education', 'Government', 'Residential']",3,142000000.0,,Al-Madinah Al-Monawarah,المدينة المنورة,False,empty,True,2013-06-10,2015-06-10,730.0,2013.0,exact,exact,Delayed,True,حكومي,متأخر,"منطقة المدينة المنورة, المدينة المنورة"
مستشفى المدينة المنورة للنساء والولادة والأطفال – Ma...,True,Government,"['Government', 'Health']",2,80000000.0,1000000.0,Al-Madinah Al-Monawarah,المدينة المنورة,False,ok,True,,,,,,,Stalled,True,حكومي,متعثر,"منطقة المدينة المنورة, المدينة المنورة"
جامعة الملك سعود بن عبد العزيز للعلوم الصحية بجدة – K...,True,Government,"['Education', 'Government', 'Health', 'Scientific']",4,,200000.0,Makkah Al-Mokarramah,جدة,False,ok,False,2008-05-13,2015-08-26,2661.0,2008.0,exact,exact,Completed,False,حكومي,مكتمل,"منطقة مكة المكرمة, جدة"
مركز وسط المدينة الجديد في الجبيل الصناعية – The new city...,True,Government,"['Education', 'Government', 'Hospitality', 'Leisure/Tourism', 'Residential']",5,,2800000.0,Eastern Region,الجبيل الصناعية,False,ok,False,,,,,,,Announced,False,حكومي,معلن عنه,"المنطقة الشرقية, الجبيل الصناعية"
ريتز كارلتون جدة – Ritz Carlton Jeddah,False,Government,"['Government', 'Hospitality']",2,26000000000.0,230000.0,Makkah Al-Mokarramah,جدة,False,ok,True,2009-01-01,2015-01-01,2191.0,2009.0,year-level,exact,Completed,False,حكومي,مكتمل,"منطقة مكة المكرمة, جدة"
امتداد طريقي أبو بكر الصديق والعروبة عبر قاعدة الرياض �...,True,Government,"['Government', 'Infrastructure']",2,1625709312.0,,Al-Riyadh,الرياض,False,linear_distance_not_area,True,2009-08-25,2013-05-08,1352.0,2009.0,exact,exact,Completed,False,حكومي,مكتمل,"منطقة الرياض, الرياض"
متحف الدمام الاقليمي – Dammam Regional Museum,False,Government,"['Government', 'Leisure/Tourism']",2,45000000.0,15000.0,Eastern Region,الدمام,False,ok,True,2011-06-04,2018-05-01,2523.0,2011.0,exact,exact,Delayed,True,حكومي,متأخر,"المنطقة الشرقية, الدمام"
"المدينة الطبية بجامعة الملك سعود – Medical City, King Saud Univers...",True,Government,"['Education', 'Government', 'Health']",3,,,Al-Riyadh,الرياض,False,empty,False,,2016-02-15,,,,exact,Completed,False,حكومي,مكتمل,"منطقة الرياض, الرياض"
مدينة الملك خالد الطبية – King Khaled Medical City,False,Government,"['Government', 'Health']",2,4500000000.0,700000.0,Eastern Region,الظهران,False,ok,True,,,,,,,Announced,False,حكومي,معلن عنه,"المنطقة الشرقية, الظهران"
مقر نادي الطائي – Al-Tai Sport Club,False,Government,"['Government', 'Sports']",2,86882065.0,100000.0,Hail,حائل,False,ok,True,2008-06-01,2015-11-19,2727.0,2008.0,month-level,exact,Completed,False,حكومي,مكتمل,حائل
مجمع بلاس كيم الجبيل – Plus Kim Complex Jubail,False,Government,"['Government', 'Industrial']",2,,,Eastern Region,الجبيل الصناعية,False,linear_distance_not_area,False,,,,,,,Under construction,False,حكومي,تحت الإنشاء,"المنطقة الشرقية, الجبيل الصناعية"
مبنيين اسثماريين لجمعية الأمير فهد بن سلمان الخيرية لر...,True,Government,"['Commercial', 'Government']",2,101250000.0,28160.0,Al-Riyadh,الرياض,False,ok,True,,,,,,,Under construction,False,حكومي,تحت الإنشاء,"منطقة الرياض, الرياض"
مشروع تقاطع طريق الملك فهد مع طريق عين نجم في الاحساء...,True,Government,"['Government', 'Infrastructure']",2,121000000.0,,Eastern Region,الأحساء,False,linear_distance_not_area,True,2013-05-17,2017-05-17,1461.0,2013.0,exact,exact,Completed,False,حكومي,مكتمل,"المنطقة الشرقية, الأحساء"
توسعة مكتبة الملك فهد,False,Government,"['Education', 'Government']",2,,87000.0,Al-Riyadh,الرياض,False,ok,False,,,,,,,Completed,False,حكومي,مكتمل,"منطقة الرياض, الرياض"
قطار الحرمين السريع – Haramain High Speed Rail,False,Government,"['Government', 'Infrastructure']",2,63000000000.0,,Makkah Al-Mokarramah / Al-Madinah Al-Monawarah,"مكة المكرمة, مدينة الملك عبدالله الاقتصادية, المدينة المنورة, جدة",True,linear_distance_not_area,True,,2018-09-25,,,,exact,Completed,False,حكومي,مكتمل,"مكة المكرمة, مدينة الملك عبدالله الاقتصادية, المدينة المنورة, جدة"
تطوير ممشى مصلى العيد,False,Government,"['Government', 'Leisure/Tourism']",2,,,Tabouk,تبوك,False,empty,False,,,,,,,Completed,False,حكومي,مكتمل,"منطقة تبوك, تبوك"
ميدان سلطان الخير (تبوك),False,Government,['Government'],1,,,Tabouk,تبوك,False,empty,False,,,,,,,Under construction,False,حكومي,تحت الإنشاء,"منطقة تبوك, تبوك"
متحف تبوك الاقليمي – Tabuk Regional Museum,False,Government,"['Government', 'Leisure/Tourism']",2,100000000.0,100000.0,Tabouk,تبوك,False,ok,True,2010-07-01,2015-12-31,2009.0,2010.0,month-level,year-level,Completed,False,حكومي,مكتمل,"منطقة تبوك, تبوك"
إنشاء تسع جسور مشاة (تبوك),False,Government,['Government'],1,45000000.0,,Tabouk,تبوك,False,empty,True,,,,,,,Announced,False,حكومي,معلن عنه,"منطقة تبوك, تبوك"
منتزه البيضاء البري,False,Government,"['Government', 'Leisure/Tourism']",2,,4000000.0,Al-Madinah Al-Monawarah,المدينة المنورة,False,ok,False,,,,,,,Under construction,False,حكومي,تحت الإنشاء,"منطقة المدينة المنورة, المدينة المنورة"
مطار الأمير عبدالمجيد بن عبدالعزيز بالعلا – Prince Abdul M...,True,Government,"['Government', 'Infrastructure']",2,143000000.0,13750000.0,Al-Madinah Al-Monawarah,العلا,False,ok,True,,2008-01-01,,,,exact,Completed,False,حكومي,مكتمل,"منطقة المدينة المنورة, العلا"
تطوير مطار نجران الإقليمي (المرحلة الأولى) – Development of...,True,Government,"['Government', 'Infrastructure']",2,346000000.0,,Najran,نجران,False,empty,True,,2011-06-01,,,,exact,Completed,False,حكومي,مكتمل,"نجران, منطقة نجران"
مطار الأمير سلطان بن عبدالعزيز بتبوك (المرحلة الأولى) &#...,True,Government,"['Government', 'Infrastructure']",2,200000000.0,675000.0,Tabouk,تبوك,False,ok,True,,2011-05-15,,,,exact,Completed,False,حكومي,مكتمل,"منطقة تبوك, تبوك"
تطوير مطار الجوف – Development of Al Jouf Airport,False,Government,"['Government', 'Infrastructure']",2,,14000000.0,Al-Jouf,سكاكا,False,ok,False,,,,,,,Announced,False,حكومي,معلن عنه,"منطقة الجوف, سكاكا"
تطوير مطار القريات – Development of Al-Qurayyat Airport,False,Government,"['Government', 'Infrastructure']",2,,1600000.0,Al-Jouf,القريات,False,ok,False,,,,,,,Announced,False,حكومي,معلن عنه,"منطقة الجوف, القريات"
تطوير مطار الأمير عبد المحسن بن عبد العزيز بينبع – Dev...,True,Government,"['Government', 'Infrastructure']",2,,8600000.0,Al-Madinah Al-Monawarah,ينبع,False,ok,False,,,,,,,Announced,False,حكومي,معلن عنه,"ينبع, منطقة المدينة المنورة"
مواصلات جدة – Jeddah Transport,False,Government,"['Government', 'Infrastructure']",2,45000000000.0,,Makkah Al-Mokarramah,جدة,False,linear_distance_not_area,True,2016-06-01,2022-12-31,2404.0,2016.0,month-level,year-level,Announced,False,حكومي,معلن عنه,"منطقة مكة المكرمة, جدة"
تطوير مطار عرعر – Development of Arar Airport,False,Government,"['Government', 'Infrastructure']",2,302420000.0,6720000.0,Northern Borders,عرعر,False,ok,True,,2017-10-01,,,,exact,Delayed,True,حكومي,متأخر,"منطقة الحدود الشمالية, عرعر"
الصالة الخامسة مطار الملك خالد الدولي – King Khalid Internatio...,True,Government,"['Government', 'Infrastructure']",2,1616000000.0,100000.0,Al-Riyadh,الرياض,False,ok,True,,2016-06-13,,,,exact,Completed,False,حكومي,مكتمل,"منطقة الرياض, الرياض"
تطوير مطار الملك سعود بن عبدالعزيز بالباحة – Development o...,True,Government,"['Government', 'Infrastructure']",2,,4850000.0,Al-Baha,,False,ok,False,,,,,,,Announced,False,حكومي,معلن عنه,منطقة الباحة
جسر الملك حمد – King Hamad Causeway,False,Government,"['Government', 'Infrastructure']",2,18750000000.0,,Eastern Region,الخبر,False,linear_distance_not_area,True,,,,,,,Announced,False,حكومي,معلن عنه,"المنطقة الشرقية, الخبر"
قطار الخليج – Gulf Train – GCC,False,Government,"['Government', 'Infrastructure']",2,57750000000.0,,Eastern Region,,False,linear_distance_not_area,True,,,,,,,Announced,False,حكومي,معلن عنه,المنطقة الشرقية
مطار الملك عبدالله بن عبدالعزيز الدولي – King Abdullah Intern...,True,Government,"['Government', 'Infrastructure']",2,2500000000.0,5000000.0,Jazan,جازان,False,ok,True,2018-10-22,2022-03-31,1256.0,2018.0,exact,month-level,Under construction,False,حكومي,تحت الإنشاء,"منطقة جازان, جازان"
تقاطع طريق الملك عبدالعزيز مع الطريق الثامن والعشرون ف...,True,Government,"['Government', 'Infrastructure']",2,255736242.0,,Eastern Region,الدمام,False,linear_distance_not_area,True,2016-02-28,2018-06-01,824.0,2016.0,exact,exact,Delayed,True,حكومي,متأخر,"المنطقة الشرقية, الدمام"
تقاطع طريق الملك عبدالعزيز مع الطريق العاشر في الخبر...,True,Government,"['Government', 'Infrastructure']",2,46000000.0,,Eastern Region,الخبر,False,linear_distance_not_area,True,2015-07-25,2017-07-25,731.0,2015.0,exact,exact,Delayed,True,حكومي,متأخر,"المنطقة الشرقية, الخبر"
منطقة الخدمات تبوك – Tabuk Service Area,False,Government,"['Commercial', 'Government', 'Industrial', 'Infrastructure']",4,,40000000.0,Tabouk,تبوك,False,ok,False,,,,,,,Announced,False,حكومي,معلن عنه,"منطقة تبوك, تبوك"
مجمع مختبرات الهيئة العامة للغذاء والدواء تبوك – The S...,True,Government,"['Government', 'Health']",2,,33000.0,Tabouk,تبوك,False,ok,False,,,,,,,Proposed,False,حكومي,المشاريع المقترحة,"منطقة تبوك, تبوك"
تطوير مطار أبها الإقليمي – The development of Abha Regional Airport,False,Government,"['Government', 'Infrastructure']",2,1800000000.0,6000000.0,Aseer,أبها,False,ok,True,2015-02-01,2018-03-01,1124.0,2015.0,month-level,exact,Delayed,True,حكومي,متأخر,"منطقة عسير, أبها"
مشروع التطوير والتنسيق الحضاري لمنطقة الخندق,False,Government,"['Government', 'Infrastructure', 'Leisure/Tourism', 'Religious/Charity']",4,,,Al-Madinah Al-Monawarah,المدينة المنورة,False,empty,False,,,,,,,Proposed,False,حكومي,المشاريع المقترحة,"منطقة المدينة المنورة, المدينة المنورة"
تقاطع طريق الملك فهد مع طريق الديوان في الهفوف,False,Government,"['Government', 'Infrastructure']",2,350000000.0,,Eastern Region,الأحساء,False,linear_distance_not_area,True,2014-03-01,2018-03-01,1461.0,2014.0,month-level,exact,Delayed,True,حكومي,متأخر,"المنطقة الشرقية, الأحساء"
تقاطع طريق الملك عبدالله مع طريق مكة المكرمة في الهفوف...,True,Government,"['Government', 'Infrastructure']",2,51000000.0,,Eastern Region,الأحساء,False,linear_distance_not_area,True,2015-02-01,2017-10-01,973.0,2015.0,month-level,exact,Delayed,True,حكومي,متأخر,"المنطقة الشرقية, الأحساء"
"مشروع النقل العام بالدمام والقطيف – Dammam, Qatif public transpor...",True,Government,"['Government', 'Infrastructure']",2,60000000000.0,,Eastern Region,,False,linear_distance_not_area,True,2015-12-31,2022-12-31,2557.0,2015.0,exact,year-level,Announced,False,حكومي,معلن عنه,المنطقة الشرقية
مدينة وعد الشمال – Waad Al Shamaal City,False,Government,"['Government', 'Industrial', 'Infrastructure']",3,26000000000.0,440000000.0,Northern Borders,طريف,False,ok,True,2014-02-01,2042-12-31,10560.0,2014.0,month-level,year-level,Under construction,False,حكومي,تحت الإنشاء,"منطقة الحدود الشمالية, طريف"
مداخل وبوابات المدينة المنورة – Gates of Al Madinah Al Munawwarah...,True,Government,"['Government', 'Infrastructure', 'Leisure/Tourism']",3,,35000.0,Al-Madinah Al-Monawarah,المدينة المنورة,False,ok,False,,,,,,,Under construction,False,حكومي,تحت الإنشاء,"منطقة المدينة المنورة, المدينة المنورة"
مترو المدينة المنورة – Madinah Metro,False,Government,"['Government', 'Infrastructure']",2,,,Al-Madinah Al-Monawarah,المدينة المنورة,False,linear_distance_not_area,False,,,,,,,Announced,False,حكومي,معلن عنه,"منطقة المدينة المنورة, المدينة المنورة"
تطوير الكورنيش الأوسط و شارع فلسطين – Middle Corniche & Pal...,True,Government,"['Government', 'Infrastructure', 'Leisure/Tourism']",3,135506447.0,,Makkah Al-Mokarramah,جدة,False,linear_distance_not_area,True,2011-07-02,2013-04-24,662.0,2011.0,exact,exact,Completed,False,حكومي,مكتمل,"منطقة مكة المكرمة, جدة"
مصفاة جازان – Jazan Refinery,False,Government,"['Government', 'Industrial']",2,26250000000.0,,Jazan,مدينة جازان للصناعات الاساسية والتحويلية,False,empty,True,2012-11-14,2018-12-31,2238.0,2012.0,exact,year-level,Delayed,True,حكومي,متأخر,"منطقة جازان, مدينة جازان للصناعات الاساسية والتحويلية"
مدينة جازان للصناعات الاساسية والتحويلية – Jazan Economic...,True,Government,"['Government', 'Industrial', 'Infrastructure']",3,100000000000.0,103000000.0,Jazan,مدينة جازان للصناعات الاساسية والتحويلية,False,ok,True,2006-11-04,,,2006.0,exact,,Under construction,False,حكومي,تحت الإنشاء,"منطقة جازان, مدينة جازان للصناعات الاساسية والتحويلية"
وادي العسلاء مروج جدة – Murooj Jeddah,False,Government,"['Government', 'Infrastructure']",2,6000000000.0,130000000.0,Makkah Al-Mokarramah,جدة,False,ok,True,2014-01-01,2021-12-31,2921.0,2014.0,year-level,year-level,Under construction,False,حكومي,تحت الإنشاء,"منطقة مكة المكرمة, جدة"
مشروع بحيرات الحاير-  Al’Hair Lakes project,False,Government,"['Government', 'Hospitality', 'Leisure/Tourism']",3,,,Al-Riyadh,الرياض,False,empty,False,,,,,,,Announced,False,حكومي,معلن عنه,"منطقة الرياض, الرياض"
مطار الملك عبدالعزيز الدولي الجديد – King Abdulaziz Internationa...,True,Government,"['Government', 'Infrastructure']",2,36000000000.0,105000000.0,Makkah Al-Mokarramah,جدة,False,ok,True,,2018-05-17,,,,exact,Delayed,True,حكومي,متأخر,"منطقة مكة المكرمة, جدة"
مستشفى جامعة الإمام عبد الرحمن بن فيصل – Imam Abdul Rahman bin...,True,Government,"['Education', 'Government', 'Health']",3,500000000.0,150000.0,Eastern Region,الدمام,False,ok,True,2012-02-01,2017-02-01,1827.0,2012.0,month-level,exact,Delayed,True,حكومي,متأخر,"المنطقة الشرقية, الدمام"
مبنى بلدية الخبر – Al Khobar Municipality Building,False,Government,['Government'],1,110000000.0,1650.0,Eastern Region,الخبر,False,ok,True,2010-05-01,2014-04-01,1431.0,2010.0,month-level,exact,Stalled,True,حكومي,متعثر,"المنطقة الشرقية, الخبر"
منطقة البلازا المالية – Financial Plaza – KAFD,False,Government,"['Government', 'Leisure/Tourism']",2,,61300.0,Al-Riyadh,الرياض,False,ok,False,,2016-10-18,,,,exact,Delayed,True,حكومي,متأخر,"منطقة الرياض, الرياض"
جسور المشاة – SKYWALKS – KAFD,False,Government,"['Government', 'Infrastructure']",2,,,Al-Riyadh,الرياض,False,empty,False,2010-01-01,2016-12-31,2556.0,2010.0,year-level,year-level,Delayed,True,حكومي,متأخر,"منطقة الرياض, الرياض"
برج فيلاز إن ذا سكاي – VILLAS IN THE SKY – KAFD,False,Government,"['Commercial', 'Government', 'Residential']",3,,41000.0,Al-Riyadh,الرياض,False,ok,False,2009-01-01,2013-12-31,1825.0,2009.0,year-level,year-level,Completed,False,حكومي,مكتمل,"منطقة الرياض, الرياض"
واحة الملك سلمان للعلوم – King Salman Science Oasis,False,Government,"['Education', 'Government', 'Leisure/Tourism', 'Scientific']",4,,200000.0,Al-Riyadh,الرياض,False,ok,False,2011-01-01,2016-12-31,2191.0,2011.0,year-level,year-level,Delayed,True,حكومي,متأخر,"منطقة الرياض, الرياض"
متحف العلوم ومركز المناخ والجيولوجيا – Geo-Science Centre R...,True,Government,"['Education', 'Government', 'Leisure/Tourism']",3,,54000.0,Al-Riyadh,الرياض,False,ok,False,,,,,,,Under construction,False,حكومي,تحت الإنشاء,"منطقة الرياض, الرياض"
مترو مكة | محطة كدي المركزية للنقل العام – Makkah Metro | Kuda...,True,Government,"['Government', 'Infrastructure']",2,,,Makkah Al-Mokarramah,مكة المكرمة,False,empty,False,2015-02-01,,,2015.0,month-level,,Under construction,False,حكومي,تحت الإنشاء,"مكة المكرمة, منطقة مكة المكرمة"
محطة المروة للنقل العام – Al Marwah Station Plaza,False,Government,"['Government', 'Infrastructure']",2,,200000.0,Makkah Al-Mokarramah,مكة المكرمة,False,ok,False,2015-06-01,,,2015.0,month-level,,Stalled,True,حكومي,متعثر,"مكة المكرمة, منطقة مكة المكرمة"
ساحة الاحتفالات للأطفال – Children Festival Marketplace,False,Government,"['Education', 'Government', 'Leisure/Tourism']",3,,7679.0,Al-Riyadh,الرياض,False,ok,False,,,,,,,Stalled,True,حكومي,متعثر,"منطقة الرياض, الرياض"
قبة الفراشة – Butterfly Dome – KAFD,False,Government,"['Government', 'Leisure/Tourism']",2,,2826.0,Al-Riyadh,الرياض,False,ok,False,,2018-04-19,,,,exact,Stalled,True,حكومي,متعثر,"منطقة الرياض, الرياض"
المتحف المائي (الاكواريوم) – National Aquarium – KAFD,False,Government,"['Government', 'Leisure/Tourism']",2,841757548.0,13600.0,Al-Riyadh,,False,ok,True,,2018-02-19,,,,exact,Delayed,True,حكومي,متأخر,منطقة الرياض
مركز طب وجراحة الأعصاب – الحرس الوطني بجدة – Center of...,True,Government,"['Government', 'Health']",2,,69677.0,Makkah Al-Mokarramah,جدة,False,ok,False,2014-10-01,2017-09-30,1095.0,2014.0,month-level,month-level,Delayed,True,حكومي,متأخر,"منطقة مكة المكرمة, جدة"
برج الإدارات الرئيسية بجامعة الإمام عبد الرحمن بن فيصل...,True,Government,"['Education', 'Government']",2,344000000.0,20000.0,Eastern Region,الدمام,False,ok,True,2015-06-01,2018-06-01,1096.0,2015.0,month-level,exact,Delayed,True,حكومي,متأخر,"المنطقة الشرقية, الدمام"
مستشفى الملك سلمان التخصصي – King Salman Specialized Hospital,False,Government,"['Government', 'Health']",2,,980000.0,Makkah Al-Mokarramah,الطائف,False,ok,False,2014-10-23,2017-04-10,900.0,2014.0,exact,exact,Delayed,True,حكومي,متأخر,"منطقة مكة المكرمة, الطائف"
تقاطع طريق الملك عبدالله مع طريق الملك عبدالعزيز – Ki...,True,Government,"['Government', 'Infrastructure']",2,257000000.0,,Eastern Region,الخبر,False,linear_distance_not_area,True,2013-07-01,2016-07-01,1096.0,2013.0,month-level,exact,Delayed,True,حكومي,متأخر,"المنطقة الشرقية, الخبر"
مركز المؤتمرات – Conference Center – KAFD,False,Government,"['Government', 'Leisure/Tourism']",2,,,Al-Riyadh,الرياض,False,empty,False,2011-07-01,2016-09-20,1908.0,2011.0,month-level,exact,Completed,False,حكومي,مكتمل,"منطقة الرياض, الرياض"
مقر أمانة القصيم – Al Qassim Municipality Headquarters,False,Government,['Government'],1,66553194.0,33855.0,Al-Qaseem,بريدة,False,ok,True,2009-05-17,2014-05-17,1826.0,2009.0,exact,exact,Delayed,True,حكومي,متأخر,"منطقة القصيم, بريدة"
مستشفى شمال بريدة العام – North Buraidah General Hospital,False,Government,"['Government', 'Health']",2,251338687.0,201299.0,Al-Qaseem,بريدة,False,ok,True,2014-08-06,2018-08-05,1460.0,2014.0,exact,exact,Delayed,True,حكومي,متأخر,"منطقة القصيم, بريدة"
برج تداول – Tadawul Tower,False,Government,"['Commercial', 'Government']",2,1400000000.0,5166.0,Al-Riyadh,الرياض,False,ok,True,,2016-11-21,,,,exact,Delayed,True,حكومي,متأخر,"منطقة الرياض, الرياض"
برج هيئة السوق المالية – Capital Market Authority (CMA) Tower – KAFD...,True,Government,"['Commercial', 'Government']",2,,185000.0,Al-Riyadh,الرياض,False,ok,False,,2016-11-24,,,,exact,Delayed,True,حكومي,متأخر,"منطقة الرياض, الرياض"
متحف البيئة الحضرية – Museum of the built environment – KAFD,False,Government,"['Education', 'Government', 'Leisure/Tourism']",3,,106680.0,Al-Riyadh,الرياض,False,ok,False,,2017-12-31,,,,year-level,Delayed,True,حكومي,متأخر,"منطقة الرياض, الرياض"
سوق الخضار المركزي ببريده – Buraidah Central Vegetable Market,False,Government,['Government'],1,148000000.0,229000.0,Al-Qaseem,بريدة,False,ok,True,,,,,,,Under construction,False,حكومي,تحت الإنشاء,"منطقة القصيم, بريدة"
القطار الأحادي المعلق – Monorail – KAFD,False,Government,"['Government', 'Infrastructure', 'Leisure/Tourism']",3,937500000.0,,Al-Riyadh,الرياض,False,linear_distance_not_area,True,2011-01-01,2016-12-31,2191.0,2011.0,year-level,year-level,Delayed,True,حكومي,متأخر,"منطقة الرياض, الرياض"
برج مستشفى الملك فهد التخصصي ببريدة – KFSHB Tower,False,Government,"['Government', 'Health']",2,79050159.0,15000.0,Al-Qaseem,بريدة,False,ok,True,2009-07-01,2014-01-01,1645.0,2009.0,month-level,exact,Completed,False,حكومي,مكتمل,"منطقة القصيم, بريدة"
مبني العمادات المساندة بجامعة القصيم  – Deanship of Support Qa...,True,Government,"['Education', 'Government']",2,123000000.0,,Al-Qaseem,بريدة,False,empty,True,2014-10-12,2017-10-12,1096.0,2014.0,exact,exact,Delayed,True,حكومي,متأخر,"منطقة القصيم, بريدة"
البنية الأساسية للموقع العام لكليات الطالبات ببريدة ...,True,Government,"['Government', 'Infrastructure']",2,94921630.0,60100.0,Al-Qaseem,بريدة,False,ok,True,2013-09-01,2016-02-18,900.0,2013.0,month-level,exact,Delayed,True,حكومي,متأخر,"منطقة القصيم, بريدة"
مجمع الكليات الصحية للطالبات بجامعة القصيم – Health colle...,True,Government,"['Education', 'Government', 'Health']",3,349492173.0,50000.0,Al-Qaseem,بريدة,False,ok,True,2011-10-25,2013-10-25,731.0,2011.0,exact,exact,Delayed,True,حكومي,متأخر,"منطقة القصيم, بريدة"
إسكان أعضاء هيئة التدريس بجامعة القصيم – Establish faculty ho...,True,Government,"['Government', 'Residential']",2,681673752.0,640000.0,Al-Qaseem,بريدة,False,ok,True,2011-07-02,2014-07-02,1096.0,2011.0,exact,exact,Delayed,True,حكومي,متأخر,"منطقة القصيم, بريدة"
مستشفى الملك عبدالله التخصصي للأطفال جدة – King Abdullah Sp...,True,Government,"['Government', 'Health']",2,,1075982.0,Makkah Al-Mokarramah,جدة,False,ok,False,2014-09-01,2017-08-30,1094.0,2014.0,month-level,exact,Delayed,True,حكومي,متأخر,"منطقة مكة المكرمة, جدة"
إسكان الحرس الوطني بالمدينة المنورة – National Guard Housing Ma...,True,Government,"['Government', 'Residential']",2,1523418000.0,1283948.0,Al-Madinah Al-Monawarah,المدينة المنورة,False,ok,True,2012-09-05,,,2012.0,exact,,Under construction,False,حكومي,تحت الإنشاء,"منطقة المدينة المنورة, المدينة المنورة"
مجمع الكليات الصحية للطلاب بجامعة القصيم – College of Healt...,True,Government,"['Education', 'Government', 'Health']",3,529680608.0,96000.0,Al-Qaseem,بريدة,False,ok,True,2011-10-24,2014-03-14,872.0,2011.0,exact,exact,Delayed,True,حكومي,متأخر,"منطقة القصيم, بريدة"
المستشفى القصيم الجامعي – Al Qassim University Hospital,False,Government,"['Education', 'Government', 'Health']",3,442484484.0,48000.0,Al-Qaseem,بريدة,False,ok,True,2011-10-26,2015-04-08,1260.0,2011.0,exact,exact,Delayed,True,حكومي,متأخر,"منطقة القصيم, بريدة"
بوابات جامعة الملك سعود – Gates of King Saud University,False,Government,['Government'],1,,,Al-Riyadh,الرياض,False,empty,False,,,,,,,Under construction,False,حكومي,تحت الإنشاء,"منطقة الرياض, الرياض"
مستشفى الملك فيصل التخصصي و مركز الابحاث جدة – King Faisa...,True,Government,"['Government', 'Health', 'Scientific']",3,1770420638.0,21527820.83,Makkah Al-Mokarramah,جدة,False,ok,True,2013-09-01,,,2013.0,month-level,,Under construction,False,حكومي,تحت الإنشاء,"منطقة مكة المكرمة, جدة"
الضاحية السكنية بخليج سلمان – Salman Housing,False,Government,"['Government', 'Infrastructure', 'Residential']",3,,3000000.0,Makkah Al-Mokarramah,جدة,False,ok,False,2011-06-22,2020-04-01,3206.0,2011.0,exact,exact,Under construction,False,حكومي,تحت الإنشاء,"منطقة مكة المكرمة, جدة"
مركز المؤتمرات في الجامعة الأسلامية -Islamic University Conference Ce...,True,Government,"['Education', 'Government']",2,120000000.0,2000.0,Al-Madinah Al-Monawarah,المدينة المنورة,False,ok,True,2012-06-01,,,2012.0,month-level,,Under construction,False,حكومي,تحت الإنشاء,"منطقة المدينة المنورة, المدينة المنورة"
مدينة الملك عبدالله الرياضية – King Abdullah Sports City,False,Government,"['Government', 'Sports']",2,1900000000.0,3000000.0,Makkah Al-Mokarramah,جدة,False,ok,True,2013-03-01,2014-04-01,396.0,2013.0,month-level,exact,Completed,False,حكومي,مكتمل,"منطقة مكة المكرمة, جدة"
بحيرة مدن في الدمام – Dammam lake – MODON,False,Government,"['Government', 'Leisure/Tourism']",2,129000000.0,400000.0,Eastern Region,الدمام,False,ok,True,2013-01-01,2014-01-15,379.0,2013.0,year-level,exact,Completed,False,حكومي,مكتمل,"المنطقة الشرقية, الدمام"
قطار سار – SAR Railway,False,Government,"['Government', 'Infrastructure']",2,12000000000.0,,Al-Qaseem / Al-Jouf / Northern Borders / Al-Riyadh / Hail,"وعد الشمال, مدينة سدير للصناعة والأعمال, المجمعة, الرياض, بريدة, حائل, عرعر",True,linear_distance_not_area,True,,2017-02-26,,,,exact,Completed,False,حكومي,مكتمل,"وعد الشمال, منطقة القصيم, منطقة الجوف, منطقة الحدود الشمالية, منطقة الرياض, منطقة حائل, مدينة سدير للصناعة والأعمال, المجمعة, الرياض, بريدة, حائل, عرعر"
نفق تقاطع طريق الامير سعد بن عبدالرحمن الأول مع شارع ال...,True,Government,"['Government', 'Infrastructure']",2,,,Al-Riyadh,الرياض,False,empty,False,2012-07-12,2016-02-21,1319.0,2012.0,exact,exact,Delayed,True,حكومي,متأخر,"منطقة الرياض, الرياض"
المدينة الطبية بجامعة طيبة -Medical City of Taibah University,False,Government,"['Education', 'Government', 'Health']",3,1000000000.0,1630000.0,Al-Madinah Al-Monawarah,المدينة المنورة,False,ok,True,2013-06-16,,,2013.0,exact,,Under construction,False,حكومي,تحت الإنشاء,"منطقة المدينة المنورة, المدينة المنورة"
المركز الفرعي الشرقي بالرياض – Riyadh East Sub-Center,False,Government,"['Government', 'Infrastructure']",2,30000000000.0,7500000.0,Al-Riyadh,الرياض,False,ok,True,2012-01-01,2027-12-31,5843.0,2012.0,year-level,year-level,Proposed,False,حكومي,المشاريع المقترحة,"منطقة الرياض, الرياض"
محطة مترو الرياض الغربية – ARRIYADH METRO WESTERN STATION,False,Government,"['Government', 'Infrastructure']",2,,12500.0,Al-Riyadh,الرياض,False,ok,False,2015-05-29,2018-12-31,1312.0,2015.0,exact,year-level,Delayed,True,حكومي,متأخر,"منطقة الرياض, الرياض"
محطة أس تي سي – STC Metro Station,False,Government,"['Government', 'Infrastructure']",2,562500000.0,11000.0,Al-Riyadh,الرياض,False,ok,True,2014-04-03,2019-12-31,2098.0,2014.0,exact,year-level,Under construction,False,حكومي,تحت الإنشاء,"منطقة الرياض, الرياض"
محطة قصر الحكم – The Qasr Al Hokm Downtown Metro Station,False,Government,"['Government', 'Infrastructure']",2,,19600.0,Al-Riyadh,الرياض,False,ok,False,2014-01-01,2017-12-31,1460.0,2014.0,year-level,year-level,Delayed,True,حكومي,متأخر,"منطقة الرياض, الرياض"
محطة مركز الملك عبدالله المالي – King Abdullah Financial District Me...,True,Government,"['Government', 'Infrastructure']",2,,20434.0,Al-Riyadh,الرياض,False,ok,False,2014-01-01,2018-12-31,1825.0,2014.0,year-level,year-level,Delayed,True,حكومي,متأخر,"منطقة الرياض, الرياض"
قطار الرياض – Riyadh Metro,False,Government,"['Government', 'Infrastructure']",2,89701000000.0,,Al-Riyadh,الرياض,False,linear_distance_not_area,True,2014-01-01,2018-12-31,1825.0,2014.0,year-level,year-level,Delayed,True,حكومي,متأخر,"منطقة الرياض, الرياض"
حافلات الرياض – Riyadh Bus,False,Government,"['Government', 'Infrastructure']",2,,,Al-Riyadh,الرياض,False,linear_distance_not_area,False,2014-11-19,2018-12-31,1503.0,2014.0,exact,year-level,Delayed,True,حكومي,متأخر,"منطقة الرياض, الرياض"
مشروع الملك عبدالعزيز للنقل العام بمدينة الرياض – Kin...,True,Government,"['Government', 'Infrastructure']",2,84000000000.0,,Al-Riyadh,الرياض,False,linear_distance_not_area,True,2013-08-03,2018-12-31,1976.0,2013.0,exact,year-level,Delayed,True,حكومي,متأخر,"منطقة الرياض, الرياض"
مجمع الملك عبدالله الطبي تبوك – King Abdullah Medical Complex in Tabu...,True,Government,"['Government', 'Health']",2,1737000000.0,,Tabouk,تبوك,False,empty,True,,,,,,,Under construction,False,حكومي,تحت الإنشاء,"منطقة تبوك, تبوك"
مستشفى تبوك الجامعي – Tabuk University Hospital,False,Government,"['Education', 'Government', 'Health']",3,400256424.0,140000.0,Tabouk,تبوك,False,ok,True,2012-03-31,2018-02-08,2140.0,2012.0,exact,exact,Delayed,True,حكومي,متأخر,"منطقة تبوك, تبوك"
مشروع تطوير طريق أبي بكر الصديق (المرحلة الأولى والثان�...,True,Government,"['Government', 'Infrastructure']",2,,,Al-Riyadh,الرياض,False,linear_distance_not_area,False,,,,,,,Under construction,False,حكومي,تحت الإنشاء,"منطقة الرياض, الرياض"
مركز الملك عبدالله للأورام وأمراض الكبد – King Abdullah Cent...,True,Government,"['Government', 'Health']",2,1028497607.0,19210.0,Al-Riyadh,الرياض,False,ok,True,2011-02-20,2017-04-09,2240.0,2011.0,exact,exact,Completed,False,حكومي,مكتمل,"منطقة الرياض, الرياض"
التأهيل البيئي لوادي العقيق – Wadi Al Aqeeq Rehabilitation,False,Government,"['Government', 'Infrastructure']",2,1700000000.0,,Al-Madinah Al-Monawarah,المدينة المنورة,False,empty,True,2015-07-01,,,2015.0,month-level,,Under construction,False,حكومي,تحت الإنشاء,"منطقة المدينة المنورة, المدينة المنورة"
مقر نادي احد – Ohod Club,False,Government,"['Government', 'Sports']",2,80000000.0,145000.0,Al-Madinah Al-Monawarah,المدينة المنورة,False,ok,True,2011-05-01,2017-03-02,2132.0,2011.0,month-level,exact,Completed,False,حكومي,مكتمل,"منطقة المدينة المنورة, المدينة المنورة"
محطة قطار الحرمين المدينة المنورة – Haramain High-speed Railway M...,True,Government,"['Government', 'Infrastructure']",2,1545822769.0,147000.0,Al-Madinah Al-Monawarah,المدينة المنورة,False,ok,True,2011-09-02,2015-12-31,1581.0,2011.0,exact,year-level,Completed,False,حكومي,مكتمل,"منطقة المدينة المنورة, المدينة المنورة"
برج المعرفة – مقر مدينة الملك عبدالعزيز للعلوم والت�...,True,Government,['Government'],1,500000000.0,,Al-Riyadh,الرياض,False,empty,True,2014-01-01,2016-03-21,810.0,2014.0,year-level,exact,Delayed,True,حكومي,متأخر,"منطقة الرياض, الرياض"
مبنى أمانة منطقة حائل – Hail Municipality Headquarters,False,Government,['Government'],1,97700000.0,57775.0,Hail,حائل,False,ok,True,2014-03-30,2017-03-14,1080.0,2014.0,exact,exact,Delayed,True,حكومي,متأخر,"منطقة حائل, حائل"
مستشفى حائل الجامعي – University Hospital in Hail,False,Government,"['Education', 'Government', 'Health']",3,,541325.0,Hail,حائل,False,ok,False,2012-02-15,2015-08-19,1281.0,2012.0,exact,exact,Delayed,True,حكومي,متأخر,"منطقة حائل, حائل"
مستشفى الملك سلمان التخصصي – King Salman Specialist Hospital,False,Government,"['Government', 'Health']",2,240000000.0,,Hail,حائل,False,empty,True,2014-10-09,2017-10-22,1109.0,2014.0,exact,exact,Delayed,True,حكومي,متأخر,"منطقة حائل, حائل"
النادي الأدبي الثقافي -Literary Club of Hail,False,Government,"['Government', 'Religious/Charity', 'Scientific']",3,23500000.0,10000.0,Hail,حائل,False,ok,True,,2016-04-12,,,,exact,Completed,False,حكومي,مكتمل,"منطقة حائل, حائل"
مستشفى حائل العام – Hail General Hospital,False,Government,"['Government', 'Health']",2,301478802.0,245000.0,Hail,حائل,False,ok,True,2011-12-03,2015-05-20,1264.0,2011.0,exact,exact,Stalled,True,حكومي,متعثر,"منطقة حائل, حائل"
مركز الأمير سلطان الحضاري – Prince Sultan Cultural Center,False,Government,"['Government', 'Infrastructure']",2,6000000000.0,2000000.0,Makkah Al-Mokarramah,جدة,False,ok,True,2010-01-10,,,2010.0,exact,,Under construction,False,حكومي,تحت الإنشاء,"منطقة مكة المكرمة, جدة"
واجهة جدة البحرية – Jeddah Waterfront – JW,False,Government,"['Government', 'Leisure/Tourism']",2,796984811.0,727281.0,Makkah Al-Mokarramah,جدة,False,ok,True,2015-07-01,2017-08-25,786.0,2015.0,month-level,exact,Completed,False,حكومي,مكتمل,"منطقة مكة المكرمة, جدة"
تطوير حي الطريف التاريخي – The Atturaif Development,False,Government,"['Government', 'Leisure/Tourism', 'Scientific']",3,394000000.0,234717.0,Al-Riyadh,الدرعية,False,ok,True,2011-05-01,2017-08-31,2314.0,2011.0,month-level,month-level,Delayed,True,حكومي,متأخر,"منطقة الرياض, الدرعية"
تطوير حي البجيري – Development of Al-Bujairi neighborhood,False,Government,"['Government', 'Leisure/Tourism']",2,,,Al-Riyadh,الرياض,False,linear_distance_not_area,False,2010-07-20,2015-04-09,1724.0,2010.0,exact,exact,Completed,False,حكومي,مكتمل,"منطقة الرياض, الرياض"
تطوير وسط الرياض – Developing the Center of Riyadh,False,Government,"['Government', 'Infrastructure']",2,,15000000.0,Al-Riyadh,الرياض,False,ok,False,,,,,,,Announced,False,حكومي,معلن عنه,"منطقة الرياض, الرياض"
المخطط العيني بالمدينة المنورة – MADINAH Infrastructure,False,Government,"['Government', 'Infrastructure']",2,6200000000.0,25000000.0,Al-Madinah Al-Monawarah,المدينة المنورة,False,ok,True,2014-04-10,2016-05-31,782.0,2014.0,exact,month-level,Delayed,True,حكومي,متأخر,"منطقة المدينة المنورة, المدينة المنورة"
أوقاف جامعة الملك سعود – King Saud University – Awqaf,False,Government,"['Commercial', 'Education', 'Government', 'Health', 'Leisure/Tourism', 'Residential', 'Scientific']",7,,720000.0,Al-Riyadh,الرياض,False,ok,False,,,,,,,Under construction,False,حكومي,تحت الإنشاء,"منطقة الرياض, الرياض"
إسكان المدينة المنورة – Housing in Madinah,False,Government,"['Government', 'Infrastructure', 'Residential']",3,182000000.0,1600270.0,Al-Madinah Al-Monawarah,المدينة المنورة,False,ok,True,2013-10-01,,,2013.0,month-level,,Under construction,False,حكومي,تحت الإنشاء,"منطقة المدينة المنورة, المدينة المنورة"
اسكان الطائف – Taif Housing,False,Government,"['Government', 'Infrastructure', 'Residential']",3,,12000000.0,Makkah Al-Mokarramah,الطائف,False,ok,False,,,,,,,Announced,False,حكومي,معلن عنه,"منطقة مكة المكرمة, الطائف"
حراج ابن قاسم الجديد,False,Government,"['Commercial', 'Government', 'Infrastructure', 'Leisure/Tourism']",4,,300000.0,Al-Riyadh,الرياض,False,ok,False,,2015-06-01,,,,exact,Completed,False,حكومي,مكتمل,"منطقة الرياض, الرياض"
مستشفى المدينة المنورة التخصصي – Madinah Specialized Hospital,False,Government,"['Government', 'Health', 'Infrastructure', 'Religious/Charity']",4,450884874.0,180000.0,Al-Madinah Al-Monawarah,المدينة المنورة,False,ok,True,2009-05-01,2014-05-07,1832.0,2009.0,month-level,exact,Delayed,True,حكومي,متأخر,"منطقة المدينة المنورة, المدينة المنورة"
مستشفى الميقات العام – Meeqat General Hospital,False,Government,"['Government', 'Health', 'Infrastructure', 'Religious/Charity', 'Residential']",5,416000000.0,64500.0,Al-Madinah Al-Monawarah,المدينة المنورة,False,ok,True,2012-06-17,2016-06-01,1445.0,2012.0,exact,exact,Delayed,True,حكومي,متأخر,"منطقة المدينة المنورة, المدينة المنورة"
وادي مكة للتقنية – Wadi Makkah,False,Government,"['Government', 'Scientific']",2,4000000000.0,400000.0,Makkah Al-Mokarramah,مكة المكرمة,False,ok,True,2014-09-20,2024-09-20,3653.0,2014.0,exact,exact,Under construction,False,حكومي,تحت الإنشاء,"مكة المكرمة, منطقة مكة المكرمة"
منتزه الملك سلمان البري بالرياض – King Salman Park in Riyadh,False,Government,"['Government', 'Infrastructure', 'Leisure/Tourism']",3,,3400000.0,Al-Riyadh,الرياض,False,ok,False,2010-01-03,2016-03-10,2258.0,2010.0,exact,exact,Completed,False,حكومي,مكتمل,"منطقة الرياض, الرياض"
مركز الملك سلمان الدولي للمؤتمرات – King Salman International Con...,True,Government,['Government'],1,880000000.0,91000.0,Al-Madinah Al-Monawarah,المدينة المنورة,False,ok,True,2015-05-01,2018-09-26,1244.0,2015.0,month-level,exact,Completed,False,حكومي,مكتمل,"منطقة المدينة المنورة, المدينة المنورة"
دار الهجرة – DAR AL HIJJRA,False,Government,"['Education', 'Government', 'Health', 'Hospitality', 'Infrastructure', 'Leisure/Tourism']",6,55000000000.0,1600000.0,Al-Madinah Al-Monawarah,المدينة المنورة,False,ok,True,2014-07-22,2017-07-22,1096.0,2014.0,exact,exact,Delayed,True,حكومي,متأخر,"منطقة المدينة المنورة, المدينة المنورة"
بوابة مكة – Makkah Gate,False,Government,"['Education', 'Government', 'Health', 'Infrastructure', 'Leisure/Tourism', 'Residential']",6,,83000000.0,Makkah Al-Mokarramah,مكة المكرمة,False,ok,False,2011-03-05,,,2011.0,exact,,Announced,False,حكومي,معلن عنه,"مكة المكرمة, منطقة مكة المكرمة"
جسر طريق العروبة مع التخصصي – Al-Orouba Road AlTakhassusi Road Bridge...,True,Government,"['Government', 'Infrastructure']",2,70000000.0,1750.0,Al-Riyadh,الرياض,False,ok,True,2013-03-20,2017-05-21,1523.0,2013.0,exact,exact,Completed,False,حكومي,مكتمل,"منطقة الرياض, الرياض"
الدائري الثاني لمدينة الرياض – Second Ring Riyadh,False,Government,"['Government', 'Infrastructure']",2,,,Al-Riyadh,الرياض,False,linear_distance_not_area,False,,,,,,,Announced,False,حكومي,معلن عنه,"منطقة الرياض, الرياض"
فندق ميلينيوم تبوك – Millennium Tabuk Hotel,False,Government,"['Government', 'Hospitality']",2,430000000.0,51000.0,Tabouk,تبوك,False,ok,True,2011-11-22,2017-12-28,2228.0,2011.0,exact,exact,Delayed,True,حكومي,متأخر,"منطقة تبوك, تبوك"
مدينة المعرفة الاقتصادية – Knowledge Economic City,False,Government,"['Commercial', 'Education', 'Government', 'Health', 'Hospitality', 'Infrastructure', 'Leisure/Tourism', 'Religious/Charity', 'Residential']",9,25000000000.0,4800000.0,Al-Madinah Al-Monawarah,المدينة المنورة,False,ok,True,2009-04-15,2024-04-15,5479.0,2009.0,exact,exact,Under construction,False,حكومي,تحت الإنشاء,"منطقة المدينة المنورة, المدينة المنورة"
تطوير الكورنيش الشمالي في الخبر – Developing the North Corniche in...,True,Government,"['Government', 'Leisure/Tourism']",2,230000000.0,,Eastern Region,الخبر,False,linear_distance_not_area,True,2010-08-01,2017-08-05,2561.0,2010.0,month-level,exact,Delayed,True,حكومي,متأخر,"المنطقة الشرقية, الخبر"
إسكان المجمعة – Al Majmaa Housing,False,Government,"['Government', 'Residential']",2,,525000.0,Al-Riyadh,المجمعة,False,ok,False,,,,,,,Under construction,False,حكومي,تحت الإنشاء,"منطقة الرياض, المجمعة"
مركز التراث العمراني بالدرعية – Archaeology Centre of Al-Dir’i...,True,Government,"['Education', 'Government', 'Leisure/Tourism']",3,,4000.0,Al-Riyadh,الدرعية,False,ok,False,,,,,,,Announced,False,حكومي,معلن عنه,"منطقة الرياض, الدرعية"
المدينة الهجومية بالحرس الوطني – Building of Combat Training City...,True,Government,"['Government', 'Residential']",2,,78000.0,Al-Riyadh,الرياض,False,ok,False,,,,,,,Completed,False,حكومي,مكتمل,"منطقة الرياض, الرياض"
برج خزان المياه بتبوك – Water Tower Tabuk,False,Government,"['Commercial', 'Government', 'Infrastructure', 'Leisure/Tourism']",4,49987907.0,65000.0,Tabouk,تبوك,False,ok,True,2003-02-22,2011-04-01,2960.0,2003.0,exact,exact,Completed,False,حكومي,مكتمل,"منطقة تبوك, تبوك"
مبنى أمانة محافظة جدة – Jeddah Municipality Headquarter,False,Government,['Government'],1,246195384.0,25000.0,Makkah Al-Mokarramah,جدة,False,ok,True,2002-02-01,2005-08-01,1277.0,2002.0,month-level,exact,Completed,False,حكومي,مكتمل,"منطقة مكة المكرمة, جدة"
طريق مكة المكرمة – جدة المباشر – Jeddah – Makkah direct Ro...,True,Government,"['Government', 'Infrastructure']",2,814407216.0,,Makkah Al-Mokarramah,"مكة المكرمة, جدة",False,linear_distance_not_area,True,2014-01-01,,,2014.0,year-level,,Under construction,False,حكومي,تحت الإنشاء,"مكة المكرمة, منطقة مكة المكرمة, جدة"
طريق الدائري الثاني بجدة – Second Ring Road Jeddah,False,Government,"['Government', 'Infrastructure']",2,9050000000.0,,Makkah Al-Mokarramah,جدة,False,linear_distance_not_area,True,2009-01-01,,,2009.0,year-level,,Under construction,False,حكومي,تحت الإنشاء,"منطقة مكة المكرمة, جدة"
قلب جدة – Heart of Jeddah,False,Government,"['Commercial', 'Government', 'Infrastructure', 'Leisure/Tourism', 'Residential']",5,,1700000.0,Makkah Al-Mokarramah,جدة,False,ok,False,,,,,,,Announced,False,حكومي,معلن عنه,"منطقة مكة المكرمة, جدة"
المجمع الرياضي بجامعة الملك عبد العزيز – Sports Facility at K...,True,Government,"['Education', 'Government', 'Leisure/Tourism', 'Sports']",4,197205696.0,150351.0,Makkah Al-Mokarramah,جدة,False,ok,True,2012-04-11,2016-11-17,1681.0,2012.0,exact,exact,Completed,False,حكومي,مكتمل,"منطقة مكة المكرمة, جدة"
سوق السمك المركزي بجدة – Jeddah Central Fish Market,False,Government,"['Government', 'Leisure/Tourism']",2,,,Makkah Al-Mokarramah,جدة,False,empty,False,,,,,,,Cancelled,True,حكومي,ملغي,"منطقة مكة المكرمة, جدة"
حدائق الملك عبدالله العالمية – King Abdullah International Gardens...,True,Government,"['Government', 'Leisure/Tourism']",2,1227000000.0,2400000.0,Al-Riyadh,الرياض,False,ok,True,2014-02-27,,,2014.0,exact,,Under construction,False,حكومي,تحت الإنشاء,"منطقة الرياض, الرياض"
منتزة الملك فهد في الدمام – King Fahad Park in Dammam,False,Government,"['Government', 'Leisure/Tourism']",2,,1070950.0,Eastern Region,الدمام,False,ok,False,2015-04-04,2018-06-10,1163.0,2015.0,exact,exact,Announced,False,حكومي,معلن عنه,"المنطقة الشرقية, الدمام"
كورنيش تبوك – Tabuk Corniche,False,Government,"['Commercial', 'Government', 'Leisure/Tourism']",3,,,Tabouk,تبوك,False,empty,False,,,,,,,Under construction,False,حكومي,تحت الإنشاء,"منطقة تبوك, تبوك"
مشروع الملك عبدالله بن عبدالعزيز لتطوير المقرات الأمن�...,True,Government,['Government'],1,,,Tabouk,تبوك,False,empty,False,,,,,,,Under construction,False,حكومي,تحت الإنشاء,"منطقة تبوك, تبوك"
المدينة الرياضية بجامعة الملك سعود – City Saud University Sports...,True,Government,"['Government', 'Leisure/Tourism', 'Sports']",3,215609660.0,240000.0,Al-Riyadh,الرياض,False,ok,True,2012-01-18,2015-05-07,1205.0,2012.0,exact,exact,Completed,False,حكومي,مكتمل,"منطقة الرياض, الرياض"
أبراج كدي – Abraj Kudai,False,Government,"['Government', 'Hospitality', 'Leisure/Tourism']",3,13000000000.0,60000.0,Makkah Al-Mokarramah,مكة المكرمة,False,ok,True,2014-01-01,2019-07-01,2007.0,2014.0,year-level,exact,Delayed,True,حكومي,متأخر,"مكة المكرمة, منطقة مكة المكرمة"
مركز المعلومات التابع للبريد السعودي – Information Center of T...,True,Government,['Government'],1,80000000.0,20000.0,Al-Riyadh,الرياض,False,ok,True,2014-03-01,,,2014.0,month-level,,Under construction,False,حكومي,تحت الإنشاء,"منطقة الرياض, الرياض"
جامعة تبوك – Tabuk of University,False,Government,"['Education', 'Government']",2,,12000000.0,Tabouk,تبوك,False,ok,False,2008-06-01,,,2008.0,month-level,,Under construction,False,حكومي,تحت الإنشاء,"منطقة تبوك, تبوك"
مركز الملك عبدالعزيز الثقافي العالمي – King Abdulaziz Centre f...,True,Government,"['Government', 'Leisure/Tourism', 'Scientific']",3,1600000000.0,45000.0,Eastern Region,الظهران,False,ok,True,2010-05-01,2016-06-05,2227.0,2010.0,month-level,exact,Completed,False,حكومي,مكتمل,"المنطقة الشرقية, الظهران"
مركز أبحاث التقنية الحيوية في ‫مدينة الملك عبدالعزيز �...,True,Government,"['Government', 'Scientific']",2,,,Al-Riyadh,الرياض,False,empty,False,2014-09-25,2016-06-16,630.0,2014.0,exact,exact,Delayed,True,حكومي,متأخر,"منطقة الرياض, الرياض"
مشروع تأهيل وادي السلي بيئاً وحضرياً,False,Government,"['Government', 'Infrastructure']",2,,,Al-Riyadh,الرياض,False,linear_distance_not_area,False,,,,,,,Under construction,False,حكومي,تحت الإنشاء,"منطقة الرياض, الرياض"
مركز الملك عبدالله الحضاري في الدمام – King Abdullah Cultural C...,True,Government,"['Government', 'Leisure/Tourism']",2,600000000.0,250000.0,Eastern Region,الدمام,False,ok,True,2011-10-15,2018-02-10,2310.0,2011.0,exact,exact,Delayed,True,حكومي,متأخر,"المنطقة الشرقية, الدمام"
توسعة حقل شيبه النفطي – Shaybah Oil Field Expansion,False,Government,"['Government', 'Industrial']",2,,,Eastern Region,,False,empty,False,,2016-12-31,,,,year-level,Completed,False,حكومي,مكتمل,المنطقة الشرقية
توسعة وتطوير مطار الملك خالد الدولي – King Khalid International...,True,Government,"['Government', 'Infrastructure']",2,5400000000.0,3060000.0,Al-Riyadh,الرياض,False,ok,True,,2019-05-20,,,,exact,Delayed,True,حكومي,متأخر,"منطقة الرياض, الرياض"
تقاطع طريق الملك عبد العزيز مع شارعي فلسطين والحمراء...,True,Government,"['Government', 'Infrastructure']",2,314261602.0,,Makkah Al-Mokarramah,جدة,False,empty,True,2014-04-01,2017-04-01,1096.0,2014.0,month-level,exact,Delayed,True,حكومي,متأخر,"منطقة مكة المكرمة, جدة"
تقاطع طريق الأمير ماجد مع طريق مكة القديم – Old Makkah Rd/Pr...,True,Government,"['Government', 'Infrastructure']",2,197500000.0,,Makkah Al-Mokarramah,جدة,False,empty,True,2014-07-01,2018-03-05,1343.0,2014.0,month-level,exact,Completed,False,حكومي,مكتمل,"منطقة مكة المكرمة, جدة"
إستراتيجية وخطط تنفيذ صرف مياه الأمطار في مدينة تبوك...,True,Government,"['Government', 'Infrastructure']",2,950000000.0,,Tabouk,تبوك,False,empty,True,,,,,,,Under construction,False,حكومي,تحت الإنشاء,"منطقة تبوك, تبوك"
طريق الملك عبدالعزيز بمكة المكرمة – KAAR,False,Government,"['Government', 'Infrastructure', 'Leisure/Tourism', 'Residential']",4,6400000000.0,1200000.0,Makkah Al-Mokarramah,مكة المكرمة,False,ok,True,2010-02-01,2030-12-31,7638.0,2010.0,month-level,year-level,Under construction,False,حكومي,تحت الإنشاء,"مكة المكرمة, منطقة مكة المكرمة"
برنامج تطوير طريق الملك عبدالله – King Abdullah Road Development Pr...,True,Government,"['Government', 'Infrastructure']",2,1576549328.0,,Al-Riyadh,الرياض,False,linear_distance_not_area,True,2008-05-01,2017-12-31,3531.0,2008.0,month-level,year-level,Delayed,True,حكومي,متأخر,"منطقة الرياض, الرياض"
تقاطع طريق الأمير محمد بن فهد مع الخليفة علي بن أبي طال�...,True,Government,"['Government', 'Infrastructure']",2,127985051.0,,Eastern Region,الدمام,False,linear_distance_not_area,True,2014-08-02,2016-08-13,742.0,2014.0,exact,exact,Delayed,True,حكومي,متأخر,"المنطقة الشرقية, الدمام"
الرائدة المدينة الرقمية – AlRAIDAH Digital City,False,Government,"['Commercial', 'Government', 'Infrastructure', 'Leisure/Tourism', 'Residential', 'Scientific']",6,6200000000.0,1900000.0,Al-Riyadh,الرياض,False,ok,True,,2017-03-31,,,,month-level,Completed,False,حكومي,مكتمل,"منطقة الرياض, الرياض"
مركز الملك عبد الله للدراسات والبحوث البترولية – KAPSA...,True,Government,"['Government', 'Scientific']",2,2000000000.0,530000.0,Al-Riyadh,الرياض,False,ok,True,2011-09-14,2016-01-20,1589.0,2011.0,exact,exact,Completed,False,حكومي,مكتمل,"منطقة الرياض, الرياض"
مستشفى الصحة النفسية لعلاج الادمان والإضطراب النفسي ب�...,True,Government,"['Government', 'Health']",2,,,Al-Riyadh,الرياض,False,empty,False,,,,,,,Under construction,False,حكومي,تحت الإنشاء,"منطقة الرياض, الرياض"
جسر المعيزيلة,False,Government,"['Government', 'Infrastructure']",2,514000000.0,,Al-Riyadh,الرياض,False,empty,True,2013-06-12,2014-12-31,567.0,2013.0,exact,year-level,Completed,False,حكومي,مكتمل,"منطقة الرياض, الرياض"
مستشفى طب وجراحة الأعصاب – NGHA Neuroscience Center,False,Government,"['Government', 'Health']",2,,70000.0,Makkah Al-Mokarramah,جدة,False,ok,False,2014-07-01,,,2014.0,month-level,,Under construction,False,حكومي,تحت الإنشاء,"منطقة مكة المكرمة, جدة"
تطوير مكتبة دار العلوم – Dar Al Uloum Development,False,Religious/Charity,"['Religious/Charity', 'Scientific']",2,,25000.0,Al-Jouf,سكاكا,False,ok,False,,,,,,,Announced,False,ديني/خيري,معلن عنه,"منطقة الجوف, سكاكا"
مركز عبداللطيف الفوزان للتوحد – Abdullatif Al Fozan Autism Center...,True,Religious/Charity,"['Education', 'Religious/Charity', 'Sports']",3,62000000.0,18000.0,Eastern Region,الخبر,False,ok,True,2016-06-20,2018-12-31,924.0,2016.0,exact,year-level,Delayed,True,ديني/خيري,متأخر,"المنطقة الشرقية, الخبر"
أكاديمية المدينة المنورة العالمية “مداك” –  Al M...,True,Religious/Charity,"['Education', 'Religious/Charity']",2,200000000.0,100000.0,Al-Madinah Al-Monawarah,المدينة المنورة,False,ok,True,,,,,,,Announced,False,ديني/خيري,معلن عنه,"منطقة المدينة المنورة, المدينة المنورة"
ضاحية الحسينية – Al Husayniyah Subrub,False,Religious/Charity,"['Commercial', 'Hospitality', 'Infrastructure', 'Leisure/Tourism', 'Religious/Charity', 'Residential']",6,,7541130.0,Makkah Al-Mokarramah,مكة المكرمة,False,ok,False,,,,,,,Announced,False,ديني/خيري,معلن عنه,"مكة المكرمة, منطقة مكة المكرمة"
مكتبة الحرم – Al Haram Library,False,Religious/Charity,"['Government', 'Religious/Charity', 'Scientific']",3,,18000.0,Makkah Al-Mokarramah,مكة المكرمة,False,ok,False,,,,,,,Announced,False,ديني/خيري,معلن عنه,"مكة المكرمة, منطقة مكة المكرمة"
مبنى الصالحية – Al Salehia Building,False,Religious/Charity,"['Commercial', 'Religious/Charity', 'Residential']",3,,8000.0,Makkah Al-Mokarramah,جدة,False,ok,False,,,,,,,Announced,False,ديني/خيري,معلن عنه,"منطقة مكة المكرمة, جدة"
صحار – Sahar,False,Religious/Charity,"['Commercial', 'Education', 'Health', 'Religious/Charity', 'Residential']",5,4000000000.0,600000.0,Al-Qaseem,بريدة,False,ok,True,2006-10-01,,,2006.0,month-level,,Under construction,False,ديني/خيري,تحت الإنشاء,"منطقة القصيم, بريدة"
توسعة المسعى – Masaa expansion,False,Religious/Charity,"['Government', 'Religious/Charity']",2,,72000.0,Makkah Al-Mokarramah,مكة المكرمة,False,ok,False,2007-01-01,2009-12-31,1095.0,2007.0,year-level,year-level,Completed,False,ديني/خيري,مكتمل,"مكة المكرمة, منطقة مكة المكرمة"
ابراج الصفوة – Safwa Towers,False,Religious/Charity,"['Commercial', 'Hospitality', 'Religious/Charity']",3,1000000000.0,22000.0,Makkah Al-Mokarramah,مكة المكرمة,False,ok,True,2005-03-01,2009-12-31,1766.0,2005.0,month-level,year-level,Completed,False,ديني/خيري,مكتمل,"مكة المكرمة, منطقة مكة المكرمة"
وقف مستشفى لعلاج السرطان – Cancer Patients Care Endowment,False,Religious/Charity,"['Health', 'Religious/Charity']",2,147000000.0,4700.0,Makkah Al-Mokarramah,جدة,False,ok,True,2015-10-01,2018-12-31,1187.0,2015.0,month-level,year-level,Delayed,True,ديني/خيري,متأخر,"منطقة مكة المكرمة, جدة"
وقف الملك عبدالله لوالديه – King Abdullah Endowment for His Parents,False,Religious/Charity,"['Commercial', 'Hospitality', 'Religious/Charity']",3,2500000000.0,21000.0,Al-Madinah Al-Monawarah,المدينة المنورة,False,ok,True,2003-01-01,2019-12-31,6208.0,2003.0,year-level,year-level,Stalled,True,ديني/خيري,متعثر,"منطقة المدينة المنورة, المدينة المنورة"
قرية إكرام – Ikram Village,False,Religious/Charity,['Religious/Charity'],1,45000000.0,30000.0,Al-Baha,بلجرشي,False,ok,True,2018-05-30,,,2018.0,exact,,Under construction,False,ديني/خيري,تحت الإنشاء,"منطقة الباحة, بلجرشي"
مسجد الجبري – Al Jabri Mosque,False,Religious/Charity,['Religious/Charity'],1,,22500.0,Hail,حائل,False,ok,False,,,,,,,Proposed,False,ديني/خيري,المشاريع المقترحة,"منطقة حائل, حائل"
جامع والدة الامير مقرن بن عبدالعزيز بالملقا,False,Religious/Charity,['Religious/Charity'],1,,6300.0,Al-Riyadh,الرياض,False,ok,False,2017-01-01,,,2017.0,year-level,,Under construction,False,ديني/خيري,تحت الإنشاء,"منطقة الرياض, الرياض"
مسجد جازان – Jazan Mosque,False,Religious/Charity,['Religious/Charity'],1,5000000.0,6000.0,Jazan,جازان,False,ok,True,,,,,,,Proposed,False,ديني/خيري,المشاريع المقترحة,"منطقة جازان, جازان"
سُكنى – Sukna,False,Religious/Charity,"['Commercial', 'Government', 'Religious/Charity', 'Residential', 'Sports']",5,,1414221.0,Makkah Al-Mokarramah,جدة,False,ok,False,2016-11-01,2020-12-31,1521.0,2016.0,month-level,year-level,Under construction,False,ديني/خيري,تحت الإنشاء,"منطقة مكة المكرمة, جدة"
الإسكان التنموي بالأفلاج – Aflaj Developmental Housing,False,Religious/Charity,"['Religious/Charity', 'Residential']",2,3000000.0,500000.0,Al-Riyadh,الأفلاج,False,ok,True,2007-09-21,2011-05-19,1336.0,2007.0,exact,exact,Completed,False,ديني/خيري,مكتمل,"منطقة الرياض, الأفلاج"
ضواحي مركز الملك عبدالله المالي – KAFD Enviros Development,False,Religious/Charity,"['Commercial', 'Infrastructure', 'Leisure/Tourism', 'Religious/Charity', 'Residential']",5,,5000000.0,Al-Riyadh,الرياض,False,ok,False,,,,,,,Announced,False,ديني/خيري,معلن عنه,"منطقة الرياض, الرياض"
مسجد مركز الملك عبدالله المالي – KAFD Mosque,False,Religious/Charity,['Religious/Charity'],1,,,Al-Riyadh,الرياض,False,empty,False,2011-01-01,2014-12-31,1460.0,2011.0,year-level,year-level,Completed,False,ديني/خيري,مكتمل,"منطقة الرياض, الرياض"
جامع مركز الملك عبدالله المالي – KAFD Grand Mosque,False,Religious/Charity,['Religious/Charity'],1,90000000.0,10760.0,Al-Riyadh,الرياض,False,ok,True,,2015-12-31,,,,year-level,Completed,False,ديني/خيري,مكتمل,"منطقة الرياض, الرياض"
جامع العثمان – Othman Mosque,False,Religious/Charity,['Religious/Charity'],1,,8437.0,Al-Riyadh,الخرج,False,ok,False,,,,,,,Under construction,False,ديني/خيري,تحت الإنشاء,"منطقة الرياض, الخرج"
مسجد الشيخ صالح الراجحي –  Sheikh Saleh Al-Rajhi Mosque,False,Religious/Charity,['Religious/Charity'],1,,4700.0,Al-Riyadh,الرياض,False,ok,False,,,,,,,Announced,False,ديني/خيري,معلن عنه,"منطقة الرياض, الرياض"
مدينة الأحلام,False,Religious/Charity,"['Commercial', 'Education', 'Health', 'Hospitality', 'Infrastructure', 'Leisure/Tourism', 'Religious/Charity', 'Residential', 'Sports']",9,4000000000.0,800000.0,Aseer,خميس مشيط,False,ok,True,,,,,,,Announced,False,ديني/خيري,معلن عنه,"منطقة عسير, خميس مشيط"
نادي إزميرالدا – Esmeralda,False,Religious/Charity,"['Leisure/Tourism', 'Religious/Charity', 'Sports']",3,,14715.0,Makkah Al-Mokarramah,مدينة الملك عبدالله الاقتصادية,False,ok,False,2008-05-20,,,2008.0,exact,,Under construction,False,ديني/خيري,تحت الإنشاء,"منطقة مكة المكرمة, مدينة الملك عبدالله الاقتصادية"
وقف القرآن الكريم الرابع –  Quran Endowment 4th,False,Religious/Charity,['Religious/Charity'],1,45000000.0,9284.0,Eastern Region,"الجبيل, الجبيل الصناعية",False,ok,True,2013-05-12,2016-11-30,1298.0,2013.0,exact,month-level,Completed,False,ديني/خيري,مكتمل,"المنطقة الشرقية, الجبيل, الجبيل الصناعية"
جسر الجمرات – Jamarat Bridge,False,Religious/Charity,"['Government', 'Religious/Charity']",2,4500000000.0,358000.0,Makkah Al-Mokarramah,مكة المكرمة,False,ok,True,2006-01-16,2009-11-07,1391.0,2006.0,exact,exact,Completed,False,ديني/خيري,مكتمل,"مكة المكرمة, منطقة مكة المكرمة"
تطوير درب الخليل,False,Religious/Charity,"['Commercial', 'Hospitality', 'Religious/Charity', 'Residential']",4,7000000000.0,65000.0,Makkah Al-Mokarramah,مكة المكرمة,False,ok,True,,,,,,,Announced,False,ديني/خيري,معلن عنه,"مكة المكرمة, منطقة مكة المكرمة"
واحة الملك عبدالله للحوار الحضاري,False,Religious/Charity,"['Government', 'Religious/Charity']",2,,,Makkah Al-Mokarramah,مكة المكرمة,False,empty,False,,,,,,,Announced,False,ديني/خيري,معلن عنه,"مكة المكرمة, منطقة مكة المكرمة"
سكن منسوبي وزارة الحرس الوطني,False,Religious/Charity,"['Commercial', 'Education', 'Government', 'Health', 'Religious/Charity', 'Residential']",6,1500000000.0,718468.0,Makkah Al-Mokarramah,مدينة الملك عبدالله الاقتصادية,False,ok,True,,2017-12-31,,,,year-level,Delayed,True,ديني/خيري,متأخر,"منطقة مكة المكرمة, مدينة الملك عبدالله الاقتصادية"
التوسعة الثالثة للمسجد الحرام – Grand Mosque Third Expansion,False,Religious/Charity,['Religious/Charity'],1,40000000000.0,750000.0,Makkah Al-Mokarramah,مكة المكرمة,False,ok,True,2008-01-06,2021-12-31,5108.0,2008.0,exact,year-level,Under construction,False,ديني/خيري,تحت الإنشاء,"مكة المكرمة, منطقة مكة المكرمة"
جامع الشيخ محمد الفلقي بمحايل عسير,False,Religious/Charity,['Religious/Charity'],1,,32000.0,Aseer,محايل عسير,False,ok,False,2012-03-02,2014-01-16,685.0,2012.0,exact,exact,Completed,False,ديني/خيري,مكتمل,"منطقة عسير, محايل عسير"
خير مكة – Khair Makkah,False,Religious/Charity,"['Commercial', 'Hospitality', 'Religious/Charity']",3,700000000.0,7000.0,Makkah Al-Mokarramah,مكة المكرمة,False,ok,True,2015-12-01,,,2015.0,month-level,,Under construction,False,ديني/خيري,تحت الإنشاء,"مكة المكرمة, منطقة مكة المكرمة"
مشروع الرائدة السكني – Public Pension Agency Project,False,Religious/Charity,"['Commercial', 'Education', 'Health', 'Hospitality', 'Infrastructure', 'Religious/Charity', 'Residential']",7,,2500000.0,Makkah Al-Mokarramah,جدة,False,ok,False,2014-04-02,2024-12-31,3926.0,2014.0,exact,year-level,Under construction,False,ديني/خيري,تحت الإنشاء,"منطقة مكة المكرمة, جدة"
مركز معارض الرياض الدولي,False,Religious/Charity,"['Commercial', 'Education', 'Government', 'Industrial', 'Leisure/Tourism', 'Religious/Charity']",6,,189000.0,Al-Riyadh,الرياض,False,ok,False,,2008-12-31,,,,year-level,Completed,False,ديني/خيري,مكتمل,"منطقة الرياض, الرياض"
برج العنود الأول – الرياض,False,Religious/Charity,"['Hospitality', 'Religious/Charity']",2,300000000.0,5000.0,Al-Riyadh,الرياض,False,ok,True,2005-04-16,2007-11-12,940.0,2005.0,exact,exact,Completed,False,ديني/خيري,مكتمل,"منطقة الرياض, الرياض"
مؤسسة رعاية الفتيات-حائل,False,Religious/Charity,"['Government', 'Religious/Charity']",2,41039813.0,,Hail,حائل,False,empty,True,2015-02-21,,,2015.0,exact,,Under construction,False,ديني/خيري,تحت الإنشاء,"منطقة حائل, حائل"
سوق الأسر المنتجه,False,Religious/Charity,['Religious/Charity'],1,,,Hail,حائل,False,empty,False,,,,,,,Under construction,False,ديني/خيري,تحت الإنشاء,"منطقة حائل, حائل"
سوق الأسر المنتجة,False,Religious/Charity,"['Commercial', 'Religious/Charity']",2,,18000.0,Jazan,جازان,False,ok,False,2014-02-03,,,2014.0,exact,,Under construction,False,ديني/خيري,تحت الإنشاء,"منطقة جازان, جازان"
مسجد مطار الملك عبدالله,False,Religious/Charity,['Religious/Charity'],1,,,Jazan,جازان,False,empty,False,2015-03-01,,,2015.0,month-level,,Under construction,False,ديني/خيري,تحت الإنشاء,"منطقة جازان, جازان"
مدينة الملك عبد الله الاقتصادية – KAEC,False,Religious/Charity,"['Commercial', 'Education', 'Government', 'Health', 'Hospitality', 'Industrial', 'Infrastructure', 'Leisure/Tourism', 'Religious/Charity', 'Residential', 'Scientific', 'Sports']",12,375000000000.0,173000000.0,Makkah Al-Mokarramah,مدينة الملك عبدالله الاقتصادية,False,ok,True,2005-01-01,2030-12-31,9495.0,2005.0,year-level,year-level,Under construction,False,ديني/خيري,تحت الإنشاء,"منطقة مكة المكرمة, مدينة الملك عبدالله الاقتصادية"
مترو دار الهجرة,False,Religious/Charity,"['Infrastructure', 'Religious/Charity']",2,,,Al-Madinah Al-Monawarah,المدينة المنورة,False,empty,False,2014-07-22,2017-07-22,1096.0,2014.0,exact,exact,Delayed,True,ديني/خيري,متأخر,"منطقة المدينة المنورة, المدينة المنورة"
فندق هوليدي إن وكراون بلازا العزيزية – Holiday Inn & Crown...,True,Religious/Charity,"['Hospitality', 'Religious/Charity']",2,1200000000.0,5000.0,Makkah Al-Mokarramah,مكة المكرمة,False,ok,True,2013-03-01,2016-08-01,1249.0,2013.0,month-level,exact,Completed,False,ديني/خيري,مكتمل,"مكة المكرمة, منطقة مكة المكرمة"
مقر نماء المنورة – Namaa Almunawara’s Headquarter,False,Religious/Charity,"['Government', 'Religious/Charity']",2,32797168.0,,Al-Madinah Al-Monawarah,المدينة المنورة,False,empty,True,2015-12-01,2017-05-28,544.0,2015.0,month-level,exact,Delayed,True,ديني/خيري,متأخر,"منطقة المدينة المنورة, المدينة المنورة"
مركز هبة لمتلازمة داون – Al Muhaidib Down Syndrome School,False,Religious/Charity,"['Education', 'Religious/Charity']",2,14000000.0,4500.0,Eastern Region,الخبر,False,ok,True,2016-07-04,2018-08-01,758.0,2016.0,exact,exact,Delayed,True,ديني/خيري,متأخر,"المنطقة الشرقية, الخبر"
جامع السودة,False,Religious/Charity,"['Government', 'Religious/Charity']",2,43000000.0,,Aseer,أبها,False,empty,True,,,,,,,Proposed,False,ديني/خيري,المشاريع المقترحة,"منطقة عسير, أبها"
مركز الراجحي,False,Religious/Charity,"['Commercial', 'Hospitality', 'Leisure/Tourism', 'Religious/Charity', 'Residential']",5,,,Makkah Al-Mokarramah,جدة,False,empty,False,,,,,,,Cancelled,True,ديني/خيري,ملغي,"منطقة مكة المكرمة, جدة"
راديسون بلو ريزيدنس الحي الدبلوماسي الرياض – Radisson Blu...,True,Religious/Charity,"['Hospitality', 'Religious/Charity']",2,220000000.0,7264.0,Al-Riyadh,الرياض,False,ok,True,2012-11-01,2017-12-31,1886.0,2012.0,month-level,year-level,Delayed,True,ديني/خيري,متأخر,"منطقة الرياض, الرياض"
مشروع التطوير والتنسيق الحضاري لمنطقة الخندق,False,Religious/Charity,"['Government', 'Infrastructure', 'Leisure/Tourism', 'Religious/Charity']",4,,,Al-Madinah Al-Monawarah,المدينة المنورة,False,empty,False,,,,,,,Proposed,False,ديني/خيري,المشاريع المقترحة,"منطقة المدينة المنورة, المدينة المنورة"
تطوير منطقة سيد الشهداء – Developing The Area of Sayed Al-Shuhada,False,Religious/Charity,"['Infrastructure', 'Religious/Charity']",2,,,Al-Madinah Al-Monawarah,المدينة المنورة,False,empty,False,2017-02-27,,,2017.0,exact,,Proposed,False,ديني/خيري,المشاريع المقترحة,"منطقة المدينة المنورة, المدينة المنورة"
تطوير مسجد القبلتين والمناطق المحيطة بها – The Development...,True,Religious/Charity,"['Infrastructure', 'Religious/Charity']",2,,,Al-Madinah Al-Monawarah,المدينة المنورة,False,empty,False,,,,,,,Proposed,False,ديني/خيري,المشاريع المقترحة,"منطقة المدينة المنورة, المدينة المنورة"
مسجد سيد الشهداء – SAID AL SHOHADAA MOSQUE,False,Religious/Charity,['Religious/Charity'],1,25875000.0,8947.0,Al-Madinah Al-Monawarah,المدينة المنورة,False,ok,True,2012-04-01,2016-05-01,1491.0,2012.0,month-level,exact,Completed,False,ديني/خيري,مكتمل,"منطقة المدينة المنورة, المدينة المنورة"
توسعة الحرم النبوي الشريف – Masjid Al-Nabawi Expansion,False,Religious/Charity,"['Infrastructure', 'Religious/Charity']",2,4700000000.0,37000.0,Al-Madinah Al-Monawarah,المدينة المنورة,False,ok,True,2013-01-06,2019-01-23,2208.0,2013.0,exact,exact,Stalled,True,ديني/خيري,متعثر,"منطقة المدينة المنورة, المدينة المنورة"
تلال النسيم بمكة المكرمة – Naseem in Makkah,False,Religious/Charity,"['Hospitality', 'Religious/Charity', 'Residential']",3,,57550.0,Makkah Al-Mokarramah,مكة المكرمة,False,ok,False,,,,,,,Under construction,False,ديني/خيري,تحت الإنشاء,"مكة المكرمة, منطقة مكة المكرمة"
مركز قباء الحضاري – Quba Center,False,Religious/Charity,"['Religious/Charity', 'Scientific']",2,,,Al-Madinah Al-Monawarah,المدينة المنورة,False,empty,False,,,,,,,Announced,False,ديني/خيري,معلن عنه,"منطقة المدينة المنورة, المدينة المنورة"
فندق شذا الرياض – Shaza Hotels RIYADH,False,Religious/Charity,"['Hospitality', 'Religious/Charity']",2,,10000.0,Al-Riyadh,الرياض,False,ok,False,2015-10-01,2017-10-01,731.0,2015.0,month-level,exact,Delayed,True,ديني/خيري,متأخر,"منطقة الرياض, الرياض"
النادي الأدبي الثقافي -Literary Club of Hail,False,Religious/Charity,"['Government', 'Religious/Charity', 'Scientific']",3,23500000.0,10000.0,Hail,حائل,False,ok,True,,2016-04-12,,,,exact,Completed,False,ديني/خيري,مكتمل,"منطقة حائل, حائل"
مستشفى المدينة المنورة التخصصي – Madinah Specialized Hospital,False,Religious/Charity,"['Government', 'Health', 'Infrastructure', 'Religious/Charity']",4,450884874.0,180000.0,Al-Madinah Al-Monawarah,المدينة المنورة,False,ok,True,2009-05-01,2014-05-07,1832.0,2009.0,month-level,exact,Delayed,True,ديني/خيري,متأخر,"منطقة المدينة المنورة, المدينة المنورة"
مستشفى الميقات العام – Meeqat General Hospital,False,Religious/Charity,"['Government', 'Health', 'Infrastructure', 'Religious/Charity', 'Residential']",5,416000000.0,64500.0,Al-Madinah Al-Monawarah,المدينة المنورة,False,ok,True,2012-06-17,2016-06-01,1445.0,2012.0,exact,exact,Delayed,True,ديني/خيري,متأخر,"منطقة المدينة المنورة, المدينة المنورة"
مدينة المعرفة الاقتصادية – Knowledge Economic City,False,Religious/Charity,"['Commercial', 'Education', 'Government', 'Health', 'Hospitality', 'Infrastructure', 'Leisure/Tourism', 'Religious/Charity', 'Residential']",9,25000000000.0,4800000.0,Al-Madinah Al-Monawarah,المدينة المنورة,False,ok,True,2009-04-15,2024-04-15,5479.0,2009.0,exact,exact,Under construction,False,ديني/خيري,تحت الإنشاء,"منطقة المدينة المنورة, المدينة المنورة"
مسجد الفضل,False,Religious/Charity,['Religious/Charity'],1,,10000.0,Makkah Al-Mokarramah,جدة,False,ok,False,,,,,,,Under construction,False,ديني/خيري,تحت الإنشاء,"منطقة مكة المكرمة, جدة"
مسكن البنك الإسلامي للتنمية – Islamic Development Bank Building,False,Religious/Charity,"['Religious/Charity', 'Residential']",2,,106838.0,Makkah Al-Mokarramah,جدة,False,ok,False,,,,,,,Proposed,False,ديني/خيري,المشاريع المقترحة,"منطقة مكة المكرمة, جدة"
فندق نوبو الرياض – Nobu Hotel Riyadh,False,Religious/Charity,"['Hospitality', 'Religious/Charity']",2,260000000.0,3100.0,Al-Riyadh,الرياض,False,ok,True,2012-03-01,2016-12-01,1736.0,2012.0,month-level,exact,Completed,False,ديني/خيري,مكتمل,"منطقة الرياض, الرياض"
مركز التاله جاردينز الاجتماعي – Talah Gardens Community Center,False,Sports,"['Leisure/Tourism', 'Sports']",2,,5200.0,Makkah Al-Mokarramah,مدينة الملك عبدالله الاقتصادية,False,ok,False,2017-12-01,,,2017.0,month-level,,Under construction,False,رياضي,تحت الإنشاء,"منطقة مكة المكرمة, مدينة الملك عبدالله الاقتصادية"
مركز عبداللطيف الفوزان للتوحد – Abdullatif Al Fozan Autism Center...,True,Sports,"['Education', 'Religious/Charity', 'Sports']",3,62000000.0,18000.0,Eastern Region,الخبر,False,ok,True,2016-06-20,2018-12-31,924.0,2016.0,exact,year-level,Delayed,True,رياضي,متأخر,"المنطقة الشرقية, الخبر"
القدية – Qiddiya,False,Sports,"['Commercial', 'Hospitality', 'Infrastructure', 'Leisure/Tourism', 'Residential', 'Sports']",6,,,Al-Riyadh,القدية,False,linear_distance_not_area,False,2018-04-29,,,2018.0,exact,,Under construction,False,رياضي,تحت الإنشاء,القدية
القرية الاولمبية – The Olympic Village,False,Sports,"['Government', 'Sports']",2,2000000000.0,,Makkah Al-Mokarramah / Al-Riyadh / Aseer / Eastern Region,"محايل عسير, الدمام, الرياض, جدة",True,empty,True,,2019-12-31,,,,year-level,Announced,False,رياضي,معلن عنه,"منطقة مكة المكرمة, منطقة الرياض, منطقة عسير, محايل عسير, المنطقة الشرقية, الدمام, الرياض, جدة"
المباني الإضافية للمجمعات الحدودية – Southern Border Complexe...,True,Sports,"['Government', 'Infrastructure', 'Sports']",3,,24000.0,Najran,نجران,False,ok,False,2018-01-01,2018-12-31,364.0,2018.0,year-level,year-level,Announced,False,رياضي,معلن عنه,"نجران, منطقة نجران"
نادي الحجاز الرياضي – Hejaz Sport Club,False,Sports,['Sports'],1,5743692.0,,Al-Baha,بلجرشي,False,empty,True,2002-01-30,2015-08-30,4960.0,2002.0,exact,exact,Delayed,True,رياضي,متأخر,"منطقة الباحة, بلجرشي"
توسعة ملعب الأمير عبدالله الفيصل –  Prince Abdullah Al-Faisal Stad...,True,Sports,"['Government', 'Sports']",2,150000000.0,,Makkah Al-Mokarramah,جدة,False,empty,True,2012-05-19,2014-10-13,877.0,2012.0,exact,exact,Stalled,True,رياضي,متعثر,"منطقة مكة المكرمة, جدة"
ليقيندا الخبر – Legenda Khobar,False,Sports,"['Commercial', 'Sports']",2,,,Eastern Region,الخبر,False,empty,False,2015-05-01,,,2015.0,month-level,,Under construction,False,رياضي,تحت الإنشاء,"المنطقة الشرقية, الخبر"
سُكنى – Sukna,False,Sports,"['Commercial', 'Government', 'Religious/Charity', 'Residential', 'Sports']",5,,1414221.0,Makkah Al-Mokarramah,جدة,False,ok,False,2016-11-01,2020-12-31,1521.0,2016.0,month-level,year-level,Under construction,False,رياضي,تحت الإنشاء,"منطقة مكة المكرمة, جدة"
مدينة الأحلام,False,Sports,"['Commercial', 'Education', 'Health', 'Hospitality', 'Infrastructure', 'Leisure/Tourism', 'Religious/Charity', 'Residential', 'Sports']",9,4000000000.0,800000.0,Aseer,خميس مشيط,False,ok,True,,,,,,,Announced,False,رياضي,معلن عنه,"منطقة عسير, خميس مشيط"
نادي إزميرالدا – Esmeralda,False,Sports,"['Leisure/Tourism', 'Religious/Charity', 'Sports']",3,,14715.0,Makkah Al-Mokarramah,مدينة الملك عبدالله الاقتصادية,False,ok,False,2008-05-20,,,2008.0,exact,,Under construction,False,رياضي,تحت الإنشاء,"منطقة مكة المكرمة, مدينة الملك عبدالله الاقتصادية"
مجمع جنات الرياض – JANNAT COMPOUND RIYADH,False,Sports,"['Commercial', 'Education', 'Health', 'Hospitality', 'Leisure/Tourism', 'Residential', 'Sports']",7,,4200000.0,Al-Riyadh,الرياض,False,ok,False,,,,,,,Under construction,False,رياضي,تحت الإنشاء,"منطقة الرياض, الرياض"
أبراج بوابة التحلية,False,Sports,"['Commercial', 'Residential', 'Sports']",3,,83000.0,Makkah Al-Mokarramah,جدة,False,ok,False,,,,,,,Proposed,False,رياضي,المشاريع المقترحة,"منطقة مكة المكرمة, جدة"
المدينة الرياضية بجامعة الملك خالد,False,Sports,"['Education', 'Sports']",2,261879368.0,40946.0,Aseer,أبها,False,ok,True,,2016-12-30,,,,exact,Delayed,True,رياضي,متأخر,"منطقة عسير, أبها"
مجمع الصالات الرياضية والملاعب المكشوفة بالجامعة الاس...,True,Sports,"['Education', 'Sports']",2,,15000.0,Al-Madinah Al-Monawarah,المدينة المنورة,False,ok,False,,,,,,,Completed,False,رياضي,مكتمل,"منطقة المدينة المنورة, المدينة المنورة"
المدينة الرياضية بجامعة الطائف,False,Sports,"['Education', 'Sports']",2,,,Makkah Al-Mokarramah,الطائف,False,empty,False,,,,,,,Announced,False,رياضي,معلن عنه,"منطقة مكة المكرمة, الطائف"
مجمع نادي منسوبي الحرس الوطني بالرياض,False,Sports,"['Government', 'Leisure/Tourism', 'Sports']",3,,250000.0,Al-Riyadh,الرياض,False,ok,False,2016-05-01,2017-05-01,365.0,2016.0,month-level,exact,Delayed,True,رياضي,متأخر,"منطقة الرياض, الرياض"
استاد جامعة الملك فيصل,False,Sports,"['Government', 'Sports']",2,80000000.0,50000.0,Eastern Region,الأحساء,False,ok,True,2014-02-01,,,2014.0,month-level,,Under construction,False,رياضي,تحت الإنشاء,"المنطقة الشرقية, الأحساء"
شاطئ السيف – Saif Beach,False,Sports,"['Commercial', 'Government', 'Leisure/Tourism', 'Sports']",4,70200000.0,350000.0,Makkah Al-Mokarramah,جدة,False,ok,True,2015-01-01,2016-01-26,390.0,2015.0,year-level,exact,Completed,False,رياضي,مكتمل,"منطقة مكة المكرمة, جدة"
مدينة الخرج الرياضية – Al Kharj Sport Center,False,Sports,"['Government', 'Sports']",2,119780085.0,140000.0,Al-Riyadh,الخرج,False,ok,True,2012-08-28,2015-03-14,928.0,2012.0,exact,exact,Stalled,True,رياضي,متعثر,"منطقة الرياض, الخرج"
مقر النادي التهامي,False,Sports,['Sports'],1,78000000.0,,Jazan,جازان,False,empty,True,2011-10-15,,,2011.0,exact,,Under construction,False,رياضي,تحت الإنشاء,"منطقة جازان, جازان"
نادي حطين الرياضي,False,Sports,['Sports'],1,60000000.0,,Jazan,جازان,False,empty,True,2012-09-11,,,2012.0,exact,,Under construction,False,رياضي,تحت الإنشاء,"منطقة جازان, جازان"
مشروع الواجهة البحرية بمدينة ينبع الصناعية,False,Sports,"['Commercial', 'Hospitality', 'Infrastructure', 'Leisure/Tourism', 'Residential', 'Sports']",6,11100000000.0,,Al-Madinah Al-Monawarah,ينبع,False,linear_distance_not_area,True,2010-05-19,,,2010.0,exact,,Under construction,False,رياضي,تحت الإنشاء,"ينبع, منطقة المدينة المنورة"
الأستاد الرياضي بجامعة طيبة –  Taibah Outdoor Sports,False,Sports,"['Education', 'Leisure/Tourism', 'Sports']",3,37401691.0,,Al-Madinah Al-Monawarah,المدينة المنورة,False,empty,True,2013-05-01,,,2013.0,month-level,,Under construction,False,رياضي,تحت الإنشاء,"منطقة المدينة المنورة, المدينة المنورة"
مدينة الملك عبد الله الاقتصادية – KAEC,False,Sports,"['Commercial', 'Education', 'Government', 'Health', 'Hospitality', 'Industrial', 'Infrastructure', 'Leisure/Tourism', 'Religious/Charity', 'Residential', 'Scientific', 'Sports']",12,375000000000.0,173000000.0,Makkah Al-Mokarramah,مدينة الملك عبدالله الاقتصادية,False,ok,True,2005-01-01,2030-12-31,9495.0,2005.0,year-level,year-level,Under construction,False,رياضي,تحت الإنشاء,"منطقة مكة المكرمة, مدينة الملك عبدالله الاقتصادية"
تطوير جزيرة تاروت,False,Sports,"['Commercial', 'Health', 'Hospitality', 'Infrastructure', 'Leisure/Tourism', 'Residential', 'Sports']",7,,8200000.0,Eastern Region,الدمام,False,ok,False,,,,,,,Proposed,False,رياضي,المشاريع المقترحة,"المنطقة الشرقية, الدمام"
مقر نادي الجبلين الرياضي,False,Sports,['Sports'],1,,,Hail,حائل,False,empty,False,2013-01-01,,,2013.0,year-level,,Under construction,False,رياضي,تحت الإنشاء,"منطقة حائل, حائل"
مقر نادي الطائي – Al-Tai Sport Club,False,Sports,"['Government', 'Sports']",2,86882065.0,100000.0,Hail,حائل,False,ok,True,2008-06-01,2015-11-19,2727.0,2008.0,month-level,exact,Completed,False,رياضي,مكتمل,حائل
المنتجعات الصحية والرياضية – Spas Proposal – KAFD,False,Sports,"['Leisure/Tourism', 'Sports']",2,,18116.0,Al-Riyadh,الرياض,False,ok,False,,2018-02-15,,,,exact,Proposed,False,رياضي,المشاريع المقترحة,"منطقة الرياض, الرياض"
مدينة الملك عبدالله الرياضية – King Abdullah Sports City,False,Sports,"['Government', 'Sports']",2,1900000000.0,3000000.0,Makkah Al-Mokarramah,جدة,False,ok,True,2013-03-01,2014-04-01,396.0,2013.0,month-level,exact,Completed,False,رياضي,مكتمل,"منطقة مكة المكرمة, جدة"
مقر نادي احد – Ohod Club,False,Sports,"['Government', 'Sports']",2,80000000.0,145000.0,Al-Madinah Al-Monawarah,المدينة المنورة,False,ok,True,2011-05-01,2017-03-02,2132.0,2011.0,month-level,exact,Completed,False,رياضي,مكتمل,"منطقة المدينة المنورة, المدينة المنورة"
جوهرة الرياض – Jawharat Arriyadh,False,Sports,"['Commercial', 'Hospitality', 'Leisure/Tourism', 'Sports']",4,,624000.0,Al-Riyadh,الرياض,False,ok,False,,2018-12-31,,,,year-level,Delayed,True,رياضي,متأخر,"منطقة الرياض, الرياض"
المجمع الرياضي بجامعة الملك عبد العزيز – Sports Facility at K...,True,Sports,"['Education', 'Government', 'Leisure/Tourism', 'Sports']",4,197205696.0,150351.0,Makkah Al-Mokarramah,جدة,False,ok,True,2012-04-11,2016-11-17,1681.0,2012.0,exact,exact,Completed,False,رياضي,مكتمل,"منطقة مكة المكرمة, جدة"
المدينة الرياضية بجامعة الملك سعود – City Saud University Sports...,True,Sports,"['Government', 'Leisure/Tourism', 'Sports']",3,215609660.0,240000.0,Al-Riyadh,الرياض,False,ok,True,2012-01-18,2015-05-07,1205.0,2012.0,exact,exact,Completed,False,رياضي,مكتمل,"منطقة الرياض, الرياض"
بوليفارد الرياض – The Boulevard Riyadh,False,Sports,"['Commercial', 'Hospitality', 'Sports']",3,,20000.0,Al-Riyadh,الرياض,False,ok,False,2014-11-06,2016-07-25,627.0,2014.0,exact,exact,Completed,False,رياضي,مكتمل,"منطقة الرياض, الرياض"
المدرسة الداخلية لأكاديمية العالم –  Boarding School of The Worl...,True,Residential,"['Education', 'Residential']",2,,,Makkah Al-Mokarramah,مدينة الملك عبدالله الاقتصادية,False,empty,False,,,,,,,Announced,False,سكني,معلن عنه,"منطقة مكة المكرمة, مدينة الملك عبدالله الاقتصادية"
معالي عنان – Anan Housing,False,Residential,['Residential'],1,,105000.0,Al-Riyadh,الرياض,False,ok,False,2018-11-01,2021-02-28,850.0,2018.0,month-level,month-level,Under construction,False,سكني,تحت الإنشاء,"منطقة الرياض, الرياض"
مستشفى الأطباء – Physicians Hospital,False,Residential,"['Health', 'Residential']",2,,15000.0,Makkah Al-Mokarramah,جدة,False,ok,False,2017-01-01,,,2017.0,year-level,,Under construction,False,سكني,تحت الإنشاء,"منطقة مكة المكرمة, جدة"
إسكان الحاكمية – Alhakmiah Housing,False,Residential,['Residential'],1,,360000.0,Eastern Region,الدمام,False,ok,False,2016-04-01,,,2016.0,month-level,,Under construction,False,سكني,تحت الإنشاء,"المنطقة الشرقية, الدمام"
مجمع وريف السكني – Wareef Compound,False,Residential,['Residential'],1,,10000.0,Eastern Region,الجبيل الصناعية,False,ok,False,2015-10-01,2018-12-31,1187.0,2015.0,month-level,year-level,Completed,False,سكني,مكتمل,"المنطقة الشرقية, الجبيل الصناعية"
منازل القطيف – Qatif Homes,False,Residential,['Residential'],1,,,Eastern Region,القطيف,False,empty,False,,,,,,,Under construction,False,سكني,تحت الإنشاء,"القطيف, المنطقة الشرقية"
مقر برايس ووتر هاوس كوبرز – PWC Headquarter,False,Residential,"['Commercial', 'Residential']",2,,8000.0,Al-Riyadh,الرياض,False,ok,False,2010-01-01,,,2010.0,year-level,,Under construction,False,سكني,تحت الإنشاء,"منطقة الرياض, الرياض"
مقر المدفوعات السعودية – Saudi Payment Headquarter,False,Residential,"['Commercial', 'Residential']",2,1178000000.0,19500.0,Al-Riyadh,الرياض,False,ok,True,2009-01-01,2014-12-31,2190.0,2009.0,year-level,year-level,Completed,False,سكني,مكتمل,"منطقة الرياض, الرياض"
برج سماسكو – SMASCO Tower,False,Residential,"['Commercial', 'Residential']",2,,4100.0,Al-Riyadh,الرياض,False,ok,False,,,,,,,Proposed,False,سكني,المشاريع المقترحة,"منطقة الرياض, الرياض"
برج الكورنيش – Corniche Tower,False,Residential,['Residential'],1,,1800.0,Makkah Al-Mokarramah,جدة,False,ok,False,,,,,,,Proposed,False,سكني,المشاريع المقترحة,"منطقة مكة المكرمة, جدة"
بغلف افينيو – Baghlaf Avenue,False,Residential,"['Commercial', 'Residential']",2,,,Makkah Al-Mokarramah,جدة,False,empty,False,,,,,,,Proposed,False,سكني,المشاريع المقترحة,"منطقة مكة المكرمة, جدة"
داري كيو – Dari Q,False,Residential,['Residential'],1,,11800.0,Makkah Al-Mokarramah,جدة,False,ok,False,2019-06-15,2020-12-31,565.0,2019.0,exact,year-level,Under construction,False,سكني,تحت الإنشاء,"منطقة مكة المكرمة, جدة"
بوفارديا سيتي – Bouvardia City,False,Residential,['Residential'],1,,556261.0,Makkah Al-Mokarramah,جدة,False,ok,False,,,,,,,Announced,False,سكني,معلن عنه,"منطقة مكة المكرمة, جدة"
مجمع فلل الخالدية – Al – Khaldiya Compound,False,Residential,['Residential'],1,,13782.0,Makkah Al-Mokarramah,جدة,False,ok,False,2017-08-01,,,2017.0,month-level,,Under construction,False,سكني,تحت الإنشاء,"منطقة مكة المكرمة, جدة"
اعالي جدة – Jeddah Heights,False,Residential,['Residential'],1,,,Makkah Al-Mokarramah,جدة,False,empty,False,2019-01-01,,,2019.0,year-level,,Under construction,False,سكني,تحت الإنشاء,"منطقة مكة المكرمة, جدة"
مدينة الأَكاسيا – Acacia City,False,Residential,['Residential'],1,,,Al-Riyadh,الرياض,False,empty,False,,,,,,,Proposed,False,سكني,المشاريع المقترحة,"منطقة الرياض, الرياض"
مسكن الخبر – Khobar Residence,False,Residential,['Residential'],1,,,Eastern Region,الخبر,False,empty,False,,,,,,,Proposed,False,سكني,المشاريع المقترحة,"المنطقة الشرقية, الخبر"
سدين – Sadeen,False,Residential,['Residential'],1,,1452560.0,Eastern Region,الدمام,False,ok,False,,,,,,,Announced,False,سكني,معلن عنه,"المنطقة الشرقية, الدمام"
الخميس جاردن – Khamis Garden,False,Residential,['Residential'],1,,141000.0,Aseer,خميس مشيط,False,ok,False,,,,,,,Announced,False,سكني,معلن عنه,"منطقة عسير, خميس مشيط"
الفلاح – Al Falah,False,Residential,['Residential'],1,,497964.0,Tabouk,تبوك,False,ok,False,,,,,,,Announced,False,سكني,معلن عنه,"منطقة تبوك, تبوك"
مجمع سكني – Housing Complex,False,Residential,"['Commercial', 'Residential']",2,,9600.0,Makkah Al-Mokarramah,جدة,False,ok,False,,,,,,,Announced,False,سكني,معلن عنه,"منطقة مكة المكرمة, جدة"
درة المدينة 1 – Dorrat Al Madinah 1,False,Residential,"['Government', 'Residential']",2,,51500.0,Al-Madinah Al-Monawarah,المدينة المنورة,False,ok,False,2018-12-01,2021-12-31,1126.0,2018.0,month-level,year-level,Announced,False,سكني,معلن عنه,"منطقة المدينة المنورة, المدينة المنورة"
الجوار – Aljewar,False,Residential,"['Government', 'Residential']",2,,350737.0,Al-Madinah Al-Monawarah,المدينة المنورة,False,ok,False,2019-01-01,,,2019.0,year-level,,Under construction,False,سكني,تحت الإنشاء,"منطقة المدينة المنورة, المدينة المنورة"
تلال الخميس – Tilal AlKhames,False,Residential,['Residential'],1,,225000.0,Aseer,خميس مشيط,False,ok,False,2019-01-01,,,2019.0,year-level,,Under construction,False,سكني,تحت الإنشاء,"منطقة عسير, خميس مشيط"
دواوين الجزيرة – Dawaween Aljazeira,False,Residential,['Residential'],1,,1388340.0,Al-Riyadh,الرياض,False,ok,False,,,,,,,Announced,False,سكني,معلن عنه,"منطقة الرياض, الرياض"
نبض قيران – Nabd Qiran,False,Residential,['Residential'],1,,1780623.0,Al-Riyadh,الرياض,False,ok,False,,,,,,,Announced,False,سكني,معلن عنه,"منطقة الرياض, الرياض"
مجمع الجوهرة – Aljoharah Housing Compound,False,Residential,['Residential'],1,,40000.0,Eastern Region,الخبر,False,ok,False,2014-11-01,2019-09-01,1765.0,2014.0,month-level,exact,Under construction,False,سكني,تحت الإنشاء,"المنطقة الشرقية, الخبر"
فينان – Venan,False,Residential,['Residential'],1,,139506.0,Makkah Al-Mokarramah,جدة,False,ok,False,,,,,,,Announced,False,سكني,معلن عنه,"منطقة مكة المكرمة, جدة"
الجوهرة ريزيدينس – Al Jawhara Residence,False,Residential,['Residential'],1,,98000.0,Makkah Al-Mokarramah,جدة,False,ok,False,,,,,,,Announced,False,سكني,معلن عنه,"منطقة مكة المكرمة, جدة"
سهيل الرياض – Suhail Al Riyadh,False,Residential,['Residential'],1,,1720430.0,Al-Riyadh,الرياض,False,ok,False,,,,,,,Announced,False,سكني,معلن عنه,"منطقة الرياض, الرياض"
روابي الحجاز – Rawabi Alhijaz,False,Residential,['Residential'],1,,1413691.0,Makkah Al-Mokarramah,جدة,False,ok,False,,,,,,,Announced,False,سكني,معلن عنه,"منطقة مكة المكرمة, جدة"
مرسية – Murcia,False,Residential,"['Government', 'Residential']",2,,2733880.0,Al-Riyadh,الرياض,False,ok,False,,,,,,,Announced,False,سكني,معلن عنه,"منطقة الرياض, الرياض"
حدائق سرايا الروابي – Saraya Gardens Residence,False,Residential,['Residential'],1,,3800.0,Eastern Region,الخبر,False,ok,False,2013-02-01,2016-11-30,1398.0,2013.0,month-level,month-level,Completed,False,سكني,مكتمل,"المنطقة الشرقية, الخبر"
مجمع سكني – Residential Complex,False,Residential,['Residential'],1,,11000.0,Makkah Al-Mokarramah,جدة,False,ok,False,,,,,,,Proposed,False,سكني,المشاريع المقترحة,"منطقة مكة المكرمة, جدة"
جاليري نون – Gallery N,False,Residential,['Residential'],1,,1272.0,Makkah Al-Mokarramah,جدة,False,ok,False,2017-08-01,2019-01-31,548.0,2017.0,month-level,month-level,Completed,False,سكني,مكتمل,"منطقة مكة المكرمة, جدة"
مجمع ماربيلا – Marbella Residence,False,Residential,['Residential'],1,,,Eastern Region,الظهران,False,empty,False,2011-06-01,2015-08-31,1552.0,2011.0,month-level,month-level,Completed,False,سكني,مكتمل,"المنطقة الشرقية, الظهران"
أبراج قناة البيلسان – Bay La Sun Canal Towers,False,Residential,"['Commercial', 'Residential']",2,,62000.0,Makkah Al-Mokarramah,مدينة الملك عبدالله الاقتصادية,False,ok,False,,,,,,,Proposed,False,سكني,المشاريع المقترحة,"منطقة مكة المكرمة, مدينة الملك عبدالله الاقتصادية"
ربى جدة – Ruba Jeddah,False,Residential,['Residential'],1,,198000.0,Makkah Al-Mokarramah,جدة,False,ok,False,2019-01-01,2021-06-30,911.0,2019.0,year-level,month-level,Under construction,False,سكني,تحت الإنشاء,"منطقة مكة المكرمة, جدة"
جوهرة الرصيفة – Jawharaht Rusayfah,False,Residential,['Residential'],1,,,Makkah Al-Mokarramah,مكة المكرمة,False,empty,False,,,,,,,Announced,False,سكني,معلن عنه,"مكة المكرمة, منطقة مكة المكرمة"
ذا قاردن فيلا – The Garden Villa,False,Residential,['Residential'],1,,9077.0,Eastern Region,الخبر,False,ok,False,2018-09-02,,,2018.0,exact,,Under construction,False,سكني,تحت الإنشاء,"المنطقة الشرقية, الخبر"
نساج تاون – Nesaj Town,False,Residential,['Residential'],1,350000000.0,350000.0,Eastern Region,الدمام,False,ok,True,2018-08-01,2021-12-31,1248.0,2018.0,month-level,year-level,Under construction,False,سكني,تحت الإنشاء,"المنطقة الشرقية, الدمام"
رتال ريزيدنس – Retal Residence,False,Residential,['Residential'],1,550000000.0,83240.0,Eastern Region,الخبر,False,ok,True,2015-07-01,,,2015.0,month-level,,Under construction,False,سكني,تحت الإنشاء,"المنطقة الشرقية, الخبر"
المدرسة البريطانية الدولية الخبر – British International School K...,True,Residential,"['Education', 'Residential']",2,,16200.0,Eastern Region,الخبر,False,ok,False,2018-01-01,,,2018.0,year-level,,Under construction,False,سكني,تحت الإنشاء,"المنطقة الشرقية, الخبر"
مبنى سكني – Residential Building,False,Residential,['Residential'],1,,2778.0,Makkah Al-Mokarramah,جدة,False,ok,False,,,,,,,Proposed,False,سكني,المشاريع المقترحة,"منطقة مكة المكرمة, جدة"
مجمع إسكان الفاضلي – Al Fadhili Housing Camp,False,Residential,['Residential'],1,5625000000.0,838626.0,Eastern Region,الجبيل الصناعية,False,ok,True,2018-04-25,2020-12-31,981.0,2018.0,exact,year-level,Under construction,False,سكني,تحت الإنشاء,"المنطقة الشرقية, الجبيل الصناعية"
مجمع فلل بلانكا – Villa Blanca,False,Residential,['Residential'],1,,,Makkah Al-Mokarramah,جدة,False,empty,False,,,,,,,Announced,False,سكني,معلن عنه,"منطقة مكة المكرمة, جدة"
مجمع أجزالا السكني 3 – Jzala residential compound 3,False,Residential,['Residential'],1,,67491.0,Al-Riyadh,الرياض,False,ok,False,2008-07-01,2011-12-31,1278.0,2008.0,month-level,year-level,Completed,False,سكني,مكتمل,"منطقة الرياض, الرياض"
ثروات لوجستيك سيتي – Tharwat Logistic City,False,Residential,"['Commercial', 'Industrial', 'Residential']",3,,1700000.0,Al-Riyadh,الرياض,False,ok,False,2017-05-01,,,2017.0,month-level,,Under construction,False,سكني,تحت الإنشاء,"منطقة الرياض, الرياض"
مجمع العمائر السكنية – Residential Buildings Complex,False,Residential,['Residential'],1,,110181.0,Al-Madinah Al-Monawarah,المدينة المنورة,False,ok,False,,,,,,,Announced,False,سكني,معلن عنه,"منطقة المدينة المنورة, المدينة المنورة"
الشروق 2 – Al Shurooq 2,False,Residential,['Residential'],1,,186000.0,Makkah Al-Mokarramah,مدينة الملك عبدالله الاقتصادية,False,ok,False,,,,,,,Announced,False,سكني,معلن عنه,"منطقة مكة المكرمة, مدينة الملك عبدالله الاقتصادية"
ذي فو – The Vue,False,Residential,['Residential'],1,,2240.0,Makkah Al-Mokarramah,جدة,False,ok,False,,,,,,,Announced,False,سكني,معلن عنه,"منطقة مكة المكرمة, جدة"
سيتي فيوز 2- City Views 2,False,Residential,"['Commercial', 'Hospitality', 'Residential']",3,,32645.0,Makkah Al-Mokarramah,مدينة الملك عبدالله الاقتصادية,False,ok,False,,,,,,,Announced,False,سكني,معلن عنه,"منطقة مكة المكرمة, مدينة الملك عبدالله الاقتصادية"
تلال أبها – Tilal Abha,False,Residential,"['Commercial', 'Hospitality', 'Residential']",3,206250000.0,18213.0,Aseer,أبها,False,ok,True,2017-02-01,,,2017.0,month-level,,Under construction,False,سكني,تحت الإنشاء,"منطقة عسير, أبها"
ديار رابغ – Dyaar Rabigh,False,Residential,['Residential'],1,,250000.0,Makkah Al-Mokarramah,رابغ,False,ok,False,,,,,,,Announced,False,سكني,معلن عنه,"منطقة مكة المكرمة, رابغ"
اسكان بوابة التحلية – Tahlia Gate Housing,False,Residential,['Residential'],1,,192000.0,Makkah Al-Mokarramah,جدة,False,ok,False,,,,,,,Announced,False,سكني,معلن عنه,"منطقة مكة المكرمة, جدة"
ديار الحسا – Dyaar Alhassa,False,Residential,['Residential'],1,,1500000.0,Eastern Region,الأحساء,False,ok,False,,,,,,,Announced,False,سكني,معلن عنه,"المنطقة الشرقية, الأحساء"
مدينة الورود – Medinat Alwurud,False,Residential,"['Commercial', 'Residential']",2,,9000000.0,Makkah Al-Mokarramah,الطائف,False,ok,False,2019-01-01,,,2019.0,year-level,,Under construction,False,سكني,تحت الإنشاء,"منطقة مكة المكرمة, الطائف"
ضاحية الحسينية – Al Husayniyah Subrub,False,Residential,"['Commercial', 'Hospitality', 'Infrastructure', 'Leisure/Tourism', 'Religious/Charity', 'Residential']",6,,7541130.0,Makkah Al-Mokarramah,مكة المكرمة,False,ok,False,,,,,,,Announced,False,سكني,معلن عنه,"مكة المكرمة, منطقة مكة المكرمة"
مجمع الُنبلاء السكني – Nobles Compound,False,Residential,['Residential'],1,,40790.0,Al-Riyadh,الرياض,False,ok,False,2015-01-01,,,2015.0,year-level,,Under construction,False,سكني,تحت الإنشاء,"منطقة الرياض, الرياض"
إسكان اعضاء هيئة التدريس جامعة الإمام محمد بن سعود الإ�...,True,Residential,['Residential'],1,,130000.0,Al-Riyadh,الرياض,False,ok,False,2009-01-01,,,2009.0,year-level,,Under construction,False,سكني,تحت الإنشاء,"منطقة الرياض, الرياض"
مجمع نمارق ينبع – Namariq Yanbu Residency,False,Residential,['Residential'],1,174000000.0,145229.0,Al-Madinah Al-Monawarah,ينبع,False,ok,True,2016-01-04,2018-12-31,1092.0,2016.0,exact,year-level,Delayed,True,سكني,متأخر,"ينبع, منطقة المدينة المنورة"
سيتي فيوز 1- City Views 1,False,Residential,"['Commercial', 'Hospitality', 'Residential']",3,,40391.0,Makkah Al-Mokarramah,مدينة الملك عبدالله الاقتصادية,False,ok,False,,,,,,,Announced,False,سكني,معلن عنه,"منطقة مكة المكرمة, مدينة الملك عبدالله الاقتصادية"
مجمع الأمير نايف بن عبدالعزيز – Prince Naif Bin Abdulaziz Complex...,True,Residential,"['Commercial', 'Hospitality', 'Residential']",3,,405898.0,Makkah Al-Mokarramah,مكة المكرمة,False,ok,False,,,,,,,Proposed,False,سكني,المشاريع المقترحة,"مكة المكرمة, منطقة مكة المكرمة"
برج لمينا – Lamina Tower,False,Residential,['Residential'],1,,4780.0,Makkah Al-Mokarramah,جدة,False,ok,False,2019-02-01,,,2019.0,month-level,,Under construction,False,سكني,تحت الإنشاء,"منطقة مكة المكرمة, جدة"
تلال الغروب تاون هاوس – Tilal Algroob TownHouse,False,Residential,"['Government', 'Residential']",2,,137445.0,Eastern Region,الدمام,False,ok,False,,,,,,,Announced,False,سكني,معلن عنه,"المنطقة الشرقية, الدمام"
تلال الغروب جدة – Tilal Algroob Jeddah,False,Residential,['Residential'],1,,1300000.0,Makkah Al-Mokarramah,جدة,False,ok,False,2019-01-01,,,2019.0,year-level,,Under construction,False,سكني,تحت الإنشاء,"منطقة مكة المكرمة, جدة"
رواسن – RawasInn,False,Residential,['Residential'],1,,235123.0,Al-Madinah Al-Monawarah,ينبع,False,ok,False,,,,,,,Announced,False,سكني,معلن عنه,"ينبع, منطقة المدينة المنورة"
الصفوة جاردن – Safwah Garden,False,Residential,"['Commercial', 'Hospitality', 'Residential']",3,,207212.0,Jazan,جازان,False,ok,False,,,,,,,Announced,False,سكني,معلن عنه,"منطقة جازان, جازان"
مجمع الخليج السكني – Al Gulf Residence Compound,False,Residential,"['Commercial', 'Residential']",2,112500000.0,30000.0,Makkah Al-Mokarramah,الطائف,False,ok,True,,,,,,,Proposed,False,سكني,المشاريع المقترحة,"منطقة مكة المكرمة, الطائف"
تطوير الفيصلية – Faysaliah Development,False,Residential,"['Commercial', 'Residential']",2,,17000.0,Makkah Al-Mokarramah,جدة,False,ok,False,,,,,,,Proposed,False,سكني,المشاريع المقترحة,"منطقة مكة المكرمة, جدة"
بارك ان جدة – Park Inn Jeddah,False,Residential,"['Commercial', 'Hospitality', 'Residential']",3,,20000.0,Makkah Al-Mokarramah,جدة,False,ok,False,,,,,,,Announced,False,سكني,معلن عنه,"منطقة مكة المكرمة, جدة"
حي الغولف 3 – Golf Community 3,False,Residential,['Residential'],1,,196215.0,Makkah Al-Mokarramah,مدينة الملك عبدالله الاقتصادية,False,ok,False,2014-12-01,,,2014.0,month-level,,Under construction,False,سكني,تحت الإنشاء,"منطقة مكة المكرمة, مدينة الملك عبدالله الاقتصادية"
مستشفى دلة العارض – Dallah Hospital Alaridh,False,Residential,"['Health', 'Residential']",2,,106000.0,Al-Riyadh,الرياض,False,ok,False,,,,,,,Proposed,False,سكني,المشاريع المقترحة,"منطقة الرياض, الرياض"
سمارت بوليفارد – Smart Boulevard,False,Residential,"['Commercial', 'Hospitality', 'Residential']",3,,380000.0,Eastern Region,الدمام,False,ok,False,,,,,,,Announced,False,سكني,معلن عنه,"المنطقة الشرقية, الدمام"
فلل ميرابيليا – Mirabilia Villas,False,Residential,['Residential'],1,600000000.0,,Al-Riyadh,الرياض,False,empty,True,,,,,,,Announced,False,سكني,معلن عنه,"منطقة الرياض, الرياض"
قرية البحر الأحمر – Red Sea Village,False,Residential,"['Commercial', 'Hospitality', 'Infrastructure', 'Leisure/Tourism', 'Residential']",5,,3600000.0,Makkah Al-Mokarramah,جدة,False,ok,False,,,,,,,Announced,False,سكني,معلن عنه,"منطقة مكة المكرمة, جدة"
الحجاز ميرام – Hejaz Miram,False,Residential,['Residential'],1,,245000.0,Makkah Al-Mokarramah,مدينة الملك عبدالله الاقتصادية,False,ok,False,,,,,,,Announced,False,سكني,معلن عنه,"منطقة مكة المكرمة, مدينة الملك عبدالله الاقتصادية"
القدية – Qiddiya,False,Residential,"['Commercial', 'Hospitality', 'Infrastructure', 'Leisure/Tourism', 'Residential', 'Sports']",6,,,Al-Riyadh,القدية,False,linear_distance_not_area,False,2018-04-29,,,2018.0,exact,,Under construction,False,سكني,تحت الإنشاء,القدية
برج سناسكو – SNASCO Tower ‏‏‏‏,False,Residential,['Residential'],1,,,Makkah Al-Mokarramah,جدة,False,empty,False,,,,,,,Proposed,False,سكني,المشاريع المقترحة,"منطقة مكة المكرمة, جدة"
قرية لابالما السكنية الثانية في الرياض – LaPalma Compound Riy...,True,Residential,"['Commercial', 'Residential']",2,,78000.0,Al-Riyadh,الرياض,False,ok,False,,,,,,,Under construction,False,سكني,تحت الإنشاء,"منطقة الرياض, الرياض"
مجمع غرناطة السكني – GRANADA WESTERN COMPOUND,False,Residential,['Residential'],1,,62550.0,Al-Riyadh,الرياض,False,ok,False,,,,,,,Announced,False,سكني,معلن عنه,"منطقة الرياض, الرياض"
تبوك غرين لاند – Tabuk Green Land,False,Residential,['Residential'],1,,2000000.0,Tabouk,تبوك,False,ok,False,,,,,,,Announced,False,سكني,معلن عنه,"منطقة تبوك, تبوك"
تلال جدة – Tilal Jeddah,False,Residential,"['Education', 'Residential']",2,42000000000.0,25000.0,Makkah Al-Mokarramah,جدة,False,ok,True,,,,,,,Stalled,True,سكني,متعثر,"منطقة مكة المكرمة, جدة"
مجمع العقارية بالنرجس – Al-Akaria Complex in Narjis,False,Residential,"['Commercial', 'Residential']",2,115780000.0,25570.0,Al-Riyadh,الرياض,False,ok,True,2016-07-01,2019-05-31,1064.0,2016.0,month-level,month-level,Completed,False,سكني,مكتمل,"منطقة الرياض, الرياض"
ضاحية فلل الرمال – Al Rimal Villas Complex,False,Residential,"['Commercial', 'Residential']",2,538283964.0,408000.0,Al-Riyadh,الرياض,False,ok,True,2010-11-01,,,2010.0,month-level,,Under construction,False,سكني,تحت الإنشاء,"منطقة الرياض, الرياض"
مجمع متعدد الاستخدام في طريق المدينة –  Mix Use Complex Madinah...,True,Residential,"['Commercial', 'Hospitality', 'Residential']",3,,,Makkah Al-Mokarramah,جدة,False,empty,False,2017-08-01,,,2017.0,month-level,,Under construction,False,سكني,تحت الإنشاء,"منطقة مكة المكرمة, جدة"
برج الباحة – Al Baha Tower,False,Residential,"['Commercial', 'Hospitality', 'Residential']",3,218000000.0,,Al-Baha,الباحة,False,empty,True,,,,,,,Announced,False,سكني,معلن عنه,"منطقة الباحة, الباحة"
مبنى الروضة – Rawdah Building,False,Residential,"['Commercial', 'Residential']",2,,4787.0,Makkah Al-Mokarramah,جدة,False,ok,False,2017-09-01,,,2017.0,month-level,,Under construction,False,سكني,تحت الإنشاء,"منطقة مكة المكرمة, جدة"
رؤى الحرم – Roa Al Haram,False,Residential,"['Commercial', 'Hospitality', 'Infrastructure', 'Residential']",4,,854000.0,Makkah Al-Mokarramah,مكة المكرمة,False,ok,False,,2024-12-31,,,,year-level,Announced,False,سكني,معلن عنه,"مكة المكرمة, منطقة مكة المكرمة"
أبراج ابحر الجنوبية – Southern Obhur Towers,False,Residential,"['Hospitality', 'Residential']",2,,5500.0,Makkah Al-Mokarramah,جدة,False,ok,False,,,,,,,Proposed,False,سكني,المشاريع المقترحة,"منطقة مكة المكرمة, جدة"
برج منارة مكة – Manarah Makkah Tower,False,Residential,"['Commercial', 'Hospitality', 'Residential']",3,,74500.0,Makkah Al-Mokarramah,مكة المكرمة,False,ok,False,,,,,,,Announced,False,سكني,معلن عنه,"مكة المكرمة, منطقة مكة المكرمة"
مجمع متعدد الاستخدام – Mixed Use Complex,False,Residential,"['Commercial', 'Residential']",2,,,Makkah Al-Mokarramah,جدة,False,empty,False,,,,,,,Proposed,False,سكني,المشاريع المقترحة,"منطقة مكة المكرمة, جدة"
مبنى الصالحية – Al Salehia Building,False,Residential,"['Commercial', 'Religious/Charity', 'Residential']",3,,8000.0,Makkah Al-Mokarramah,جدة,False,ok,False,,,,,,,Announced,False,سكني,معلن عنه,"منطقة مكة المكرمة, جدة"
مبنى سكني وتجاري – Commercial & Residential Complex,False,Residential,"['Commercial', 'Residential']",2,,,Makkah Al-Mokarramah,جدة,False,empty,False,,,,,,,Under construction,False,سكني,تحت الإنشاء,"منطقة مكة المكرمة, جدة"
أبراج الكورنيش – Corniche Towers,False,Residential,"['Commercial', 'Residential']",2,,,Makkah Al-Mokarramah,جدة,False,empty,False,,,,,,,Proposed,False,سكني,المشاريع المقترحة,"منطقة مكة المكرمة, جدة"
جبل هايتس – Jabal Heights,False,Residential,['Residential'],1,,,Eastern Region,الظهران,False,empty,False,2015-05-01,2018-06-30,1156.0,2015.0,month-level,month-level,Delayed,True,سكني,متأخر,"المنطقة الشرقية, الظهران"
ابراج الانواء – Anwa Towers,False,Residential,"['Commercial', 'Hospitality', 'Residential']",3,,50000.0,Makkah Al-Mokarramah,جدة,False,ok,False,,,,,,,Announced,False,سكني,معلن عنه,"منطقة مكة المكرمة, جدة"
صحار – Sahar,False,Residential,"['Commercial', 'Education', 'Health', 'Religious/Charity', 'Residential']",5,4000000000.0,600000.0,Al-Qaseem,بريدة,False,ok,True,2006-10-01,,,2006.0,month-level,,Under construction,False,سكني,تحت الإنشاء,"منطقة القصيم, بريدة"
منتجع أوبير السكني – Obear Residential Resort,False,Residential,['Residential'],1,780000000.0,1000000.0,Al-Riyadh,الرياض,False,ok,True,2013-10-01,,,2013.0,month-level,,Under construction,False,سكني,تحت الإنشاء,"منطقة الرياض, الرياض"
أبراج ساحل البيلسان – Bay La Sun Coastal Towers,False,Residential,"['Commercial', 'Hospitality', 'Residential']",3,,60000.0,Makkah Al-Mokarramah,مدينة الملك عبدالله الاقتصادية,False,ok,False,,,,,,,Announced,False,سكني,معلن عنه,"منطقة مكة المكرمة, مدينة الملك عبدالله الاقتصادية"
المركز الحضاري الشرقي بمكة المكرمة,False,Residential,"['Commercial', 'Government', 'Health', 'Hospitality', 'Infrastructure', 'Leisure/Tourism', 'Residential']",7,,460000.0,Makkah Al-Mokarramah,مكة المكرمة,False,ok,False,,,,,,,Announced,False,سكني,معلن عنه,"مكة المكرمة, منطقة مكة المكرمة"
المركز الحضاري الجنوبي بمكة المكرمة,False,Residential,"['Commercial', 'Hospitality', 'Infrastructure', 'Residential']",4,,420000.0,Makkah Al-Mokarramah,مكة المكرمة,False,ok,False,,,,,,,Announced,False,سكني,معلن عنه,"مكة المكرمة, منطقة مكة المكرمة"
برج أدير السكني – Adeer Residential Tower,False,Residential,['Residential'],1,,,Eastern Region,الخبر,False,empty,False,,,,,,,Proposed,False,سكني,المشاريع المقترحة,"المنطقة الشرقية, الخبر"
أبراج الخبر السكنية – Khobar Residential Towers,False,Residential,"['Hospitality', 'Residential']",2,340000000.0,18150.0,Eastern Region,الخبر,False,ok,True,,,,,,,Announced,False,سكني,معلن عنه,"المنطقة الشرقية, الخبر"
مجمع الرياض للاستثمار – Riyadh Investment Park,False,Residential,"['Commercial', 'Industrial', 'Infrastructure', 'Residential']",4,,11000000.0,Al-Riyadh,الرياض,False,ok,False,,,,,,,Under construction,False,سكني,تحت الإنشاء,"منطقة الرياض, الرياض"
النايفة – Al-Nayfah,False,Residential,"['Commercial', 'Residential']",2,,119324.0,Al-Riyadh,الرياض,False,ok,False,2015-01-01,,,2015.0,year-level,,Under construction,False,سكني,تحت الإنشاء,"منطقة الرياض, الرياض"
برج الغزاوي – Ghazzawi Tower,False,Residential,"['Commercial', 'Residential']",2,,3700.0,Eastern Region,الخبر,False,ok,False,,,,,,,Announced,False,سكني,معلن عنه,"المنطقة الشرقية, الخبر"
مجمع الفرسان – Fursan Center,False,Residential,"['Commercial', 'Residential']",2,,468000.0,Eastern Region,الدمام,False,ok,False,2013-10-01,,,2013.0,month-level,,Under construction,False,سكني,تحت الإنشاء,"المنطقة الشرقية, الدمام"
برج الميراج – Mirage Tower,False,Residential,['Residential'],1,,9790.0,Makkah Al-Mokarramah,جدة,False,ok,False,,,,,,,Announced,False,سكني,معلن عنه,"منطقة مكة المكرمة, جدة"
مجمع النورس السكني – Al Nawras Residential Compound,False,Residential,['Residential'],1,,11000.0,Eastern Region,الخبر,False,ok,False,2013-09-01,2017-04-05,1312.0,2013.0,month-level,exact,Completed,False,سكني,مكتمل,"المنطقة الشرقية, الخبر"
زوايا ريزيدنس – Zawaya Residence,False,Residential,['Residential'],1,,10900.0,Makkah Al-Mokarramah,جدة,False,ok,False,2014-03-01,2016-12-31,1036.0,2014.0,month-level,year-level,Completed,False,سكني,مكتمل,"منطقة مكة المكرمة, جدة"
ابراج الخرج – AlKharj Towers,False,Residential,"['Government', 'Residential']",2,,,Al-Riyadh,الخرج,False,empty,False,,,,,,,Announced,False,سكني,معلن عنه,"منطقة الرياض, الخرج"
أبراج سرايا العليا – Saraya Towers,False,Residential,['Residential'],1,,,Eastern Region,الخبر,False,empty,False,2013-06-01,2018-06-30,1855.0,2013.0,month-level,month-level,Completed,False,سكني,مكتمل,"المنطقة الشرقية, الخبر"
مجمع إدساس 1 – Edsas Compound 1,False,Residential,['Residential'],1,,5820.0,Makkah Al-Mokarramah,جدة,False,ok,False,2013-07-01,2014-05-31,334.0,2013.0,month-level,month-level,Completed,False,سكني,مكتمل,جدة
جدة داون تاون – Jeddah Downtown,False,Residential,"['Commercial', 'Government', 'Hospitality', 'Residential']",4,18000000000.0,5200000.0,Makkah Al-Mokarramah,جدة,False,ok,True,2019-03-31,2029-12-31,3928.0,2019.0,exact,year-level,Announced,False,سكني,معلن عنه,"منطقة مكة المكرمة, جدة"
بانوراما جدة – Panorama Jeddah,False,Residential,"['Commercial', 'Hospitality', 'Residential']",3,,160000.0,Makkah Al-Mokarramah,جدة,False,ok,False,2017-12-31,2020-12-31,1096.0,2017.0,exact,year-level,Announced,False,سكني,معلن عنه,"منطقة مكة المكرمة, جدة"
برج الهدى بلازا – Huda Plaza Tower,False,Residential,"['Commercial', 'Residential']",2,,3500.0,Makkah Al-Mokarramah,جدة,False,ok,False,2005-04-16,,,2005.0,exact,,Cancelled,True,سكني,ملغي,"منطقة مكة المكرمة, جدة"
حدائق الأندلسية – Andalusia Gardens,False,Residential,"['Commercial', 'Hospitality', 'Residential']",3,,47068.0,Makkah Al-Mokarramah,جدة,False,ok,False,2008-02-01,,,2008.0,month-level,,Cancelled,True,سكني,ملغي,"منطقة مكة المكرمة, جدة"
منازل زيني السكنية – Zeny Residential Homes,False,Residential,['Residential'],1,,5800.0,Makkah Al-Mokarramah,جدة,False,ok,False,2015-01-26,,,2015.0,exact,,Under construction,False,سكني,تحت الإنشاء,"منطقة مكة المكرمة, جدة"
برج ميروت – Mirot Tower,False,Residential,['Residential'],1,,2704.0,Eastern Region,الخبر,False,ok,False,2017-01-01,,,2017.0,year-level,,Under construction,False,سكني,تحت الإنشاء,"المنطقة الشرقية, الخبر"
مجمع المعذر السكني – Maathar Residential Complex,False,Residential,['Residential'],1,,14119.2,Al-Riyadh,الرياض,False,ok,False,,,,,,,Under construction,False,سكني,تحت الإنشاء,"منطقة الرياض, الرياض"
منتجع كناري الخزامى – Al Khozama Canary Resort,False,Residential,['Residential'],1,,27000.0,Al-Riyadh,الرياض,False,ok,False,,,,,,,Under construction,False,سكني,تحت الإنشاء,"منطقة الرياض, الرياض"
مجمع إدساس 4 – Edsas Compound 4,False,Residential,['Residential'],1,,,Makkah Al-Mokarramah,جدة,False,empty,False,2013-11-04,,,2013.0,exact,,Under construction,False,سكني,تحت الإنشاء,"منطقة مكة المكرمة, جدة"
برج سكني الدمام – Residential Tower Dammam,False,Residential,"['Commercial', 'Residential']",2,,,Eastern Region,الدمام,False,empty,False,,,,,,,Announced,False,سكني,معلن عنه,"المنطقة الشرقية, الدمام"
ديم كمباوند – DEEM COMPOUND,False,Residential,['Residential'],1,,17250.0,Eastern Region,الخبر,False,ok,False,,,,,,,Under construction,False,سكني,تحت الإنشاء,"المنطقة الشرقية, الخبر"
بيازا – Piaza,False,Residential,"['Commercial', 'Residential']",2,,6674.0,Makkah Al-Mokarramah,جدة,False,ok,False,,,,,,,Announced,False,سكني,معلن عنه,"منطقة مكة المكرمة, جدة"
مجمع جازان سكني – Jazan Residential Complex,False,Residential,['Residential'],1,92000000.0,94000.0,Jazan,جازان,False,ok,True,2009-01-01,2014-06-30,2006.0,2009.0,year-level,month-level,Completed,False,سكني,مكتمل,"منطقة جازان, جازان"
Khouzama Hills – الخزامى هيلز,False,Residential,['Residential'],1,,6000.0,Al-Riyadh,الرياض,False,ok,False,,,,,,,Under construction,False,سكني,تحت الإنشاء,"منطقة الرياض, الرياض"
مجمع الجبيلة – Jubaylah Complex,False,Residential,"['Commercial', 'Residential']",2,,,Al-Riyadh,الرياض,False,empty,False,,,,,,,Under construction,False,سكني,تحت الإنشاء,"منطقة الرياض, الرياض"
المجمع الطبي لوزارة الدفاع – Military Medical Complex,False,Residential,"['Government', 'Health', 'Infrastructure', 'Residential']",4,9300000000.0,9000000.0,Al-Riyadh,الرياض,False,ok,True,,,,,,,Announced,False,سكني,معلن عنه,"منطقة الرياض, الرياض"
مجمع الباني 8144 – Albani complex 8144,False,Residential,"['Commercial', 'Residential']",2,,,Al-Riyadh,الرياض,False,empty,False,,,,,,,Under construction,False,سكني,تحت الإنشاء,"منطقة الرياض, الرياض"
حي الشاطئ 2 – Beach Community 2,False,Residential,['Residential'],1,,680000.0,Makkah Al-Mokarramah,مدينة الملك عبدالله الاقتصادية,False,ok,False,,,,,,,Under construction,False,سكني,تحت الإنشاء,"منطقة مكة المكرمة, مدينة الملك عبدالله الاقتصادية"
أجمكان – AJMAKAN,False,Residential,"['Commercial', 'Hospitality', 'Leisure/Tourism', 'Residential']",4,,1840000.0,Al-Riyadh,الرياض,False,ok,False,,,,,,,Stalled,True,سكني,متعثر,"منطقة الرياض, الرياض"
مجمع الخبر – Khobar Complex,False,Residential,"['Commercial', 'Hospitality', 'Residential']",3,,150000.0,Eastern Region,الخبر,False,ok,False,,,,,,,Proposed,False,سكني,المشاريع المقترحة,"المنطقة الشرقية, الخبر"
كومباوند مرادا – Morada Compound,False,Residential,['Residential'],1,,12941.0,Al-Riyadh,الرياض,False,ok,False,,,,,,,Under construction,False,سكني,تحت الإنشاء,"منطقة الرياض, الرياض"
كمباوند أدكس – ADEX Compound,False,Residential,['Residential'],1,,45000.0,Al-Riyadh,الرياض,False,ok,False,2012-04-01,2014-05-31,790.0,2012.0,month-level,month-level,Completed,False,سكني,مكتمل,"منطقة الرياض, الرياض"
مركز الجمجوم التجاري – Jamjoom Commercial Centre,False,Residential,"['Commercial', 'Residential']",2,1000000000.0,53545.0,Makkah Al-Mokarramah,جدة,False,ok,True,1980-09-01,1987-12-31,2677.0,1980.0,month-level,year-level,Completed,False,سكني,مكتمل,"منطقة مكة المكرمة, جدة"
أبراج المدى – Mada Towers,False,Residential,"['Hospitality', 'Residential']",2,2000000000.0,33000.0,Makkah Al-Mokarramah,جدة,False,ok,True,,,,,,,Cancelled,True,سكني,ملغي,"منطقة مكة المكرمة, جدة"
برج أيكون – IKON Tower,False,Residential,['Residential'],1,,2500.0,Eastern Region,الخبر,False,ok,False,,,,,,,Announced,False,سكني,معلن عنه,"المنطقة الشرقية, الخبر"
أبراج التوأم – Twin towers,False,Residential,"['Commercial', 'Residential']",2,,3100.0,Eastern Region,الخبر,False,ok,False,2016-12-01,,,2016.0,month-level,,Under construction,False,سكني,تحت الإنشاء,"المنطقة الشرقية, الخبر"
أبراج الفارسي – Farsi Tower,False,Residential,['Residential'],1,350000000.0,16000.0,Makkah Al-Mokarramah,جدة,False,ok,True,2003-10-04,2009-02-11,1957.0,2003.0,exact,exact,Completed,False,سكني,مكتمل,"منطقة مكة المكرمة, جدة"
منازل الصفا – Safa Compound,False,Residential,['Residential'],1,,,Makkah Al-Mokarramah,جدة,False,empty,False,2013-11-01,,,2013.0,month-level,,Under construction,False,سكني,تحت الإنشاء,"منطقة مكة المكرمة, جدة"
ابراج النورس –  Al Nawras Towers,False,Residential,"['Commercial', 'Residential']",2,,,Makkah Al-Mokarramah,جدة,False,empty,False,2020-01-01,,,2020.0,year-level,,Proposed,False,سكني,المشاريع المقترحة,"منطقة مكة المكرمة, جدة"
مركز الروضة التجاري – Al-Rawdah Commercial Center,False,Residential,"['Commercial', 'Hospitality', 'Residential']",3,,70000.0,Makkah Al-Mokarramah,جدة,False,ok,False,,,,,,,Announced,False,سكني,معلن عنه,"منطقة مكة المكرمة, جدة"
منازل الشلال – The Waterfall,False,Residential,"['Commercial', 'Government', 'Residential']",3,,4887.0,Al-Riyadh,الرياض,False,ok,False,2010-01-01,,,2010.0,year-level,,Stalled,True,سكني,متعثر,"منطقة الرياض, الرياض"
برج الهلال – Hilal Tower,False,Residential,"['Commercial', 'Government', 'Residential']",3,,4869.0,Al-Riyadh,الرياض,False,ok,False,2010-06-01,,,2010.0,month-level,,Stalled,True,سكني,متعثر,"منطقة الرياض, الرياض"
أمجال الياسمين – Amjal Al Yasmin,False,Residential,['Residential'],1,400000000.0,58513.0,Al-Riyadh,الرياض,False,ok,True,2013-02-01,,,2013.0,month-level,,Under construction,False,سكني,تحت الإنشاء,"منطقة الرياض, الرياض"
جوهرة بوابة جدة – The Jewel of Jeddah Gate,False,Residential,"['Commercial', 'Residential']",2,,22358.0,Makkah Al-Mokarramah,جدة,False,ok,False,,,,,,,Proposed,False,سكني,المشاريع المقترحة,"منطقة مكة المكرمة, جدة"
مجمع كناري السكني بالخبر – Canary Residential Community Al Kobar,False,Residential,"['Commercial', 'Residential']",2,685000000.0,375000.0,Eastern Region,الخبر,False,ok,True,2014-01-13,,,2014.0,exact,,Under construction,False,سكني,تحت الإنشاء,"المنطقة الشرقية, الخبر"
القرية العمالية في مدينة سدير للصناعة والأعمال – Sudai...,True,Residential,"['Commercial', 'Residential']",2,155000000.0,30000.0,Al-Riyadh,مدينة سدير للصناعة والأعمال,False,ok,True,2016-02-01,2017-03-23,416.0,2016.0,month-level,exact,Delayed,True,سكني,متأخر,"منطقة الرياض, مدينة سدير للصناعة والأعمال"
التالة جاردينز 3 – Talah Gardens 3,False,Residential,['Residential'],1,,616000.0,Makkah Al-Mokarramah,مدينة الملك عبدالله الاقتصادية,False,ok,False,2014-04-01,,,2014.0,month-level,,Announced,False,سكني,معلن عنه,"منطقة مكة المكرمة, مدينة الملك عبدالله الاقتصادية"
الواحة 1 – Al Waha 1,False,Residential,['Residential'],1,313000000.0,180000.0,Makkah Al-Mokarramah,مدينة الملك عبدالله الاقتصادية,False,ok,True,2013-11-01,,,2013.0,month-level,,Under construction,False,سكني,تحت الإنشاء,"منطقة مكة المكرمة, مدينة الملك عبدالله الاقتصادية"
إسكان بترورابغ – Petro Rabigh Community,False,Residential,['Residential'],1,,302555.0,Makkah Al-Mokarramah,مدينة الملك عبدالله الاقتصادية,False,ok,False,,,,,,,Proposed,False,سكني,المشاريع المقترحة,"منطقة مكة المكرمة, مدينة الملك عبدالله الاقتصادية"
نسمة – Nesma,False,Residential,['Residential'],1,,34330.0,Makkah Al-Mokarramah,الطائف,False,ok,False,2016-07-16,2018-06-30,714.0,2016.0,exact,month-level,Delayed,True,سكني,متأخر,"منطقة مكة المكرمة, الطائف"
إسكان أفنيو درة الرياض – Avenue Durrat Arriyadh,False,Residential,"['Commercial', 'Residential']",2,,17000.0,Al-Riyadh,الرياض,False,ok,False,,,,,,,Announced,False,سكني,معلن عنه,"منطقة الرياض, الرياض"
تطوير جبل الشراشف – Al Sharashif Development,False,Residential,"['Commercial', 'Hospitality', 'Infrastructure', 'Residential']",4,,9714000.0,Makkah Al-Mokarramah,مكة المكرمة,False,ok,False,,,,,,,Announced,False,سكني,معلن عنه,"مكة المكرمة, منطقة مكة المكرمة"
محور الحرمين – Mehwar Al Haramain,False,Residential,"['Government', 'Hospitality', 'Residential']",3,,4827000.0,Makkah Al-Mokarramah,مكة المكرمة,False,ok,False,,,,,,,Announced,False,سكني,معلن عنه,"مكة المكرمة, منطقة مكة المكرمة"
تطوير قوز النكاسة – Nakkasa Development,False,Residential,"['Commercial', 'Hospitality', 'Residential']",3,,469612.0,Makkah Al-Mokarramah,مكة المكرمة,False,ok,False,,,,,,,Announced,False,سكني,معلن عنه,"مكة المكرمة, منطقة مكة المكرمة"
درب المشاعر – Darb Al Mashaer,False,Residential,"['Commercial', 'Government', 'Hospitality', 'Residential']",4,7000000000.0,98562.0,Makkah Al-Mokarramah,مكة المكرمة,False,ok,True,,,,,,,Announced,False,سكني,معلن عنه,"مكة المكرمة, منطقة مكة المكرمة"
تطوير جبل محبس الجن – Jabal Mahbas El Jin Development,False,Residential,"['Commercial', 'Health', 'Hospitality', 'Residential']",4,,500000.0,Makkah Al-Mokarramah,مكة المكرمة,False,ok,False,,,,,,,Proposed,False,سكني,المشاريع المقترحة,"مكة المكرمة, منطقة مكة المكرمة"
الشروق 1 – Al Shurooq 1,False,Residential,['Residential'],1,,150000.0,Makkah Al-Mokarramah,مدينة الملك عبدالله الاقتصادية,False,ok,False,2014-04-01,2016-07-01,822.0,2014.0,month-level,exact,Completed,False,سكني,مكتمل,"منطقة مكة المكرمة, مدينة الملك عبدالله الاقتصادية"
مجمع الريفيرا – Riviera Compound,False,Residential,['Residential'],1,,58485.0,Eastern Region,الخبر,False,ok,False,2015-01-01,,,2015.0,year-level,,Under construction,False,سكني,تحت الإنشاء,"المنطقة الشرقية, الخبر"
الفراشة – The Butterfly,False,Residential,"['Commercial', 'Residential']",2,,7072.0,Al-Riyadh,الرياض,False,ok,False,2010-04-01,,,2010.0,month-level,,Stalled,True,سكني,متعثر,"منطقة الرياض, الرياض"
الشرفة – The Terraces,False,Residential,"['Commercial', 'Residential']",2,,4500.0,Al-Riyadh,الرياض,False,ok,False,2010-01-01,,,2010.0,year-level,,Stalled,True,سكني,متعثر,"منطقة الرياض, الرياض"
حي الغولف 1 – Golf Community 1,False,Residential,['Residential'],1,,140000.0,Makkah Al-Mokarramah,مدينة الملك عبدالله الاقتصادية,False,ok,False,2009-08-01,,,2009.0,month-level,,Under construction,False,سكني,تحت الإنشاء,"منطقة مكة المكرمة, مدينة الملك عبدالله الاقتصادية"
أبراج الهلال 2 – Abraj Al Hilal 2,False,Residential,['Residential'],1,,,Makkah Al-Mokarramah,جدة,False,empty,False,2013-07-01,2017-11-30,1613.0,2013.0,month-level,month-level,Completed,False,سكني,مكتمل,"منطقة مكة المكرمة, جدة"
أبراج الهلال 1 – Abraj Al Hilal 1,False,Residential,['Residential'],1,,,Makkah Al-Mokarramah,جدة,False,empty,False,2006-06-01,2012-11-30,2374.0,2006.0,month-level,month-level,Completed,False,سكني,مكتمل,"منطقة مكة المكرمة, جدة"
ابراج السبيعي الخبر – Al Subeaei Towers,False,Residential,"['Commercial', 'Residential']",2,84000000.0,39000.0,Eastern Region,الخبر,False,ok,True,,2005-01-01,,,,exact,Completed,False,سكني,مكتمل,"المنطقة الشرقية, الخبر"
اعمار رزيدنسز – Emaar Residences,False,Residential,['Residential'],1,,,Makkah Al-Mokarramah,جدة,False,empty,False,2016-04-01,,,2016.0,month-level,,Under construction,False,سكني,تحت الإنشاء,"منطقة مكة المكرمة, جدة"
فندق فينو – Venu Hotel,False,Residential,"['Commercial', 'Hospitality', 'Residential']",3,,30837.0,Makkah Al-Mokarramah,جدة,False,ok,False,2015-01-01,,,2015.0,year-level,,Under construction,False,سكني,تحت الإنشاء,"منطقة مكة المكرمة, جدة"
الفريدة – Alfareeda,False,Residential,['Residential'],1,1800000000.0,1082779.0,Makkah Al-Mokarramah,جدة,False,ok,True,2010-12-05,,,2010.0,exact,,Under construction,False,سكني,تحت الإنشاء,"منطقة مكة المكرمة, جدة"
دعم ريزدينس – Da’em Residence,False,Residential,['Residential'],1,,,Makkah Al-Mokarramah,جدة,False,empty,False,2015-04-01,2016-01-01,275.0,2015.0,month-level,exact,Completed,False,سكني,مكتمل,"منطقة مكة المكرمة, جدة"
برج دلة البركة – Dallah Albaraka Tower,False,Residential,['Residential'],1,370000000.0,6431.0,Makkah Al-Mokarramah,جدة,False,ok,True,,,,,,,Proposed,False,سكني,المشاريع المقترحة,"منطقة مكة المكرمة, جدة"
ذا جراند – The Grand,False,Residential,"['Commercial', 'Residential']",2,,3133.0,Al-Riyadh,الرياض,False,ok,False,2017-01-01,,,2017.0,year-level,,Under construction,False,سكني,تحت الإنشاء,"منطقة الرياض, الرياض"
مجمع الوادي السكني – AL WADI Compound,False,Residential,['Residential'],1,,8750.0,Al-Riyadh,الرياض,False,ok,False,,,,,,,Under construction,False,سكني,تحت الإنشاء,"منطقة الرياض, الرياض"
مياسم – Mayasem,False,Residential,"['Commercial', 'Education', 'Hospitality', 'Residential']",4,,,Makkah Al-Mokarramah,جدة,False,empty,False,2014-04-01,,,2014.0,month-level,,Under construction,False,سكني,تحت الإنشاء,"منطقة مكة المكرمة, جدة"
جبل خندمة – Jabal Khandamah,False,Residential,"['Commercial', 'Health', 'Hospitality', 'Residential']",4,,910000.0,Makkah Al-Mokarramah,مكة المكرمة,False,ok,False,2018-07-01,2030-12-31,4566.0,2018.0,month-level,year-level,Announced,False,سكني,معلن عنه,"مكة المكرمة, منطقة مكة المكرمة"
مجمع متعدد الإستخدامات – Mixed Use Complex,False,Residential,"['Commercial', 'Hospitality', 'Residential']",3,234000000.0,220000.0,Makkah Al-Mokarramah,جدة,False,ok,True,2016-01-01,,,2016.0,year-level,,Under construction,False,سكني,تحت الإنشاء,"منطقة مكة المكرمة, جدة"
مجمع سكني – Condominium,False,Residential,"['Commercial', 'Residential']",2,,67600.0,Makkah Al-Mokarramah,جدة,False,ok,False,2016-01-01,,,2016.0,year-level,,Under construction,False,سكني,تحت الإنشاء,"منطقة مكة المكرمة, جدة"
سي 180 – C180,False,Residential,['Residential'],1,,,Makkah Al-Mokarramah,جدة,False,empty,False,2009-02-01,2014-10-31,2098.0,2009.0,month-level,month-level,Completed,False,سكني,مكتمل,"منطقة مكة المكرمة, جدة"
مجمع النورس السكني – Nawras Residential Complex,False,Residential,"['Commercial', 'Residential']",2,430000000.0,,Makkah Al-Mokarramah,جدة,False,empty,True,,,,,,,Under construction,False,سكني,تحت الإنشاء,"منطقة مكة المكرمة, جدة"
الحمراء سكوير – Al Hamra Square,False,Residential,['Residential'],1,,3936.0,Makkah Al-Mokarramah,جدة,False,ok,False,2012-07-01,2015-02-01,945.0,2012.0,month-level,exact,Completed,False,سكني,مكتمل,"منطقة مكة المكرمة, جدة"
القرية – The Village,False,Residential,['Residential'],1,90000000.0,48000.0,Makkah Al-Mokarramah,مدينة الملك عبدالله الاقتصادية,False,ok,True,2014-06-05,2015-03-31,299.0,2014.0,exact,month-level,Completed,False,سكني,مكتمل,"منطقة مكة المكرمة, مدينة الملك عبدالله الاقتصادية"
التالة جاردينز 1 – Talah Gardens 1,False,Residential,['Residential'],1,876000000.0,525096.0,Makkah Al-Mokarramah,مدينة الملك عبدالله الاقتصادية,False,ok,True,2011-06-01,,,2011.0,month-level,,Under construction,False,سكني,تحت الإنشاء,"منطقة مكة المكرمة, مدينة الملك عبدالله الاقتصادية"
حي الشاطئ 1 – Beach Community 1,False,Residential,['Residential'],1,,280381.0,Makkah Al-Mokarramah,مدينة الملك عبدالله الاقتصادية,False,ok,False,,,,,,,Under construction,False,سكني,تحت الإنشاء,"منطقة مكة المكرمة, مدينة الملك عبدالله الاقتصادية"
المجمع الطبي الأمني لوزارة الداخلية – Security Forces Medical C...,True,Residential,"['Government', 'Health', 'Residential']",3,11330757975.0,2500000.0,Makkah Al-Mokarramah,جدة,False,ok,True,2013-04-16,,,2013.0,exact,,Under construction,False,سكني,تحت الإنشاء,"منطقة مكة المكرمة, جدة"
إسكان الرس – Ar Rass Housing Project,False,Residential,"['Government', 'Residential']",2,45000000.0,245000.0,Al-Qaseem,الرس,False,ok,True,2010-10-15,2012-10-15,731.0,2010.0,exact,exact,Stalled,True,سكني,متعثر,"منطقة القصيم, الرس"
إسكان اعضاء هيئة التدريس بجامعة الملك عبدالعزيز –  Fa...,True,Residential,"['Government', 'Residential']",2,1288153974.0,735062.0,Makkah Al-Mokarramah,جدة,False,ok,True,2010-10-06,2014-10-23,1478.0,2010.0,exact,exact,Delayed,True,سكني,متأخر,"منطقة مكة المكرمة, جدة"
مجمع النعيم – Al Naim Compound,False,Residential,['Residential'],1,,,Al-Riyadh,الرياض,False,empty,False,,,,,,,Proposed,False,سكني,المشاريع المقترحة,"منطقة الرياض, الرياض"
الرياض بروميناد – Riyadh Promenade,False,Residential,"['Commercial', 'Leisure/Tourism', 'Residential']",3,,40000.0,Al-Riyadh,الرياض,False,ok,False,,,,,,,Announced,False,سكني,معلن عنه,"منطقة الرياض, الرياض"
ديوان ناجية – Diwan Najiah,False,Residential,"['Hospitality', 'Residential']",2,,,Makkah Al-Mokarramah,جدة,False,empty,False,2010-02-01,2014-05-01,1550.0,2010.0,month-level,exact,Completed,False,سكني,مكتمل,"منطقة مكة المكرمة, جدة"
درة الهدا السكني – DURRAT AL HADA,False,Residential,"['Commercial', 'Residential']",2,,229685.0,Al-Riyadh,الرياض,False,ok,False,2017-08-01,,,2017.0,month-level,,Under construction,False,سكني,تحت الإنشاء,"منطقة الرياض, الرياض"
منتجع بوابة الصحراء – Desert Gate Resort,False,Residential,"['Commercial', 'Hospitality', 'Residential']",3,,180000.0,Al-Riyadh,الرياض,False,ok,False,,,,,,,Under construction,False,سكني,تحت الإنشاء,"منطقة الرياض, الرياض"
مجمع الهدا السكني – AL HADA COMPOUND,False,Residential,"['Commercial', 'Residential']",2,,37000.0,Al-Riyadh,الرياض,False,ok,False,,,,,,,Announced,False,سكني,معلن عنه,"منطقة الرياض, الرياض"
قرية المرجان – Almurjan Village,False,Residential,['Residential'],1,70000000.0,161181.0,Eastern Region,الجبيل الصناعية,False,ok,True,,,,,,,Completed,False,سكني,مكتمل,"المنطقة الشرقية, الجبيل الصناعية"
مانسارد – Mansard,False,Residential,"['Commercial', 'Hospitality', 'Residential']",3,,,Al-Riyadh,الرياض,False,empty,False,2015-01-01,2017-12-31,1095.0,2015.0,year-level,year-level,Delayed,True,سكني,متأخر,"منطقة الرياض, الرياض"
منتجع وادي الهدا – Wadi Al Hada Resorts,False,Residential,"['Commercial', 'Residential']",2,,214992.0,Al-Riyadh,الرياض,False,ok,False,2017-12-01,,,2017.0,month-level,,Under construction,False,سكني,تحت الإنشاء,"منطقة الرياض, الرياض"
سُكنى – Sukna,False,Residential,"['Commercial', 'Government', 'Religious/Charity', 'Residential', 'Sports']",5,,1414221.0,Makkah Al-Mokarramah,جدة,False,ok,False,2016-11-01,2020-12-31,1521.0,2016.0,month-level,year-level,Under construction,False,سكني,تحت الإنشاء,"منطقة مكة المكرمة, جدة"
الإسكان التنموي بالأفلاج – Aflaj Developmental Housing,False,Residential,"['Religious/Charity', 'Residential']",2,3000000.0,500000.0,Al-Riyadh,الأفلاج,False,ok,True,2007-09-21,2011-05-19,1336.0,2007.0,exact,exact,Completed,False,سكني,مكتمل,"منطقة الرياض, الأفلاج"
الضواحي – Dawahi,False,Residential,['Residential'],1,136000000.0,,Eastern Region,الدمام,False,empty,True,,,,,,,Under construction,False,سكني,تحت الإنشاء,"المنطقة الشرقية, الدمام"
ابها الجديدة – The New Abha,False,Residential,['Residential'],1,,350000.0,Aseer,أبها,False,ok,False,,,,,,,Completed,False,سكني,مكتمل,"منطقة عسير, أبها"
مجمع نمارق السكني بجازان – Namariq Residency Jazan,False,Residential,['Residential'],1,,141181.0,Jazan,مدينة جازان للصناعات الاساسية والتحويلية,False,ok,False,,2015-05-31,,,,month-level,Completed,False,سكني,مكتمل,"منطقة جازان, مدينة جازان للصناعات الاساسية والتحويلية"
أبراج الشاطئ – Beach Towers,False,Residential,['Residential'],1,,59237.0,Makkah Al-Mokarramah,مدينة الملك عبدالله الاقتصادية,False,ok,False,,2012-07-02,,,,exact,Completed,False,سكني,مكتمل,"منطقة مكة المكرمة, مدينة الملك عبدالله الاقتصادية"
برج المطلق – Al-Mutlaq Tower,False,Residential,"['Hospitality', 'Residential']",2,,,Makkah Al-Mokarramah,جدة,False,empty,False,2016-01-01,,,2016.0,year-level,,Under construction,False,سكني,تحت الإنشاء,"منطقة مكة المكرمة, جدة"
مجمع طيبة السكني – Taiyba Residential Complex,False,Residential,['Residential'],1,,10300.0,Makkah Al-Mokarramah,جدة,False,ok,False,,,,,,,Completed,False,سكني,مكتمل,"منطقة مكة المكرمة, جدة"
برج الفواز – Alfawaz tower,False,Residential,"['Hospitality', 'Residential']",2,,1800.0,Al-Riyadh,الرياض,False,ok,False,,,,,,,Under construction,False,سكني,تحت الإنشاء,"منطقة الرياض, الرياض"
جزر البندقية – Venice Island,False,Residential,"['Commercial', 'Health', 'Infrastructure', 'Leisure/Tourism', 'Residential']",5,1000000000.0,36000000.0,Makkah Al-Mokarramah,جدة,False,ok,True,,,,,,,Stalled,True,سكني,متعثر,"منطقة مكة المكرمة, جدة"
منتجع شلالة – SHLALAH RESORTS,False,Residential,"['Commercial', 'Residential']",2,,35000.0,Al-Riyadh,الرياض,False,ok,False,,2017-06-30,,,,month-level,Delayed,True,سكني,متأخر,"منطقة الرياض, الرياض"
إسكان أعضاء هيئة التدريس بجامعة الأمير سلطان –  Faculty...,True,Residential,['Residential'],1,,14000.0,Al-Riyadh,الرياض,False,ok,False,,,,,,,Announced,False,سكني,معلن عنه,"منطقة الرياض, الرياض"
ذا بلازا ريزيدنس – The Plaza Residence,False,Residential,"['Commercial', 'Residential']",2,,4800.0,Al-Riyadh,الرياض,False,ok,False,,,,,,,Under construction,False,سكني,تحت الإنشاء,"منطقة الرياض, الرياض"
مجمع القحطاني – AlQahtani Complex,False,Residential,"['Commercial', 'Residential']",2,,,Eastern Region,الخبر,False,empty,False,,,,,,,Proposed,False,سكني,المشاريع المقترحة,"المنطقة الشرقية, الخبر"
ضواحي مركز الملك عبدالله المالي – KAFD Enviros Development,False,Residential,"['Commercial', 'Infrastructure', 'Leisure/Tourism', 'Religious/Charity', 'Residential']",5,,5000000.0,Al-Riyadh,الرياض,False,ok,False,,,,,,,Announced,False,سكني,معلن عنه,"منطقة الرياض, الرياض"
فلل ليليا – Lilia Villas,False,Residential,['Residential'],1,,21000.0,Makkah Al-Mokarramah,جدة,False,ok,False,,,,,,,Under construction,False,سكني,تحت الإنشاء,"منطقة مكة المكرمة, جدة"
أبراج البيت 58 – Al-Bayt 58 Tower,False,Residential,"['Commercial', 'Residential']",2,,23812.0,Al-Riyadh,الرياض,False,ok,False,2017-11-01,,,2017.0,month-level,,Under construction,False,سكني,تحت الإنشاء,"منطقة الرياض, الرياض"
السلام مول – Salam Mall,False,Residential,"['Commercial', 'Hospitality', 'Residential']",3,130000000.0,328516.0,Makkah Al-Mokarramah,جدة,False,ok,True,,,,,,,Completed,False,سكني,مكتمل,"منطقة مكة المكرمة, جدة"
أبراج المارينا – Marina Towers,False,Residential,['Residential'],1,494000000.0,43957.0,Makkah Al-Mokarramah,مدينة الملك عبدالله الاقتصادية,False,ok,True,2007-05-14,,,2007.0,exact,,Completed,False,سكني,مكتمل,"منطقة مكة المكرمة, مدينة الملك عبدالله الاقتصادية"
مجمع المكرونة السكني – Al Makarona Community,False,Residential,"['Commercial', 'Residential']",2,,9800.0,Makkah Al-Mokarramah,جدة,False,ok,False,,,,,,,Under construction,False,سكني,تحت الإنشاء,"منطقة مكة المكرمة, جدة"
لابالما – LaPalma,False,Residential,['Residential'],1,,110000.0,Al-Riyadh,الرياض,False,ok,False,,2015-05-31,,,,month-level,Completed,False,سكني,مكتمل,"منطقة الرياض, الرياض"
يونيون سكوير الخبر – Union Square Al-Khobar,False,Residential,"['Commercial', 'Hospitality', 'Leisure/Tourism', 'Residential']",4,,49813.0,Eastern Region,الخبر,False,ok,False,,,,,,,Announced,False,سكني,معلن عنه,"المنطقة الشرقية, الخبر"
كورت فيلا – Court Villa,False,Residential,['Residential'],1,,3860.0,Al-Riyadh,الرياض,False,ok,False,,,,,,,Under construction,False,سكني,تحت الإنشاء,"منطقة الرياض, الرياض"
ليماس – Limas,False,Residential,['Residential'],1,135000000.0,43500.0,Eastern Region,الجبيل,False,ok,True,2014-02-10,,,2014.0,exact,,Under construction,False,سكني,تحت الإنشاء,"المنطقة الشرقية, الجبيل"
برجين سكني وتجاري في الرياض,False,Residential,"['Commercial', 'Residential']",2,,,Al-Riyadh,الرياض,False,empty,False,,,,,,,Proposed,False,سكني,المشاريع المقترحة,"منطقة الرياض, الرياض"
أبتاون مكة – Uptown Makkah,False,Residential,"['Commercial', 'Residential']",2,,,Makkah Al-Mokarramah,مكة المكرمة,False,empty,False,,,,,,,Announced,False,سكني,معلن عنه,"مكة المكرمة, منطقة مكة المكرمة"
افينيو مول ابحر – Avenue Mall Abhor,False,Residential,"['Commercial', 'Health', 'Hospitality', 'Leisure/Tourism', 'Residential']",5,,169684.0,Makkah Al-Mokarramah,جدة,False,ok,False,2016-08-01,,,2016.0,month-level,,Under construction,False,سكني,تحت الإنشاء,"منطقة مكة المكرمة, جدة"
كمباوند الغدير – Alghadeer compound,False,Residential,"['Commercial', 'Residential']",2,,6000.0,Al-Riyadh,الرياض,False,ok,False,,,,,,,Under construction,False,سكني,تحت الإنشاء,"منطقة الرياض, الرياض"
مدينة الأحلام,False,Residential,"['Commercial', 'Education', 'Health', 'Hospitality', 'Infrastructure', 'Leisure/Tourism', 'Religious/Charity', 'Residential', 'Sports']",9,4000000000.0,800000.0,Aseer,خميس مشيط,False,ok,True,,,,,,,Announced,False,سكني,معلن عنه,"منطقة عسير, خميس مشيط"
أبراج الشاطئ – Beach Towers,False,Residential,['Residential'],1,1400000000.0,130805.0,Makkah Al-Mokarramah,مدينة الملك عبدالله الاقتصادية,False,ok,True,2008-04-28,2009-09-30,520.0,2008.0,exact,month-level,Stalled,True,سكني,متعثر,"منطقة مكة المكرمة, مدينة الملك عبدالله الاقتصادية"
مجمع جنات الرياض – JANNAT COMPOUND RIYADH,False,Residential,"['Commercial', 'Education', 'Health', 'Hospitality', 'Leisure/Tourism', 'Residential', 'Sports']",7,,4200000.0,Al-Riyadh,الرياض,False,ok,False,,,,,,,Under construction,False,سكني,تحت الإنشاء,"منطقة الرياض, الرياض"
جاردنز,False,Residential,['Residential'],1,,10600.0,Al-Riyadh,الرياض,False,ok,False,,,,,,,Completed,False,سكني,مكتمل,"منطقة الرياض, الرياض"
ديار السلام – Diyar Al Salam,False,Residential,"['Commercial', 'Residential']",2,,,Makkah Al-Mokarramah,جدة,False,empty,False,2015-01-01,2018-03-31,1185.0,2015.0,year-level,month-level,Completed,False,سكني,مكتمل,"منطقة مكة المكرمة, جدة"
حي جلمودة,False,Residential,"['Commercial', 'Infrastructure', 'Residential']",3,,,Eastern Region,الجبيل,False,empty,False,2011-01-01,,,2011.0,year-level,,Under construction,False,سكني,تحت الإنشاء,"المنطقة الشرقية, الجبيل"
أرض مكة,False,Residential,"['Commercial', 'Hospitality', 'Residential']",3,,,Makkah Al-Mokarramah,مكة المكرمة,False,empty,False,,,,,,,Proposed,False,سكني,المشاريع المقترحة,"مكة المكرمة, منطقة مكة المكرمة"
أبراج الحناكي السكنية,False,Residential,"['Commercial', 'Residential']",2,,44000.0,Makkah Al-Mokarramah,جدة,False,ok,False,,,,,,,Announced,False,سكني,معلن عنه,"منطقة مكة المكرمة, جدة"
كمباوند الهدا,False,Residential,['Residential'],1,,19889.0,Al-Riyadh,الرياض,False,ok,False,,,,,,,Announced,False,سكني,معلن عنه,"منطقة الرياض, الرياض"
أبراج بوابة التحلية,False,Residential,"['Commercial', 'Residential', 'Sports']",3,,83000.0,Makkah Al-Mokarramah,جدة,False,ok,False,,,,,,,Proposed,False,سكني,المشاريع المقترحة,"منطقة مكة المكرمة, جدة"
برج سايفكو السعودية,False,Residential,['Residential'],1,,,Makkah Al-Mokarramah,جدة,False,empty,False,,,,,,,Announced,False,سكني,معلن عنه,"منطقة مكة المكرمة, جدة"
حي تلال مكة,False,Residential,"['Commercial', 'Residential']",2,,1266000.0,Makkah Al-Mokarramah,مكة المكرمة,False,ok,False,,,,,,,Under construction,False,سكني,تحت الإنشاء,"مكة المكرمة, منطقة مكة المكرمة"
إسكان الدمام الجنوبي,False,Residential,"['Government', 'Infrastructure', 'Residential']",3,1082741882.0,5901351.0,Eastern Region,الدمام,False,ok,True,2013-10-21,2015-10-11,720.0,2013.0,exact,exact,Delayed,True,سكني,متأخر,"المنطقة الشرقية, الدمام"
إسكان الدمام الشمالي,False,Residential,"['Government', 'Infrastructure', 'Residential']",3,669206017.0,3934234.0,Eastern Region,الدمام,False,ok,True,2013-09-30,2015-09-08,708.0,2013.0,exact,exact,Delayed,True,سكني,متأخر,"المنطقة الشرقية, الدمام"
إسكان أبها – التعاون,False,Residential,"['Government', 'Infrastructure', 'Residential']",3,378100000.0,999774.0,Aseer,أبها,False,ok,True,2013-01-21,2015-12-31,1074.0,2013.0,exact,year-level,Delayed,True,سكني,متأخر,"منطقة عسير, أبها"
إسكان خميس مشيط,False,Residential,"['Government', 'Infrastructure', 'Residential']",3,130304594.0,4901633.0,Aseer,خميس مشيط,False,ok,True,2014-06-04,2016-05-24,720.0,2014.0,exact,exact,Delayed,True,سكني,متأخر,"منطقة عسير, خميس مشيط"
إسكان جدة الأمير فواز الجنوبي –   Prince Fawaz Housing Project SOUTH...,True,Residential,"['Government', 'Infrastructure', 'Residential']",3,480466305.0,2675225.0,Makkah Al-Mokarramah,جدة,False,ok,True,2013-09-09,2015-09-09,730.0,2013.0,exact,exact,Delayed,True,سكني,متأخر,"منطقة مكة المكرمة, جدة"
إسكان شمال مطار جدة,False,Residential,"['Government', 'Infrastructure', 'Residential']",3,338494446.0,1999999.0,Makkah Al-Mokarramah,جدة,False,ok,True,2013-08-18,2015-08-17,729.0,2013.0,exact,exact,Delayed,True,سكني,متأخر,"منطقة مكة المكرمة, جدة"
مجمع أنتارا السكني – Antara,False,Residential,"['Infrastructure', 'Residential']",2,748000000.0,157300.0,Al-Riyadh,الدرعية,False,ok,True,2015-02-01,2017-09-30,972.0,2015.0,month-level,month-level,Delayed,True,سكني,متأخر,"منطقة الرياض, الدرعية"
مشروع إسكان الأفراد والموظفين (القرية العمالية) بغرب ا�...,True,Residential,"['Commercial', 'Residential']",2,,710877.0,Al-Riyadh,الرياض,False,ok,False,2014-12-01,,,2014.0,month-level,,Under construction,False,سكني,تحت الإنشاء,"منطقة الرياض, الرياض"
مدينة مطار الملك عبدالعزيز الدولي,False,Residential,"['Commercial', 'Health', 'Hospitality', 'Leisure/Tourism', 'Residential']",5,,1000000.0,Makkah Al-Mokarramah,جدة,False,ok,False,2016-09-19,,,2016.0,exact,,Announced,False,سكني,معلن عنه,"منطقة مكة المكرمة, جدة"
تطوير درب الخليل,False,Residential,"['Commercial', 'Hospitality', 'Religious/Charity', 'Residential']",4,7000000000.0,65000.0,Makkah Al-Mokarramah,مكة المكرمة,False,ok,True,,,,,,,Announced,False,سكني,معلن عنه,"مكة المكرمة, منطقة مكة المكرمة"
كلية الجبيل الجامعية,False,Residential,"['Government', 'Residential', 'Scientific']",3,,2000000.0,Eastern Region,"الجبيل, الجبيل الصناعية",False,ok,False,2015-08-14,2019-12-31,1600.0,2015.0,exact,year-level,Under construction,False,سكني,تحت الإنشاء,"الجبيل, الجبيل الصناعية"
مجمع نمارق السكني – Namariq KAEC Residency,False,Residential,['Residential'],1,150000000.0,103276.0,Makkah Al-Mokarramah,مدينة الملك عبدالله الاقتصادية,False,ok,True,2015-01-01,2019-12-31,1825.0,2015.0,year-level,year-level,Under construction,False,سكني,تحت الإنشاء,"منطقة مكة المكرمة, مدينة الملك عبدالله الاقتصادية"
واحة الفنون –  Art Oasis,False,Residential,"['Commercial', 'Leisure/Tourism', 'Residential']",3,120000000.0,11640.0,Al-Riyadh,الرياض,False,ok,True,,,,,,,Proposed,False,سكني,المشاريع المقترحة,"منطقة الرياض, الرياض"
مجمع عدن – EDEN,False,Residential,"['Commercial', 'Residential']",2,80000000.0,5000.0,Makkah Al-Mokarramah,جدة,False,ok,True,2015-05-01,2018-06-30,1156.0,2015.0,month-level,month-level,Completed,False,سكني,مكتمل,"منطقة مكة المكرمة, جدة"
قرية البيضاء المستدامة,False,Residential,"['Government', 'Infrastructure', 'Residential']",3,,1000000.0,Makkah Al-Mokarramah,بحرة,False,ok,False,,,,,,,Under construction,False,سكني,تحت الإنشاء,"منطقة مكة المكرمة, بحرة"
إسكان الأمير فواز التعاوني –  Prince Fawaz Cooperative Housing Project...,True,Residential,['Residential'],1,1352853000.0,5730000.0,Makkah Al-Mokarramah,جدة,False,ok,True,1974-01-01,1990-12-31,6208.0,1974.0,year-level,year-level,Completed,False,سكني,مكتمل,"منطقة مكة المكرمة, جدة"
مشروع العقارية السكني بالحي الدبلوماسي,False,Residential,['Residential'],1,508000000.0,,Al-Riyadh,الرياض,False,empty,True,,,,,,,Under construction,False,سكني,تحت الإنشاء,"منطقة الرياض, الرياض"
مجمع المروج السكني بالخبر,False,Residential,['Residential'],1,,18400.0,Eastern Region,الخبر,False,ok,False,,,,,,,Completed,False,سكني,مكتمل,"المنطقة الشرقية, الخبر"
أبراج كيلو 7 بجدة – Jeddah Kilo 7,False,Residential,"['Commercial', 'Hospitality', 'Residential']",3,,,Makkah Al-Mokarramah,جدة,False,empty,False,,,,,,,Announced,False,سكني,معلن عنه,"منطقة مكة المكرمة, جدة"
مركز النمر,False,Residential,"['Commercial', 'Residential']",2,,11000.0,Al-Riyadh,الرياض,False,ok,False,,,,,,,Under construction,False,سكني,تحت الإنشاء,"منطقة الرياض, الرياض"
الصحافة كورتر,False,Residential,['Residential'],1,,30000.0,Al-Riyadh,الرياض,False,ok,False,,,,,,,Announced,False,سكني,معلن عنه,"منطقة الرياض, الرياض"
القرية الطبية بالرياض – Medical Village Riyadh,False,Residential,"['Commercial', 'Education', 'Health', 'Hospitality', 'Residential']",5,,250000.0,Al-Riyadh,الرياض,False,ok,False,2016-01-01,,,2016.0,year-level,,Under construction,False,سكني,تحت الإنشاء,"منطقة الرياض, الرياض"
دونز سنتر,False,Residential,"['Commercial', 'Leisure/Tourism', 'Residential']",3,,,Makkah Al-Mokarramah,جدة,False,empty,False,2015-09-01,,,2015.0,month-level,,Cancelled,True,سكني,ملغي,"منطقة مكة المكرمة, جدة"
مركز 7060,False,Residential,"['Commercial', 'Hospitality', 'Residential']",3,,,Al-Riyadh,الرياض,False,empty,False,,,,,,,Under construction,False,سكني,تحت الإنشاء,"منطقة الرياض, الرياض"
مساكن الرفيعه,False,Residential,['Residential'],1,,,Al-Riyadh,الرياض,False,empty,False,,,,,,,Under construction,False,سكني,تحت الإنشاء,"منطقة الرياض, الرياض"
سكن منسوبي وزارة الحرس الوطني,False,Residential,"['Commercial', 'Education', 'Government', 'Health', 'Religious/Charity', 'Residential']",6,1500000000.0,718468.0,Makkah Al-Mokarramah,مدينة الملك عبدالله الاقتصادية,False,ok,True,,2017-12-31,,,,year-level,Delayed,True,سكني,متأخر,"منطقة مكة المكرمة, مدينة الملك عبدالله الاقتصادية"
ضاحية قرية العقارية,False,Residential,"['Commercial', 'Infrastructure', 'Residential']",3,1130000000.0,2030889.0,Al-Riyadh,الرياض,False,ok,True,,,,,,,Announced,False,سكني,معلن عنه,"منطقة الرياض, الرياض"
مجمع العقارية بالوصيل,False,Residential,"['Commercial', 'Education', 'Health', 'Hospitality', 'Infrastructure', 'Residential']",6,2900000000.0,7000000.0,Al-Riyadh,الرياض,False,ok,True,,,,,,,Announced,False,سكني,معلن عنه,"منطقة الرياض, الرياض"
بيوت آغا,False,Residential,['Residential'],1,,,Eastern Region,,False,empty,False,,,,,,,Under construction,False,سكني,تحت الإنشاء,المنطقة الشرقية
مبنى متعدد الأستخدام,False,Residential,"['Commercial', 'Hospitality', 'Residential']",3,,,Al-Riyadh,الرياض,False,empty,False,,,,,,,Proposed,False,سكني,المشاريع المقترحة,"منطقة الرياض, الرياض"
جاردينيا ريزيدنس – Gardenia Residence,False,Residential,['Residential'],1,171000000.0,26000.0,Makkah Al-Mokarramah,جدة,False,ok,True,2014-01-01,2017-03-31,1185.0,2014.0,year-level,month-level,Completed,False,سكني,مكتمل,"منطقة مكة المكرمة, جدة"
مجد سكوير – Majd Square,False,Residential,"['Commercial', 'Hospitality', 'Residential']",3,,28670.0,Eastern Region,الجبيل,False,ok,False,2015-12-01,2018-05-31,912.0,2015.0,month-level,month-level,Delayed,True,سكني,متأخر,"المنطقة الشرقية, الجبيل"
منازل قرطبة,False,Residential,['Residential'],1,,497000.0,Al-Riyadh,الرياض,False,ok,False,,,,,,,Under construction,False,سكني,تحت الإنشاء,"منطقة الرياض, الرياض"
برج الجوهرة,False,Residential,"['Commercial', 'Hospitality', 'Residential']",3,,,Makkah Al-Mokarramah,جدة,False,empty,False,2009-11-09,2014-01-26,1539.0,2009.0,exact,exact,Completed,False,سكني,مكتمل,"منطقة مكة المكرمة, جدة"
بوابة الشرق – East Gate,False,Residential,['Residential'],1,,6544314.0,Al-Riyadh,الرياض,False,ok,False,2019-01-01,,,2019.0,year-level,,Under construction,False,سكني,تحت الإنشاء,"منطقة الرياض, الرياض"
مجمع النفل السكني,False,Residential,['Residential'],1,,13000.0,Al-Riyadh,الرياض,False,ok,False,,,,,,,Under construction,False,سكني,تحت الإنشاء,"منطقة الرياض, الرياض"
مجمع الديار السكني,False,Residential,['Residential'],1,417999999.0,106000.0,Al-Riyadh,الرياض,False,ok,True,,2015-03-09,,,,exact,Completed,False,سكني,مكتمل,"منطقة الرياض, الرياض"
برج رمله – Burj Ramla,False,Residential,"['Commercial', 'Residential']",2,600000000.0,,Al-Riyadh,الرياض,False,empty,True,2016-03-01,2018-08-22,904.0,2016.0,month-level,exact,Delayed,True,سكني,متأخر,"منطقة الرياض, الرياض"
بيوت الملقا,False,Residential,['Residential'],1,,,Al-Riyadh,الرياض,False,empty,False,,,,,,,Under construction,False,سكني,تحت الإنشاء,"منطقة الرياض, الرياض"
مشروع إنشاء سكن أعضاء هيئة تدريب معهد الإدارة ( المرحلة...,True,Residential,"['Education', 'Residential']",2,190596309.0,324654.0,Al-Riyadh,الرياض,False,ok,True,2010-02-27,2012-08-27,912.0,2010.0,exact,exact,Delayed,True,سكني,متأخر,"منطقة الرياض, الرياض"
المدينة السكنية في وعد الشمال,False,Residential,"['Infrastructure', 'Residential']",2,563000000.0,,Northern Borders,وعد الشمال,False,empty,True,2015-04-06,2017-02-01,667.0,2015.0,exact,exact,Delayed,True,سكني,متأخر,"وعد الشمال, منطقة الحدود الشمالية"
إسكان رياض الخبراء,False,Residential,"['Infrastructure', 'Residential']",2,,110000.0,Al-Qaseem,رياض الخبراء,False,ok,False,,2016-05-23,,,,exact,Completed,False,سكني,مكتمل,"منطقة القصيم, رياض الخبراء"
مشروع الرائدة السكني – Public Pension Agency Project,False,Residential,"['Commercial', 'Education', 'Health', 'Hospitality', 'Infrastructure', 'Religious/Charity', 'Residential']",7,,2500000.0,Makkah Al-Mokarramah,جدة,False,ok,False,2014-04-02,2024-12-31,3926.0,2014.0,exact,year-level,Under construction,False,سكني,تحت الإنشاء,"منطقة مكة المكرمة, جدة"
كمباوند المرجان,False,Residential,['Residential'],1,,13500.0,Makkah Al-Mokarramah,جدة,False,ok,False,,2014-08-01,,,,exact,Completed,False,سكني,مكتمل,"منطقة مكة المكرمة, جدة"
اسكان ينبع النخل – Yanbu Al Nakhl Housing,False,Residential,"['Infrastructure', 'Residential']",2,99090299.0,300000.0,Al-Madinah Al-Monawarah,ينبع,False,ok,True,2015-01-02,,,2015.0,exact,,Stalled,True,سكني,متعثر,"ينبع, منطقة المدينة المنورة"
الدرعية فستيفال سيتي,False,Residential,"['Commercial', 'Hospitality', 'Leisure/Tourism', 'Residential']",4,6000000000.0,496340.0,Al-Riyadh,الدرعية,False,ok,True,2016-12-31,2019-12-31,1095.0,2016.0,exact,year-level,Announced,False,سكني,معلن عنه,"منطقة الرياض, الدرعية"
فندق الرياض سوفيتيل – Sofitel Hotels Riyadh,False,Residential,"['Hospitality', 'Residential']",2,,108532.0,Al-Riyadh,الرياض,False,ok,False,2012-11-17,2015-12-31,1139.0,2012.0,exact,year-level,Delayed,True,سكني,متأخر,"منطقة الرياض, الرياض"
إسكان منطقة حائل,False,Residential,['Residential'],1,499448770.0,,Hail,حائل,False,empty,True,2013-09-09,,,2013.0,exact,,Under construction,False,سكني,تحت الإنشاء,"منطقة حائل, حائل"
اسكان الطلاب- جامعة جازان,False,Residential,"['Education', 'Government', 'Residential']",3,,,Jazan,جازان,False,empty,False,,,,,,,Under construction,False,سكني,تحت الإنشاء,"منطقة جازان, جازان"
ضاحية الملك عبدالله,False,Residential,"['Government', 'Infrastructure', 'Residential']",3,,,Jazan,جازان,False,empty,False,,,,,,,Under construction,False,سكني,تحت الإنشاء,"منطقة جازان, جازان"
مجمع القصر,False,Residential,['Residential'],1,2000000000.0,816000.0,Al-Riyadh,الرياض,False,ok,True,,2007-06-24,,,,exact,Completed,False,سكني,مكتمل,"منطقة الرياض, الرياض"
شمس الرياض – SHAMS ARRIYADH,False,Residential,['Residential'],1,5800000000.0,400600.0,Al-Riyadh,الرياض,False,ok,True,,,,,,,Under construction,False,سكني,تحت الإنشاء,"منطقة الرياض, الرياض"
إسكان ضاحية الملك عبدالله – King Abdullah Housing Complex,False,Residential,['Residential'],1,2000000000.0,1600000.0,Jazan,جازان,False,ok,True,2016-03-01,,,2016.0,month-level,,Under construction,False,سكني,تحت الإنشاء,"منطقة جازان, جازان"
فلل التلال,False,Residential,['Residential'],1,,303360.0,Al-Madinah Al-Monawarah,المدينة المنورة,False,ok,False,,,,,,,Under construction,False,سكني,تحت الإنشاء,"منطقة المدينة المنورة, المدينة المنورة"
ذاخر مكة  المرحلة 1 – Thakher Makkah Phase 1,False,Residential,"['Commercial', 'Hospitality', 'Infrastructure', 'Leisure/Tourism', 'Residential']",5,12000000000.0,320000.0,Makkah Al-Mokarramah,مكة المكرمة,False,ok,True,2013-12-05,,,2013.0,exact,,Under construction,False,سكني,تحت الإنشاء,"مكة المكرمة, منطقة مكة المكرمة"
فنادق ومنتجعات جدة – Jeddah Hotels & Resort,False,Residential,"['Commercial', 'Hospitality', 'Residential']",3,60000000.0,5600.0,Makkah Al-Mokarramah,جدة,False,ok,True,,,,,,,Proposed,False,سكني,المشاريع المقترحة,"منطقة مكة المكرمة, جدة"
برج ماسك الكورنيش – Corniche MASIC Tower,False,Residential,"['Commercial', 'Hospitality', 'Residential']",3,700000000.0,42000.0,Makkah Al-Mokarramah,جدة,False,ok,True,,2019-12-31,,,,year-level,Announced,False,سكني,معلن عنه,"منطقة مكة المكرمة, جدة"
إسكان أعضاء هيئة التدريس-الجامعة الأسلامية,False,Residential,"['Education', 'Residential']",2,356393344.0,,Al-Madinah Al-Monawarah,المدينة المنورة,False,empty,True,2010-09-25,,,2010.0,exact,,Under construction,False,سكني,تحت الإنشاء,"منطقة المدينة المنورة, المدينة المنورة"
ميجا سيتي,False,Residential,"['Commercial', 'Hospitality', 'Infrastructure', 'Leisure/Tourism', 'Residential']",5,,5850000.0,Makkah Al-Mokarramah,بحرة,False,ok,False,,,,,,,Proposed,False,سكني,المشاريع المقترحة,"منطقة مكة المكرمة, بحرة"
مشروع الواجهة البحرية بمدينة ينبع الصناعية,False,Residential,"['Commercial', 'Hospitality', 'Infrastructure', 'Leisure/Tourism', 'Residential', 'Sports']",6,11100000000.0,,Al-Madinah Al-Monawarah,ينبع,False,linear_distance_not_area,True,2010-05-19,,,2010.0,exact,,Under construction,False,سكني,تحت الإنشاء,"ينبع, منطقة المدينة المنورة"
إسكان محافظة بدر,False,Residential,"['Government', 'Infrastructure', 'Residential']",3,340135218.0,1479039.0,Al-Madinah Al-Monawarah,بدر,False,ok,True,,,,,,,Proposed,False,سكني,المشاريع المقترحة,"منطقة المدينة المنورة, بدر"
مدينة الملك عبد الله الاقتصادية – KAEC,False,Residential,"['Commercial', 'Education', 'Government', 'Health', 'Hospitality', 'Industrial', 'Infrastructure', 'Leisure/Tourism', 'Religious/Charity', 'Residential', 'Scientific', 'Sports']",12,375000000000.0,173000000.0,Makkah Al-Mokarramah,مدينة الملك عبدالله الاقتصادية,False,ok,True,2005-01-01,2030-12-31,9495.0,2005.0,year-level,year-level,Under construction,False,سكني,تحت الإنشاء,"منطقة مكة المكرمة, مدينة الملك عبدالله الاقتصادية"
مجمع الرمال السكني,False,Residential,"['Infrastructure', 'Residential']",2,1580000000.0,600000.0,Al-Riyadh,الرياض,False,ok,True,,,,,,,Under construction,False,سكني,تحت الإنشاء,"منطقة الرياض, الرياض"
الأندلس سكوير,False,Residential,"['Commercial', 'Health', 'Hospitality', 'Leisure/Tourism', 'Residential']",5,,197000.0,Makkah Al-Mokarramah,جدة,False,ok,False,2006-01-01,,,2006.0,year-level,,Under construction,False,سكني,تحت الإنشاء,"منطقة مكة المكرمة, جدة"
اسكان الحناكية – Housing Al-Hinakiyah,False,Residential,"['Infrastructure', 'Residential']",2,122928000.0,470023.0,Al-Madinah Al-Monawarah,الحناكية,False,ok,True,2014-05-01,2017-03-31,1065.0,2014.0,month-level,month-level,Completed,False,سكني,مكتمل,"منطقة المدينة المنورة, الحناكية"
ثروة تاون,False,Residential,"['Commercial', 'Leisure/Tourism', 'Residential']",3,,4047427.0,Eastern Region,الدمام,False,ok,False,,,,,,,Proposed,False,سكني,المشاريع المقترحة,"المنطقة الشرقية, الدمام"
تطوير جزيرة تاروت,False,Residential,"['Commercial', 'Health', 'Hospitality', 'Infrastructure', 'Leisure/Tourism', 'Residential', 'Sports']",7,,8200000.0,Eastern Region,الدمام,False,ok,False,,,,,,,Proposed,False,سكني,المشاريع المقترحة,"المنطقة الشرقية, الدمام"
برج إسكان قوات الامن بالمسجد الحرام,False,Residential,"['Government', 'Residential']",2,,66500.0,Makkah Al-Mokarramah,مكة المكرمة,False,ok,False,,,,,,,Under construction,False,سكني,تحت الإنشاء,"مكة المكرمة, منطقة مكة المكرمة"
مستشفى المسجد الحرام (MHMH),False,Residential,"['Government', 'Health', 'Residential']",3,,66500.0,Makkah Al-Mokarramah,مكة المكرمة,False,ok,False,,,,,,,Under construction,False,سكني,تحت الإنشاء,"مكة المكرمة, منطقة مكة المكرمة"
مدينة الراشد في الخبر,False,Residential,"['Commercial', 'Hospitality', 'Leisure/Tourism', 'Residential']",4,,,Eastern Region,الخبر,False,empty,False,,,,,,,Proposed,False,سكني,المشاريع المقترحة,"المنطقة الشرقية, الخبر"
برج المملكة – الرياض,False,Residential,"['Commercial', 'Hospitality', 'Leisure/Tourism', 'Residential']",4,1717000000.0,94230.0,Al-Riyadh,الرياض,False,ok,True,1996-01-01,2002-12-31,2556.0,1996.0,year-level,year-level,Completed,False,سكني,مكتمل,"منطقة الرياض, الرياض"
مقر الامن العام و وزارة الداخلية,False,Residential,"['Government', 'Hospitality', 'Residential']",3,,5300002.0,Makkah Al-Mokarramah,جدة,False,ok,False,2015-01-04,2016-12-29,725.0,2015.0,exact,exact,Delayed,True,سكني,متأخر,"منطقة مكة المكرمة, جدة"
برج موزايك السكني في الخبر,False,Residential,['Residential'],1,,2200.0,Eastern Region,الخبر,False,ok,False,,,,,,,Announced,False,سكني,معلن عنه,"المنطقة الشرقية, الخبر"
برج الظهران السكني,False,Residential,"['Commercial', 'Residential']",2,300000000.0,8400.0,Eastern Region,الظهران,False,ok,True,2006-07-01,2012-07-01,2192.0,2006.0,month-level,exact,Completed,False,سكني,مكتمل,"المنطقة الشرقية, الظهران"
إسكان أعضاء هيئة التدريس- جامعة حائل,False,Residential,"['Education', 'Residential']",2,544000000.0,,Hail,حائل,False,empty,True,2011-02-03,,,2011.0,exact,,Under construction,False,سكني,تحت الإنشاء,"منطقة حائل, حائل"
مخطط دانة الرياض,False,Residential,"['Commercial', 'Residential']",2,,3639600.0,Al-Riyadh,الرياض,False,ok,False,,,,,,,Under construction,False,سكني,تحت الإنشاء,"منطقة الرياض, الرياض"
حي الرقة السكني في الجبيل,False,Residential,['Residential'],1,,11600000.0,Eastern Region,الجبيل الصناعية,False,ok,False,,,,,,,Announced,False,سكني,معلن عنه,"المنطقة الشرقية, الجبيل الصناعية"
حي اجيال السكني في الظهران,False,Residential,['Residential'],1,,10000000.0,Eastern Region,الظهران,False,ok,False,2015-02-01,2022-01-01,2526.0,2015.0,month-level,exact,Under construction,False,سكني,تحت الإنشاء,"المنطقة الشرقية, الظهران"
ذا جراند – The Grand,False,Residential,"['Commercial', 'Residential']",2,150000000.0,9500.0,Eastern Region,الدمام,False,ok,True,2015-02-01,2017-05-01,820.0,2015.0,month-level,exact,Completed,False,سكني,مكتمل,"المنطقة الشرقية, الدمام"
الافنيوز الخبر,False,Residential,"['Commercial', 'Hospitality', 'Leisure/Tourism', 'Residential']",4,,209000.0,Eastern Region,الخبر,False,ok,False,,2020-08-31,,,,month-level,Announced,False,سكني,معلن عنه,"المنطقة الشرقية, الخبر"
مشروع اسكان تبوك 2,False,Residential,"['Government', 'Residential']",2,,950000.0,Tabouk,تبوك,False,ok,False,,,,,,,Under construction,False,سكني,تحت الإنشاء,"منطقة تبوك, تبوك"
مشروع اسكان تبوك 1,False,Residential,"['Government', 'Residential']",2,180285366.0,1098155.0,Tabouk,تبوك,False,ok,True,,,,,,,Stalled,True,سكني,متعثر,"منطقة تبوك, تبوك"
إسكان أعضاء هيئة التدريس جامعة تبوك,False,Residential,"['Government', 'Residential']",2,,,Tabouk,تبوك,False,empty,False,,,,,,,Under construction,False,سكني,تحت الإنشاء,"منطقة تبوك, تبوك"
مركز الراجحي,False,Residential,"['Commercial', 'Hospitality', 'Leisure/Tourism', 'Religious/Charity', 'Residential']",5,,,Makkah Al-Mokarramah,جدة,False,empty,False,,,,,,,Cancelled,True,سكني,ملغي,"منطقة مكة المكرمة, جدة"
مدينة سدير للصناعة والأعمال – Sudair City for Industry and Businesses...,True,Residential,"['Commercial', 'Education', 'Hospitality', 'Industrial', 'Infrastructure', 'Residential']",6,,258000000.0,Al-Riyadh,مدينة سدير للصناعة والأعمال,False,ok,False,2009-04-01,,,2009.0,month-level,,Under construction,False,سكني,تحت الإنشاء,"منطقة الرياض, مدينة سدير للصناعة والأعمال"
برج الزامل السكني (الأطلال),False,Residential,"['Commercial', 'Residential']",2,,3650.0,Al-Riyadh,الرياض,False,ok,False,,,,,,,Under construction,False,سكني,تحت الإنشاء,"منطقة الرياض, الرياض"
أب تاون الرياض,False,Residential,"['Commercial', 'Residential']",2,,8600000.0,Al-Riyadh,الرياض,False,ok,False,,,,,,,Proposed,False,سكني,المشاريع المقترحة,"منطقة الرياض, الرياض"
منتجع بساتين المدينة راديسون بلو –  Al Madinah Basatin Radisson Bl...,True,Residential,"['Commercial', 'Hospitality', 'Infrastructure', 'Leisure/Tourism', 'Residential']",5,60000000.0,80000.0,Al-Madinah Al-Monawarah,المدينة المنورة,False,ok,True,,,,,,,Stalled,True,سكني,متعثر,"منطقة المدينة المنورة, المدينة المنورة"
إسكان اعضاء هيئة التدريس جامعة طيبة – Faculty Housing University...,True,Residential,"['Education', 'Government', 'Infrastructure', 'Residential']",4,421000000.0,,Al-Madinah Al-Monawarah,المدينة المنورة,False,empty,True,,,,,,,Under construction,False,سكني,تحت الإنشاء,"منطقة المدينة المنورة, المدينة المنورة"
إسكان الطلاب والطالبات جامعة طيبة – Housing students Taibah Unive...,True,Residential,"['Education', 'Government', 'Residential']",3,142000000.0,,Al-Madinah Al-Monawarah,المدينة المنورة,False,empty,True,2013-06-10,2015-06-10,730.0,2013.0,exact,exact,Delayed,True,سكني,متأخر,"منطقة المدينة المنورة, المدينة المنورة"
برج عبدالهادي الحقيط في الخبر – Abdulhadi Al Hugayet Tower in Al Khob...,True,Residential,"['Commercial', 'Residential']",2,250000000.0,2500.0,Eastern Region,الخبر,False,ok,True,2015-09-01,2018-09-01,1096.0,2015.0,month-level,exact,Delayed,True,سكني,متأخر,"المنطقة الشرقية, الخبر"
برج بن سلطان السكني – Bin Sultan Residence Tower,False,Residential,"['Commercial', 'Residential']",2,,2000.0,Eastern Region,الخبر,False,ok,False,2015-03-01,2017-07-01,853.0,2015.0,month-level,exact,Delayed,True,سكني,متأخر,"المنطقة الشرقية, الخبر"
مركز وسط المدينة الجديد في الجبيل الصناعية – The new city...,True,Residential,"['Education', 'Government', 'Hospitality', 'Leisure/Tourism', 'Residential']",5,,2800000.0,Eastern Region,الجبيل الصناعية,False,ok,False,,,,,,,Announced,False,سكني,معلن عنه,"المنطقة الشرقية, الجبيل الصناعية"
برج لاجونا السكني الخبر – Lagona Residential Tower Al Khobar,False,Residential,"['Commercial', 'Residential']",2,70000000.0,3000.0,Eastern Region,الخبر,False,ok,True,,,,,,,Announced,False,سكني,معلن عنه,"المنطقة الشرقية, الخبر"
مدينة جنان السكنية في الخبر – Jenan Residential City in Al Khobar,False,Residential,"['Commercial', 'Hospitality', 'Residential']",3,,47000.0,Eastern Region,الخبر,False,ok,False,,,,,,,Announced,False,سكني,معلن عنه,"المنطقة الشرقية, الخبر"
ارض كورنيش الخبر – AlKhobar Corniche Land,False,Residential,"['Commercial', 'Hospitality', 'Leisure/Tourism', 'Residential']",4,,,Eastern Region,الخبر,False,empty,False,,,,,,,Proposed,False,سكني,المشاريع المقترحة,"المنطقة الشرقية, الخبر"
واجهة العقير السياحية – Develop Al-Uqair Beach,False,Residential,"['Commercial', 'Hospitality', 'Leisure/Tourism', 'Residential']",4,34000000000.0,100000000.0,Eastern Region,الأحساء,False,ok,True,,,,,,,Announced,False,سكني,معلن عنه,"المنطقة الشرقية, الأحساء"
ركاز داون تاون الخبر – Downtown Rikaz Al Khobar,False,Residential,"['Commercial', 'Leisure/Tourism', 'Residential']",3,,106914.0,Eastern Region,الخبر,False,ok,False,,,,,,,Announced,False,سكني,معلن عنه,"المنطقة الشرقية, الخبر"
الجوري الرياض – AlJuori Riyadh,False,Residential,"['Commercial', 'Residential']",2,,,Al-Riyadh,الرياض,False,empty,False,,,,,,,Under construction,False,سكني,تحت الإنشاء,"منطقة الرياض, الرياض"
تلال سمو – Tilal Sumou,False,Residential,"['Commercial', 'Residential']",2,,,Eastern Region,الدمام,False,empty,False,,,,,,,Under construction,False,سكني,تحت الإنشاء,"المنطقة الشرقية, الدمام"
ريماس جدة – Reemas Jeddah,False,Residential,"['Commercial', 'Residential']",2,,,Makkah Al-Mokarramah,جدة,False,empty,False,,,,,,,Under construction,False,سكني,تحت الإنشاء,"منطقة مكة المكرمة, جدة"
فارسي سيفين – Farsi Seven,False,Residential,"['Commercial', 'Residential']",2,502493300.0,8811.0,Makkah Al-Mokarramah,جدة,False,ok,True,2012-11-01,2017-06-30,1702.0,2012.0,month-level,month-level,Completed,False,سكني,مكتمل,"منطقة مكة المكرمة, جدة"
الرابية – Al Rabia,False,Residential,['Residential'],1,,104000.0,Al-Riyadh,الرياض,False,ok,False,2011-01-01,2014-02-07,1133.0,2011.0,year-level,exact,Completed,False,سكني,مكتمل,"منطقة الرياض, الرياض"
ضاحية مرفيلا – Marvela,False,Residential,"['Commercial', 'Residential']",2,,73000.0,Al-Riyadh,الرياض,False,ok,False,,2016-09-13,,,,exact,Completed,False,سكني,مكتمل,"منطقة الرياض, الرياض"
مدينة الزاهرة بجدة,False,Residential,"['Commercial', 'Education', 'Health', 'Infrastructure', 'Residential']",5,1000000000.0,2900000.0,Makkah Al-Mokarramah,جدة,False,ok,True,,,,,,,Cancelled,True,سكني,ملغي,"منطقة مكة المكرمة, جدة"
ضيافة المتحدة – Dyafa Al Mutahida,False,Residential,"['Commercial', 'Hospitality', 'Residential']",3,,15000.0,Makkah Al-Mokarramah,جدة,False,ok,False,2015-10-01,,,2015.0,month-level,,Stalled,True,سكني,متعثر,"منطقة مكة المكرمة, جدة"
مجمع وادي قرطبة السكني – Wohn- und Parkanlage Wadi Qortuba,False,Residential,"['Commercial', 'Residential']",2,,270000.0,Al-Riyadh,الرياض,False,ok,False,,2016-05-31,,,,month-level,Delayed,True,سكني,متأخر,"منطقة الرياض, الرياض"
إسكان خيبر – Khaybar Housing,False,Residential,"['Health', 'Residential']",2,,1501185.0,Al-Madinah Al-Monawarah,,False,ok,False,2013-12-04,,,2013.0,exact,,Under construction,False,سكني,تحت الإنشاء,منطقة المدينة المنورة
برج جدة – Jeddah Tower,False,Residential,"['Commercial', 'Hospitality', 'Leisure/Tourism', 'Residential']",4,4600000000.0,530000.0,Makkah Al-Mokarramah,جدة,False,ok,True,2013-04-01,2020-12-31,2831.0,2013.0,month-level,year-level,Under construction,False,سكني,تحت الإنشاء,"منطقة مكة المكرمة, جدة"
جراند حياة جدة – Grand Hyatt Jeddah,False,Residential,"['Commercial', 'Hospitality', 'Leisure/Tourism', 'Residential']",4,,30375.0,Makkah Al-Mokarramah,جدة,False,ok,False,2017-01-01,,,2017.0,year-level,,Announced,False,سكني,معلن عنه,"منطقة مكة المكرمة, جدة"
أبراج اورسيات السكنية – ORSYAT Residential Towers,False,Residential,"['Commercial', 'Residential']",2,,2000.0,Eastern Region,الخبر,False,ok,False,2015-02-01,2018-02-01,1096.0,2015.0,month-level,exact,Delayed,True,سكني,متأخر,"المنطقة الشرقية, الخبر"
برج الرياض – Riyadh Tower,False,Residential,"['Commercial', 'Hospitality', 'Residential']",3,,37800.0,Al-Riyadh,الرياض,False,ok,False,2018-06-30,,,2018.0,exact,,Announced,False,سكني,معلن عنه,"منطقة الرياض, الرياض"
بحيرات الخبر – Khobar Lakes,False,Residential,"['Commercial', 'Education', 'Residential']",3,4600000000.0,2600000.0,Eastern Region,الظهران,False,ok,True,2009-06-01,,,2009.0,month-level,,Under construction,False,سكني,تحت الإنشاء,"المنطقة الشرقية, الظهران"
برج فيلاز إن ذا سكاي – VILLAS IN THE SKY – KAFD,False,Residential,"['Commercial', 'Government', 'Residential']",3,,41000.0,Al-Riyadh,الرياض,False,ok,False,2009-01-01,2013-12-31,1825.0,2009.0,year-level,year-level,Completed,False,سكني,مكتمل,"منطقة الرياض, الرياض"
اللاندمارك الرياض – The Landmark Riyadh,False,Residential,"['Commercial', 'Health', 'Hospitality', 'Infrastructure', 'Leisure/Tourism', 'Residential']",6,,144780.0,Al-Riyadh,الرياض,False,ok,False,,,,,,,Under construction,False,سكني,تحت الإنشاء,"منطقة الرياض, الرياض"
منتجع الوصيل الرياض –  Al Waseel Resort Riyadh,False,Residential,"['Commercial', 'Hospitality', 'Leisure/Tourism', 'Residential']",4,,,Al-Riyadh,الرياض,False,empty,False,,2016-01-04,,,,exact,Completed,False,سكني,مكتمل,"منطقة الرياض, الرياض"
مدينة المارينا – Marina City,False,Residential,"['Commercial', 'Education', 'Health', 'Hospitality', 'Leisure/Tourism', 'Residential']",6,,3300000.0,Eastern Region,الدمام,False,ok,False,2004-03-21,,,2004.0,exact,,Under construction,False,سكني,تحت الإنشاء,"المنطقة الشرقية, الدمام"
إسكان أعضاء هيئة التدريس بجامعة القصيم – Establish faculty ho...,True,Residential,"['Government', 'Residential']",2,681673752.0,640000.0,Al-Qaseem,بريدة,False,ok,True,2011-07-02,2014-07-02,1096.0,2011.0,exact,exact,Delayed,True,سكني,متأخر,"منطقة القصيم, بريدة"
إسكان الحرس الوطني بالمدينة المنورة – National Guard Housing Ma...,True,Residential,"['Government', 'Residential']",2,1523418000.0,1283948.0,Al-Madinah Al-Monawarah,المدينة المنورة,False,ok,True,2012-09-05,,,2012.0,exact,,Under construction,False,سكني,تحت الإنشاء,"منطقة المدينة المنورة, المدينة المنورة"
مارينا دارين -Dareen Marina,False,Residential,"['Commercial', 'Hospitality', 'Leisure/Tourism', 'Residential']",4,1500000000.0,400000.0,Eastern Region,الجبيل الصناعية,False,ok,True,2013-12-01,2018-12-30,1855.0,2013.0,month-level,exact,Delayed,True,سكني,متأخر,"المنطقة الشرقية, الجبيل الصناعية"
الضاحية السكنية بخليج سلمان – Salman Housing,False,Residential,"['Government', 'Infrastructure', 'Residential']",3,,3000000.0,Makkah Al-Mokarramah,جدة,False,ok,False,2011-06-22,2020-04-01,3206.0,2011.0,exact,exact,Under construction,False,سكني,تحت الإنشاء,"منطقة مكة المكرمة, جدة"
ضاحية أم الجود – UMM AL JOUD,False,Residential,"['Commercial', 'Infrastructure', 'Residential']",3,,750000.0,Makkah Al-Mokarramah,مكة المكرمة,False,ok,False,,,,,,,Under construction,False,سكني,تحت الإنشاء,"مكة المكرمة, منطقة مكة المكرمة"
ضاحية منال – Manal Suburb,False,Residential,"['Commercial', 'Residential']",2,,8000000.0,Al-Riyadh,الرياض,False,ok,False,2015-10-01,,,2015.0,month-level,,Proposed,False,سكني,المشاريع المقترحة,"منطقة الرياض, الرياض"
ميراج السعودية – Saudi Mirage,False,Residential,"['Commercial', 'Hospitality', 'Residential']",3,,202000.0,Al-Riyadh,الرياض,False,ok,False,2013-01-01,,,2013.0,year-level,,Under construction,False,سكني,تحت الإنشاء,"منطقة الرياض, الرياض"
تلال الوصيل – إسكان موظفي سابك – SABIC Riyadh Compound,False,Residential,"['Commercial', 'Residential']",2,2094000000.0,1850000.0,Al-Riyadh,الرياض,False,ok,True,2014-02-11,2018-04-18,1527.0,2014.0,exact,exact,Completed,False,سكني,مكتمل,"منطقة الرياض, الرياض"
برج رافال – Burj Rafal,False,Residential,"['Commercial', 'Residential']",2,1850000000.0,20000.0,Al-Riyadh,الرياض,False,ok,True,2011-01-01,2014-01-01,1096.0,2011.0,year-level,exact,Completed,False,سكني,مكتمل,"منطقة الرياض, الرياض"
تطوير جبل عمر (JODC),False,Residential,"['Commercial', 'Hospitality', 'Infrastructure', 'Residential']",4,33100000000.0,230000.0,Makkah Al-Mokarramah,مكة المكرمة,False,ok,True,2008-07-02,,,2008.0,exact,,Under construction,False,سكني,تحت الإنشاء,"مكة المكرمة, منطقة مكة المكرمة"
فلل دار الجوار  – Dar Al Jewar,False,Residential,"['Commercial', 'Infrastructure', 'Residential']",3,,586000.0,Al-Madinah Al-Monawarah,المدينة المنورة,False,ok,False,2011-01-05,,,2011.0,exact,,Under construction,False,سكني,تحت الإنشاء,"منطقة المدينة المنورة, المدينة المنورة"
تلال النسيم بمكة المكرمة – Naseem in Makkah,False,Residential,"['Hospitality', 'Religious/Charity', 'Residential']",3,,57550.0,Makkah Al-Mokarramah,مكة المكرمة,False,ok,False,,,,,,,Under construction,False,سكني,تحت الإنشاء,"مكة المكرمة, منطقة مكة المكرمة"
خليج الدانة في الخبر – Dana Bay in Al Khobar,False,Residential,"['Commercial', 'Leisure/Tourism', 'Residential']",3,4000000000.0,2800000.0,Eastern Region,الخبر,False,ok,True,2011-06-01,,,2011.0,month-level,,Under construction,False,سكني,تحت الإنشاء,"المنطقة الشرقية, الخبر"
تطوير مجمع الكعكي – The Kaaki Development,False,Residential,"['Commercial', 'Health', 'Infrastructure', 'Leisure/Tourism', 'Residential']",5,,,Makkah Al-Mokarramah,مكة المكرمة,False,empty,False,2017-08-01,2025-12-31,3074.0,2017.0,month-level,year-level,Under construction,False,سكني,تحت الإنشاء,"مكة المكرمة, منطقة مكة المكرمة"
ابراج الراشد السكنية في الخبر – Al Rashid Residence Towers Khobar...,True,Residential,"['Commercial', 'Residential']",2,,9500.0,Eastern Region,الخبر,False,ok,False,2012-05-05,2017-05-20,1841.0,2012.0,exact,exact,Delayed,True,سكني,متأخر,"المنطقة الشرقية, الخبر"
فندق برج داماك باراماونت – DAMAC Towers by Paramount Hotels & Resort...,True,Residential,"['Commercial', 'Residential']",2,,,Al-Riyadh,الرياض,False,empty,False,2013-03-04,2017-10-31,1702.0,2013.0,exact,month-level,Completed,False,سكني,مكتمل,"منطقة الرياض, الرياض"
غولدن تاور – Golden Tower,False,Residential,"['Commercial', 'Residential']",2,,5000.0,Makkah Al-Mokarramah,جدة,False,ok,False,2013-02-01,2017-04-01,1520.0,2013.0,month-level,exact,Delayed,True,سكني,متأخر,"منطقة مكة المكرمة, جدة"
أوقاف جامعة الملك سعود – King Saud University – Awqaf,False,Residential,"['Commercial', 'Education', 'Government', 'Health', 'Leisure/Tourism', 'Residential', 'Scientific']",7,,720000.0,Al-Riyadh,الرياض,False,ok,False,,,,,,,Under construction,False,سكني,تحت الإنشاء,"منطقة الرياض, الرياض"
إسكان المدينة المنورة – Housing in Madinah,False,Residential,"['Government', 'Infrastructure', 'Residential']",3,182000000.0,1600270.0,Al-Madinah Al-Monawarah,المدينة المنورة,False,ok,True,2013-10-01,,,2013.0,month-level,,Under construction,False,سكني,تحت الإنشاء,"منطقة المدينة المنورة, المدينة المنورة"
اسكان الطائف – Taif Housing,False,Residential,"['Government', 'Infrastructure', 'Residential']",3,,12000000.0,Makkah Al-Mokarramah,الطائف,False,ok,False,,,,,,,Announced,False,سكني,معلن عنه,"منطقة مكة المكرمة, الطائف"
مستشفى الميقات العام – Meeqat General Hospital,False,Residential,"['Government', 'Health', 'Infrastructure', 'Religious/Charity', 'Residential']",5,416000000.0,64500.0,Al-Madinah Al-Monawarah,المدينة المنورة,False,ok,True,2012-06-17,2016-06-01,1445.0,2012.0,exact,exact,Delayed,True,سكني,متأخر,"منطقة المدينة المنورة, المدينة المنورة"
رافال ريزيدنس – Rafal Residence,False,Residential,"['Commercial', 'Hospitality', 'Residential']",3,165000000.0,,Al-Riyadh,الرياض,False,empty,True,2013-06-01,2016-10-01,1218.0,2013.0,month-level,exact,Completed,False,سكني,مكتمل,"منطقة الرياض, الرياض"
بوابة مكة – Makkah Gate,False,Residential,"['Education', 'Government', 'Health', 'Infrastructure', 'Leisure/Tourism', 'Residential']",6,,83000000.0,Makkah Al-Mokarramah,مكة المكرمة,False,ok,False,2011-03-05,,,2011.0,exact,,Announced,False,سكني,معلن عنه,"مكة المكرمة, منطقة مكة المكرمة"
مدينة المعرفة الاقتصادية – Knowledge Economic City,False,Residential,"['Commercial', 'Education', 'Government', 'Health', 'Hospitality', 'Infrastructure', 'Leisure/Tourism', 'Religious/Charity', 'Residential']",9,25000000000.0,4800000.0,Al-Madinah Al-Monawarah,المدينة المنورة,False,ok,True,2009-04-15,2024-04-15,5479.0,2009.0,exact,exact,Under construction,False,سكني,تحت الإنشاء,"منطقة المدينة المنورة, المدينة المنورة"
إسكان المجمعة – Al Majmaa Housing,False,Residential,"['Government', 'Residential']",2,,525000.0,Al-Riyadh,المجمعة,False,ok,False,,,,,,,Under construction,False,سكني,تحت الإنشاء,"منطقة الرياض, المجمعة"
المدينة الهجومية بالحرس الوطني – Building of Combat Training City...,True,Residential,"['Government', 'Residential']",2,,78000.0,Al-Riyadh,الرياض,False,ok,False,,,,,,,Completed,False,سكني,مكتمل,"منطقة الرياض, الرياض"
قلب جدة – Heart of Jeddah,False,Residential,"['Commercial', 'Government', 'Infrastructure', 'Leisure/Tourism', 'Residential']",5,,1700000.0,Makkah Al-Mokarramah,جدة,False,ok,False,,,,,,,Announced,False,سكني,معلن عنه,"منطقة مكة المكرمة, جدة"
أسواق جدة ومجمع سكني – Jeddah Souks,False,Residential,"['Commercial', 'Leisure/Tourism', 'Residential']",3,,,Makkah Al-Mokarramah,جدة,False,empty,False,,,,,,,Proposed,False,سكني,المشاريع المقترحة,"منطقة مكة المكرمة, جدة"
مسكن البنك الإسلامي للتنمية – Islamic Development Bank Building,False,Residential,"['Religious/Charity', 'Residential']",2,,106838.0,Makkah Al-Mokarramah,جدة,False,ok,False,,,,,,,Proposed,False,سكني,المشاريع المقترحة,"منطقة مكة المكرمة, جدة"
واجهة اجدان البحرية – Ajdan Water Front,False,Residential,"['Commercial', 'Hospitality', 'Leisure/Tourism', 'Residential']",4,,40000.0,Eastern Region,الخبر,False,ok,False,2015-11-07,2019-11-09,1463.0,2015.0,exact,exact,Under construction,False,سكني,تحت الإنشاء,"المنطقة الشرقية, الخبر"
جي ون – J One,False,Residential,"['Commercial', 'Residential']",2,,15700.0,Makkah Al-Mokarramah,جدة,False,ok,False,2016-07-05,2018-07-31,756.0,2016.0,exact,month-level,Completed,False,سكني,مكتمل,"منطقة مكة المكرمة, جدة"
برج المجلس – Almajlis Tower,False,Residential,"['Commercial', 'Residential']",2,,,Makkah Al-Mokarramah,جدة,False,empty,False,,,,,,,Proposed,False,سكني,المشاريع المقترحة,"منطقة مكة المكرمة, جدة"
برج اليجانس‬ – Elegance Tower,False,Residential,"['Commercial', 'Residential']",2,,5695.0,Al-Riyadh,الرياض,False,ok,False,,,,,,,Under construction,False,سكني,تحت الإنشاء,"منطقة الرياض, الرياض"
ابراج السواري السكنية في الخبر,False,Residential,"['Commercial', 'Residential']",2,300000000.0,11700.0,Eastern Region,الخبر,False,ok,True,2014-05-10,2018-04-20,1441.0,2014.0,exact,exact,Delayed,True,سكني,متأخر,"المنطقة الشرقية, الخبر"
رافال سكاي جاردنز – Rafal Sky Gardens,False,Residential,"['Commercial', 'Hospitality', 'Leisure/Tourism', 'Residential']",4,800000000.0,10285.0,Al-Riyadh,الرياض,False,ok,True,2015-06-11,2018-01-03,937.0,2015.0,exact,exact,Delayed,True,سكني,متأخر,"منطقة الرياض, الرياض"
الشعيل سنتر – AL-Shuail Center,False,Residential,"['Commercial', 'Residential']",2,,6000.0,Al-Riyadh,الرياض,False,ok,False,,,,,,,Under construction,False,سكني,تحت الإنشاء,"منطقة الرياض, الرياض"
أبراج بيات بلازا – Bayat Plaza Towers,False,Residential,"['Commercial', 'Hospitality', 'Residential']",3,500000000.0,,Makkah Al-Mokarramah,جدة,False,empty,True,,2017-12-31,,,,year-level,Delayed,True,سكني,متأخر,"منطقة مكة المكرمة, جدة"
ضاحية سمايا الرياض – SAMAYA RIYADH,False,Residential,"['Commercial', 'Infrastructure', 'Residential']",3,1000000000.0,1000000.0,Al-Riyadh,الرياض,False,ok,True,,,,,,,Under construction,False,سكني,تحت الإنشاء,"منطقة الرياض, الرياض"
طريق الملك عبدالعزيز بمكة المكرمة – KAAR,False,Residential,"['Government', 'Infrastructure', 'Leisure/Tourism', 'Residential']",4,6400000000.0,1200000.0,Makkah Al-Mokarramah,مكة المكرمة,False,ok,True,2010-02-01,2030-12-31,7638.0,2010.0,month-level,year-level,Under construction,False,سكني,تحت الإنشاء,"مكة المكرمة, منطقة مكة المكرمة"
الرائدة المدينة الرقمية – AlRAIDAH Digital City,False,Residential,"['Commercial', 'Government', 'Infrastructure', 'Leisure/Tourism', 'Residential', 'Scientific']",6,6200000000.0,1900000.0,Al-Riyadh,الرياض,False,ok,True,,2017-03-31,,,,month-level,Completed,False,سكني,مكتمل,"منطقة الرياض, الرياض"
تطوير مكتبة دار العلوم – Dar Al Uloum Development,False,Scientific,"['Religious/Charity', 'Scientific']",2,,25000.0,Al-Jouf,سكاكا,False,ok,False,,,,,,,Announced,False,علمي,معلن عنه,"منطقة الجوف, سكاكا"
مركز الأبحاث – Think Tank,False,Scientific,"['Commercial', 'Hospitality', 'Leisure/Tourism', 'Scientific']",4,,,Makkah Al-Mokarramah,مدينة الملك عبدالله الاقتصادية,False,empty,False,,,,,,,Proposed,False,علمي,المشاريع المقترحة,"منطقة مكة المكرمة, مدينة الملك عبدالله الاقتصادية"
مجمع التكنولوجيا والثقافة – Technology and Culture Aggregator,False,Scientific,"['Leisure/Tourism', 'Scientific']",2,,208000.0,Makkah Al-Mokarramah,مدينة الملك عبدالله الاقتصادية,False,ok,False,,,,,,,Proposed,False,علمي,المشاريع المقترحة,"منطقة مكة المكرمة, مدينة الملك عبدالله الاقتصادية"
مكتبة الحرم – Al Haram Library,False,Scientific,"['Government', 'Religious/Charity', 'Scientific']",3,,18000.0,Makkah Al-Mokarramah,مكة المكرمة,False,ok,False,,,,,,,Announced,False,علمي,معلن عنه,"مكة المكرمة, منطقة مكة المكرمة"
حي الابتكار – Innovation District,False,Scientific,"['Education', 'Scientific']",2,,,Makkah Al-Mokarramah,مدينة الملك عبدالله الاقتصادية,False,empty,False,,,,,,,Announced,False,علمي,معلن عنه,"منطقة مكة المكرمة, مدينة الملك عبدالله الاقتصادية"
واحة التقنية – Taif Techno Valley,False,Scientific,"['Government', 'Industrial', 'Scientific']",3,1000000000.0,35000000.0,Makkah Al-Mokarramah,الطائف,False,ok,True,,2030-12-31,,,,year-level,Under construction,False,علمي,تحت الإنشاء,"منطقة مكة المكرمة, الطائف"
استدامة – Estidamah,False,Scientific,['Scientific'],1,121000000.0,50219.0,Al-Riyadh,الرياض,False,ok,True,2013-10-01,2015-12-31,821.0,2013.0,month-level,year-level,Completed,False,علمي,مكتمل,"منطقة الرياض, الرياض"
مركز ومدرسة الفنون بالدرعية – Addiriyah arts centre and art school...,True,Scientific,"['Government', 'Leisure/Tourism', 'Scientific']",3,80000000.0,7615.0,Al-Riyadh,الدرعية,False,ok,True,,,,,,,Announced,False,علمي,معلن عنه,"منطقة الرياض, الدرعية"
معهد الامير سلطان لأبحاث التقنيات المتقدمة – Prince Sulta...,True,Scientific,['Scientific'],1,,44000.0,Al-Riyadh,الرياض,False,ok,False,,,,,,,Proposed,False,علمي,المشاريع المقترحة,"منطقة الرياض, الرياض"
مركز القصيم العلمي – Al Qassim Science Center,False,Scientific,"['Government', 'Scientific']",2,50000000.0,40000.0,Al-Qaseem,عنيزة,False,ok,True,2015-03-01,,,2015.0,month-level,,Under construction,False,علمي,تحت الإنشاء,"منطقة القصيم, عنيزة"
جامعة الأعمال والتكنلوجيا – University of Business and Technology,False,Scientific,['Scientific'],1,,10000.0,Makkah Al-Mokarramah,جدة,False,ok,False,2017-01-01,,,2017.0,year-level,,Under construction,False,علمي,تحت الإنشاء,"منطقة مكة المكرمة, جدة"
الاكاديمية السعودية للطياران – Saudi Aviation Flight Academy,False,Scientific,"['Government', 'Scientific']",2,50000000.0,23504.0,Al-Riyadh,,False,ok,True,2014-01-01,,,2014.0,year-level,,Under construction,False,علمي,تحت الإنشاء,منطقة الرياض
كلية الجبيل الجامعية,False,Scientific,"['Government', 'Residential', 'Scientific']",3,,2000000.0,Eastern Region,"الجبيل, الجبيل الصناعية",False,ok,False,2015-08-14,2019-12-31,1600.0,2015.0,exact,year-level,Under construction,False,علمي,تحت الإنشاء,"الجبيل, الجبيل الصناعية"
موطن الإبتكار من مبادارات سابك,False,Scientific,['Scientific'],1,,,Al-Riyadh,الرياض,False,empty,False,,2016-05-25,,,,exact,Completed,False,علمي,مكتمل,"منطقة الرياض, الرياض"
مشروع محطة تحلية المياه بالطاقة الشمسية في الخفجي,False,Scientific,"['Infrastructure', 'Scientific']",2,550000000.0,,Eastern Region,الخفجي,False,empty,True,2015-01-29,2017-01-31,733.0,2015.0,exact,month-level,Delayed,True,علمي,متأخر,"المنطقة الشرقية, الخفجي"
وادي الرياض للتقنية,False,Scientific,"['Education', 'Scientific']",2,100000000.0,1700000.0,Al-Riyadh,الرياض,False,ok,True,2008-07-22,,,2008.0,exact,,Stalled,True,علمي,متعثر,"منطقة الرياض, الرياض"
مركز الأبحاث الطبية بجامعة الملك سعود,False,Scientific,"['Education', 'Government', 'Health', 'Scientific']",4,,12000.0,Al-Riyadh,الدرعية,False,ok,False,,,,,,,Under construction,False,علمي,تحت الإنشاء,"منطقة الرياض, الدرعية"
مقر وزارة التجارة و الاستثمار والجهات التابعة لها (بار�...,True,Scientific,"['Government', 'Hospitality', 'Scientific']",3,,55000.0,Al-Riyadh,الرياض,False,ok,False,,,,,,,Proposed,False,علمي,المشاريع المقترحة,"منطقة الرياض, الرياض"
جامعة الملك عبدالله للعلوم والتقنية,False,Scientific,"['Education', 'Scientific']",2,10000000000.0,36000000.0,Makkah Al-Mokarramah,مدينة الملك عبدالله الاقتصادية,False,ok,True,2007-10-21,2009-09-23,703.0,2007.0,exact,exact,Completed,False,علمي,مكتمل,"منطقة مكة المكرمة, مدينة الملك عبدالله الاقتصادية"
مدينة الملك عبدالله للطاقة الذرية والمتجددة,False,Scientific,"['Industrial', 'Scientific']",2,,,Al-Riyadh,الرياض,False,empty,False,,,,,,,Announced,False,علمي,معلن عنه,"منطقة الرياض, الرياض"
مدينة الملك عبد الله الاقتصادية – KAEC,False,Scientific,"['Commercial', 'Education', 'Government', 'Health', 'Hospitality', 'Industrial', 'Infrastructure', 'Leisure/Tourism', 'Religious/Charity', 'Residential', 'Scientific', 'Sports']",12,375000000000.0,173000000.0,Makkah Al-Mokarramah,مدينة الملك عبدالله الاقتصادية,False,ok,True,2005-01-01,2030-12-31,9495.0,2005.0,year-level,year-level,Under construction,False,علمي,تحت الإنشاء,"منطقة مكة المكرمة, مدينة الملك عبدالله الاقتصادية"
كليات الريان الأهلية,False,Scientific,"['Commercial', 'Education', 'Health', 'Infrastructure', 'Scientific']",5,,,Al-Madinah Al-Monawarah,المدينة المنورة,False,empty,False,2013-03-09,,,2013.0,exact,,Under construction,False,علمي,تحت الإنشاء,"منطقة المدينة المنورة, المدينة المنورة"
معهد الملك عبدالله لتنقية النانو,False,Scientific,"['Government', 'Scientific']",2,,13000.0,Al-Riyadh,الرياض,False,ok,False,,,,,,,Stalled,True,علمي,متعثر,"منطقة الرياض, الرياض"
مركز سابك لتطوير تطبيقات البلاستيك,False,Scientific,['Scientific'],1,,80000.0,Al-Riyadh,الرياض,False,ok,False,2010-12-10,2012-09-30,660.0,2010.0,exact,month-level,Completed,False,علمي,مكتمل,"منطقة الرياض, الرياض"
مركز الأمير نايف لأبحاث العلوم الصحية,False,Scientific,"['Education', 'Scientific']",2,,23000.0,Al-Riyadh,الرياض,False,ok,False,2011-02-02,2013-02-02,731.0,2011.0,exact,exact,Delayed,True,علمي,متأخر,"منطقة الرياض, الرياض"
المدينة الجامعية لجامعة الملك سعود بن عبدالعزيز للعلو�...,True,Scientific,"['Education', 'Government', 'Industrial', 'Scientific']",4,,,Eastern Region,الأحساء,False,empty,False,2008-05-13,2014-10-27,2358.0,2008.0,exact,exact,Completed,False,علمي,مكتمل,"المنطقة الشرقية, الأحساء"
جامعة الملك سعود بن عبد العزيز للعلوم الصحية بجدة – K...,True,Scientific,"['Education', 'Government', 'Health', 'Scientific']",4,,200000.0,Makkah Al-Mokarramah,جدة,False,ok,False,2008-05-13,2015-08-26,2661.0,2008.0,exact,exact,Completed,False,علمي,مكتمل,"منطقة مكة المكرمة, جدة"
مقر المؤسسة العربية للاتصالات الفضائية (عربسات) – Arab...,True,Scientific,"['Commercial', 'Scientific']",2,,,Al-Riyadh,الرياض,False,empty,False,,,,,,,Under construction,False,علمي,تحت الإنشاء,"منطقة الرياض, الرياض"
واحة الملك سلمان للعلوم – King Salman Science Oasis,False,Scientific,"['Education', 'Government', 'Leisure/Tourism', 'Scientific']",4,,200000.0,Al-Riyadh,الرياض,False,ok,False,2011-01-01,2016-12-31,2191.0,2011.0,year-level,year-level,Delayed,True,علمي,متأخر,"منطقة الرياض, الرياض"
مستشفى الملك فيصل التخصصي و مركز الابحاث جدة – King Faisa...,True,Scientific,"['Government', 'Health', 'Scientific']",3,1770420638.0,21527820.83,Makkah Al-Mokarramah,جدة,False,ok,True,2013-09-01,,,2013.0,month-level,,Under construction,False,علمي,تحت الإنشاء,"منطقة مكة المكرمة, جدة"
مركز قباء الحضاري – Quba Center,False,Scientific,"['Religious/Charity', 'Scientific']",2,,,Al-Madinah Al-Monawarah,المدينة المنورة,False,empty,False,,,,,,,Announced,False,علمي,معلن عنه,"منطقة المدينة المنورة, المدينة المنورة"
النادي الأدبي الثقافي -Literary Club of Hail,False,Scientific,"['Government', 'Religious/Charity', 'Scientific']",3,23500000.0,10000.0,Hail,حائل,False,ok,True,,2016-04-12,,,,exact,Completed,False,علمي,مكتمل,"منطقة حائل, حائل"
تطوير حي الطريف التاريخي – The Atturaif Development,False,Scientific,"['Government', 'Leisure/Tourism', 'Scientific']",3,394000000.0,234717.0,Al-Riyadh,الدرعية,False,ok,True,2011-05-01,2017-08-31,2314.0,2011.0,month-level,month-level,Delayed,True,علمي,متأخر,"منطقة الرياض, الدرعية"
أوقاف جامعة الملك سعود – King Saud University – Awqaf,False,Scientific,"['Commercial', 'Education', 'Government', 'Health', 'Leisure/Tourism', 'Residential', 'Scientific']",7,,720000.0,Al-Riyadh,الرياض,False,ok,False,,,,,,,Under construction,False,علمي,تحت الإنشاء,"منطقة الرياض, الرياض"
وادي مكة للتقنية – Wadi Makkah,False,Scientific,"['Government', 'Scientific']",2,4000000000.0,400000.0,Makkah Al-Mokarramah,مكة المكرمة,False,ok,True,2014-09-20,2024-09-20,3653.0,2014.0,exact,exact,Under construction,False,علمي,تحت الإنشاء,"مكة المكرمة, منطقة مكة المكرمة"
مركز الملك عبدالعزيز الثقافي العالمي – King Abdulaziz Centre f...,True,Scientific,"['Government', 'Leisure/Tourism', 'Scientific']",3,1600000000.0,45000.0,Eastern Region,الظهران,False,ok,True,2010-05-01,2016-06-05,2227.0,2010.0,month-level,exact,Completed,False,علمي,مكتمل,"المنطقة الشرقية, الظهران"
مركز أبحاث التقنية الحيوية في ‫مدينة الملك عبدالعزيز �...,True,Scientific,"['Government', 'Scientific']",2,,,Al-Riyadh,الرياض,False,empty,False,2014-09-25,2016-06-16,630.0,2014.0,exact,exact,Delayed,True,علمي,متأخر,"منطقة الرياض, الرياض"
الرائدة المدينة الرقمية – AlRAIDAH Digital City,False,Scientific,"['Commercial', 'Government', 'Infrastructure', 'Leisure/Tourism', 'Residential', 'Scientific']",6,6200000000.0,1900000.0,Al-Riyadh,الرياض,False,ok,True,,2017-03-31,,,,month-level,Completed,False,علمي,مكتمل,"منطقة الرياض, الرياض"
مركز الملك عبد الله للدراسات والبحوث البترولية – KAPSA...,True,Scientific,"['Government', 'Scientific']",2,2000000000.0,530000.0,Al-Riyadh,الرياض,False,ok,True,2011-09-14,2016-01-20,1589.0,2011.0,exact,exact,Completed,False,علمي,مكتمل,"منطقة الرياض, الرياض"
واحة بن زقر اللوجستية – Binzagr logistics park,False,Industrial,['Industrial'],1,,63453.0,Makkah Al-Mokarramah,مدينة الملك عبدالله الاقتصادية,False,ok,False,2018-04-01,2019-09-30,547.0,2018.0,month-level,month-level,Under construction,False,صناعي,تحت الإنشاء,"منطقة مكة المكرمة, مدينة الملك عبدالله الاقتصادية"
أنابيب نقل أكسيد الإيثلين وأكسيد البروبلين – Ethylene Oxi...,True,Industrial,['Industrial'],1,,,Eastern Region,الجبيل الصناعية,False,empty,False,2019-03-03,,,2019.0,exact,,Under construction,False,صناعي,تحت الإنشاء,"المنطقة الشرقية, الجبيل الصناعية"
مصنع رفد الصناعة للأنابيب – Rifd Industry Pipe Factory,False,Industrial,['Industrial'],1,53000000.0,7500.0,Eastern Region,الجبيل الصناعية,False,ok,True,2018-01-01,2019-09-30,637.0,2018.0,year-level,month-level,Under construction,False,صناعي,تحت الإنشاء,"المنطقة الشرقية, الجبيل الصناعية"
مصنع ايبكس فارما – Apex Pharma,False,Industrial,['Industrial'],1,,49960.0,Makkah Al-Mokarramah,مدينة الملك عبدالله الاقتصادية,False,ok,False,2018-12-01,2020-12-31,761.0,2018.0,month-level,year-level,Under construction,False,صناعي,تحت الإنشاء,"منطقة مكة المكرمة, مدينة الملك عبدالله الاقتصادية"
مصنع البيوتانول – Butanol Plant,False,Industrial,['Industrial'],1,1938000000.0,,Eastern Region,الجبيل الصناعية,False,empty,True,2013-06-23,2016-03-31,1012.0,2013.0,exact,month-level,Completed,False,صناعي,مكتمل,"المنطقة الشرقية, الجبيل الصناعية"
المصنع السعودي للفحم البترولي المكلس – Saudi Calcined Petroleu...,True,Industrial,['Industrial'],1,1500000000.0,250000.0,Eastern Region,الجبيل الصناعية,False,ok,True,2019-07-01,2021-12-31,914.0,2019.0,month-level,year-level,Announced,False,صناعي,معلن عنه,"المنطقة الشرقية, الجبيل الصناعية"
قرية العبيكان و ماسك – Obeikan & Masic Village,False,Industrial,"['Commercial', 'Hospitality', 'Industrial']",3,,163000.0,Al-Riyadh,الرياض,False,ok,False,,,,,,,Proposed,False,صناعي,المشاريع المقترحة,"منطقة الرياض, الرياض"
مصنع أرتك جدة – ARTIC Plant Jeddah,False,Industrial,['Industrial'],1,,52000.0,Makkah Al-Mokarramah,جدة,False,ok,False,2015-01-01,,,2015.0,year-level,,Under construction,False,صناعي,تحت الإنشاء,"منطقة مكة المكرمة, جدة"
مصنع أجهزة الحفر العربية – The Arabian Rig Manufacturing,False,Industrial,['Industrial'],1,,400000.0,Eastern Region,رأس الخير,False,ok,False,,,,,,,Announced,False,صناعي,معلن عنه,"المنطقة الشرقية, رأس الخير"
مجمع غاز جازان – Jazan Gas Complex,False,Industrial,['Industrial'],1,27000000000.0,16000000.0,Jazan,مدينة جازان للصناعات الاساسية والتحويلية,False,ok,True,2016-05-24,2019-12-31,1316.0,2016.0,exact,year-level,Under construction,False,صناعي,تحت الإنشاء,"منطقة جازان, مدينة جازان للصناعات الاساسية والتحويلية"
مركز البيانات و الأرشفة البنك الأهلي التجاري – NCB Data...,True,Industrial,['Industrial'],1,150000000.0,28178.0,Makkah Al-Mokarramah,مدينة الملك عبدالله الاقتصادية,False,ok,True,2017-10-01,,,2017.0,month-level,,Under construction,False,صناعي,تحت الإنشاء,"منطقة مكة المكرمة, مدينة الملك عبدالله الاقتصادية"
مصنع حمض الليمون – Citric Acid Plant,False,Industrial,['Industrial'],1,190000000.0,88000.0,Makkah Al-Mokarramah,جدة,False,ok,True,2017-01-01,,,2017.0,year-level,,Under construction,False,صناعي,تحت الإنشاء,"منطقة مكة المكرمة, جدة"
مصانع منتجون ماسك اللوجستية – Factories Montijoon Masic Logistics,False,Industrial,['Industrial'],1,,120136.0,Makkah Al-Mokarramah,جدة,False,ok,False,2017-10-01,2020-12-31,1187.0,2017.0,month-level,year-level,Under construction,False,صناعي,تحت الإنشاء,"منطقة مكة المكرمة, جدة"
ثروات لوجستيك سيتي – Tharwat Logistic City,False,Industrial,"['Commercial', 'Industrial', 'Residential']",3,,1700000.0,Al-Riyadh,الرياض,False,ok,False,2017-05-01,,,2017.0,month-level,,Under construction,False,صناعي,تحت الإنشاء,"منطقة الرياض, الرياض"
صناعية الشمال – North Industrial,False,Industrial,"['Commercial', 'Industrial']",2,,250000.0,Al-Riyadh,الرياض,False,ok,False,2017-03-01,,,2017.0,month-level,,Under construction,False,صناعي,تحت الإنشاء,"منطقة الرياض, الرياض"
مصنع عصر البذور الزيتية – Yanbu Oil Mill Plant,False,Industrial,['Industrial'],1,500000000.0,90000.0,Al-Madinah Al-Monawarah,ينبع,False,ok,True,2003-06-15,2007-12-31,1660.0,2003.0,exact,year-level,Completed,False,صناعي,مكتمل,"ينبع, منطقة المدينة المنورة"
مصنع التيتانيوم الإسفنجي – Titanium Sponge Plant,False,Industrial,['Industrial'],1,6000000000.0,220000.0,Al-Madinah Al-Monawarah,ينبع,False,ok,True,2016-02-26,2018-07-31,886.0,2016.0,exact,month-level,Completed,False,صناعي,مكتمل,"ينبع, منطقة المدينة المنورة"
صوامع جازان – Jazan Silos,False,Industrial,"['Government', 'Industrial']",2,560000000.0,150000.0,Jazan,جازان,False,ok,True,2011-12-31,2016-04-30,1582.0,2011.0,exact,month-level,Completed,False,صناعي,مكتمل,"منطقة جازان, جازان"
بتروكيماويات بان آسيا – Pan Asia Petrochemicals,False,Industrial,['Industrial'],1,14250000000.0,2460000.0,Jazan,مدينة جازان للصناعات الاساسية والتحويلية,False,ok,True,2018-12-31,,,2018.0,exact,,Announced,False,صناعي,معلن عنه,"منطقة جازان, مدينة جازان للصناعات الاساسية والتحويلية"
مصهر الإلمينيت – Ilmenite Smelter Plant,False,Industrial,['Industrial'],1,2062500000.0,1000000.0,Jazan,مدينة جازان للصناعات الاساسية والتحويلية,False,ok,True,2012-06-02,2014-03-07,643.0,2012.0,exact,exact,Completed,False,صناعي,مكتمل,"منطقة جازان, مدينة جازان للصناعات الاساسية والتحويلية"
مصنع شركة الحبوب السعودية للاعلاف الغذائية – Saudi Grain...,True,Industrial,['Industrial'],1,30000000.0,123600.0,Al-Qaseem,بريدة,False,ok,True,2014-12-01,2019-12-31,1856.0,2014.0,month-level,year-level,Under construction,False,صناعي,تحت الإنشاء,"منطقة القصيم, بريدة"
انيرجيا السعودية – Energya Cables Saudi Arabia,False,Industrial,['Industrial'],1,1000000000.0,300000.0,Makkah Al-Mokarramah,رابغ,False,ok,True,,2013-07-24,,,,exact,Completed,False,صناعي,مكتمل,"منطقة مكة المكرمة, رابغ"
مجمع الناغي الصناعي – Naghi Industrial Complex,False,Industrial,['Industrial'],1,,1100000.0,Makkah Al-Mokarramah,مدينة الملك عبدالله الاقتصادية,False,ok,False,,,,,,,Announced,False,صناعي,معلن عنه,"منطقة مكة المكرمة, مدينة الملك عبدالله الاقتصادية"
مجمع معادن للفوسفات – Phosphate Complex,False,Industrial,['Industrial'],1,21000000000.0,,Eastern Region,رأس الخير,False,empty,True,2009-01-01,2016-12-31,2921.0,2009.0,year-level,year-level,Completed,False,صناعي,مكتمل,"المنطقة الشرقية, رأس الخير"
مصنع الأصباغ الوطنية – National Paint Factory,False,Industrial,['Industrial'],1,,53472.0,Makkah Al-Mokarramah,مدينة الملك عبدالله الاقتصادية,False,ok,False,2016-04-26,,,2016.0,exact,,Announced,False,صناعي,معلن عنه,"منطقة مكة المكرمة, مدينة الملك عبدالله الاقتصادية"
مجمع مصنع الفرسان – Al Forsan Factory Complex,False,Industrial,['Industrial'],1,120000000.0,1500000.0,Makkah Al-Mokarramah,مدينة الملك عبدالله الاقتصادية,False,ok,True,2012-12-15,,,2012.0,exact,,Under construction,False,صناعي,تحت الإنشاء,"منطقة مكة المكرمة, مدينة الملك عبدالله الاقتصادية"
المناطق اللوجستية مدن 1 – Logistics Parks Modon 1,False,Industrial,['Industrial'],1,,120000.0,Makkah Al-Mokarramah,جدة,False,ok,False,2016-03-01,,,2016.0,month-level,,Under construction,False,صناعي,تحت الإنشاء,"منطقة مكة المكرمة, جدة"
مصنع المونيوم – Aluminum Smelter,False,Industrial,['Industrial'],1,40500000000.0,,Eastern Region,رأس الخير,False,empty,True,2009-09-01,2013-12-31,1582.0,2009.0,month-level,year-level,Completed,False,صناعي,مكتمل,"المنطقة الشرقية, رأس الخير"
واحة مدن بالقصيم – Modon Oasis in Al Qassim,False,Industrial,['Industrial'],1,,1000000.0,Al-Qaseem,بريدة,False,ok,False,,,,,,,Announced,False,صناعي,معلن عنه,"منطقة القصيم, بريدة"
محطة غاز مدين – Midyan Gas Plant,False,Industrial,['Industrial'],1,3000000000.0,,Tabouk,,False,empty,True,2012-10-01,,,2012.0,month-level,,Under construction,False,صناعي,تحت الإنشاء,منطقة تبوك
مصنع شركة الأغذية المبتكرة – The Innovative Food Factory,False,Industrial,['Industrial'],1,52500000.0,,Al-Riyadh,مدينة سدير للصناعة والأعمال,False,empty,True,2018-01-01,,,2018.0,year-level,,Under construction,False,صناعي,تحت الإنشاء,"منطقة الرياض, مدينة سدير للصناعة والأعمال"
ابن سينا – Ibn Sina,False,Industrial,['Industrial'],1,1500000000.0,,Eastern Region,الجبيل الصناعية,False,empty,True,1982-01-01,2017-12-31,13148.0,1982.0,year-level,year-level,Completed,False,صناعي,مكتمل,"المنطقة الشرقية, الجبيل الصناعية"
ابن زهر – Ibn Zahr,False,Industrial,['Industrial'],1,2000000000.0,,Eastern Region,الجبيل الصناعية,False,empty,True,1984-01-01,2008-12-31,9131.0,1984.0,year-level,year-level,Completed,False,صناعي,مكتمل,"المنطقة الشرقية, الجبيل الصناعية"
ابن رشد – Ibn Rushd,False,Industrial,['Industrial'],1,3500000000.0,,Al-Madinah Al-Monawarah,ينبع,False,empty,True,1993-01-01,1995-12-31,1094.0,1993.0,year-level,year-level,Completed,False,صناعي,مكتمل,"ينبع, منطقة المدينة المنورة"
ينبت – Yanpet,False,Industrial,['Industrial'],1,12375000000.0,,Al-Madinah Al-Monawarah,ينبع,False,empty,True,1980-01-01,1985-12-31,2191.0,1980.0,year-level,year-level,Completed,False,صناعي,مكتمل,"ينبع, منطقة المدينة المنورة"
ناتبت – NATPET,False,Industrial,['Industrial'],1,802500000.0,760000.0,Al-Madinah Al-Monawarah,ينبع,False,ok,True,2006-03-01,2009-12-31,1401.0,2006.0,month-level,year-level,Completed,False,صناعي,مكتمل,"ينبع, منطقة المدينة المنورة"
ينساب – Yansab,False,Industrial,['Industrial'],1,20000000000.0,2000000.0,Al-Madinah Al-Monawarah,ينبع,False,ok,True,2005-09-01,2009-07-15,1413.0,2005.0,month-level,exact,Completed,False,صناعي,مكتمل,"ينبع, منطقة المدينة المنورة"
ياسرف – Yasref,False,Industrial,['Industrial'],1,31875000000.0,5200000.0,Al-Madinah Al-Monawarah,ينبع,False,ok,True,2012-01-14,2015-04-01,1173.0,2012.0,exact,exact,Completed,False,صناعي,مكتمل,"ينبع, منطقة المدينة المنورة"
مصنع واحة الالياف الزجاجية – Fiber Glass Oasis Plant,False,Industrial,['Industrial'],1,874000000.0,128000.0,Al-Madinah Al-Monawarah,ينبع,False,ok,True,2009-02-01,2015-12-31,2524.0,2009.0,month-level,year-level,Completed,False,صناعي,مكتمل,"ينبع, منطقة المدينة المنورة"
مصنع روست مايسترو –  Roast Maestro Plant,False,Industrial,['Industrial'],1,,50000.0,Al-Madinah Al-Monawarah,ينبع,False,ok,False,2016-05-01,,,2016.0,month-level,,Under construction,False,صناعي,تحت الإنشاء,"ينبع, منطقة المدينة المنورة"
واحة التقنية – Taif Techno Valley,False,Industrial,"['Government', 'Industrial', 'Scientific']",3,1000000000.0,35000000.0,Makkah Al-Mokarramah,الطائف,False,ok,True,,2030-12-31,,,,year-level,Under construction,False,صناعي,تحت الإنشاء,"منطقة مكة المكرمة, الطائف"
صناعية عسفان – Asfan Industrial City,False,Industrial,['Industrial'],1,,5000000.0,Makkah Al-Mokarramah,جدة,False,ok,False,2014-07-01,,,2014.0,month-level,,Under construction,False,صناعي,تحت الإنشاء,"منطقة مكة المكرمة, جدة"
مجمع الرياض للاستثمار – Riyadh Investment Park,False,Industrial,"['Commercial', 'Industrial', 'Infrastructure', 'Residential']",4,,11000000.0,Al-Riyadh,الرياض,False,ok,False,,,,,,,Under construction,False,صناعي,تحت الإنشاء,"منطقة الرياض, الرياض"
مصنع العلا المتقدمه للأبواب و النوافذ الخشبيه – Al-Ola...,True,Industrial,['Industrial'],1,,19685.04,Al-Riyadh,مدينة سدير للصناعة والأعمال,False,ok,False,2016-05-01,2017-12-28,606.0,2016.0,month-level,exact,Delayed,True,صناعي,متأخر,"منطقة الرياض, مدينة سدير للصناعة والأعمال"
ذا لوجستكس بارك – The Logistics Park,False,Industrial,['Industrial'],1,,1000000.0,Al-Riyadh,الرياض,False,ok,False,2016-09-01,,,2016.0,month-level,,Under construction,False,صناعي,تحت الإنشاء,"منطقة الرياض, الرياض"
المجموعة الوطنية للاستزراع المائي – National Aquaculture Group...,True,Industrial,['Industrial'],1,,250000000.0,Makkah Al-Mokarramah,الليث,False,ok,False,1995-12-01,2013-12-31,6605.0,1995.0,month-level,year-level,Completed,False,صناعي,مكتمل,"منطقة مكة المكرمة, الليث"
المسبوكات – Almusbokat,False,Industrial,['Industrial'],1,55000000.0,20000.0,Makkah Al-Mokarramah,جدة,False,ok,True,2012-09-01,2017-12-31,1947.0,2012.0,month-level,year-level,Completed,False,صناعي,مكتمل,"منطقة مكة المكرمة, جدة"
مصنع سامكو – SAMCO Plant,False,Industrial,['Industrial'],1,,,Makkah Al-Mokarramah,جدة,False,empty,False,,,,,,,Under construction,False,صناعي,تحت الإنشاء,"منطقة مكة المكرمة, جدة"
مصنع إتحاد صناعة العلب المحدودة –  Consolidated Can Manufacturer Co...,True,Industrial,['Industrial'],1,118579500.0,79053.0,Makkah Al-Mokarramah,جدة,False,ok,True,2014-02-01,2016-03-31,789.0,2014.0,month-level,month-level,Completed,False,صناعي,مكتمل,"منطقة مكة المكرمة, جدة"
مصنع بيبسيكو – Pepsico Plant,False,Industrial,['Industrial'],1,,55000.0,Eastern Region,الدمام,False,ok,False,2013-04-26,2015-09-30,887.0,2013.0,exact,month-level,Completed,False,صناعي,مكتمل,"المنطقة الشرقية, الدمام"
مصنع ببسي – Pepsi Mega Plant,False,Industrial,['Industrial'],1,,300000.0,Makkah Al-Mokarramah,جدة,False,ok,False,2012-09-01,,,2012.0,month-level,,Under construction,False,صناعي,تحت الإنشاء,"منطقة مكة المكرمة, جدة"
مصنع الشاملة – Shamla Pharmaceutical Plant,False,Industrial,['Industrial'],1,60000000.0,,Makkah Al-Mokarramah,مدينة الملك عبدالله الاقتصادية,False,empty,True,2011-02-21,,,2011.0,exact,,Under construction,False,صناعي,تحت الإنشاء,"منطقة مكة المكرمة, مدينة الملك عبدالله الاقتصادية"
مصنع و مستودع دلة ترين – Dallah Trane Manufacturing & Warehouse,False,Industrial,['Industrial'],1,,22500.0,Makkah Al-Mokarramah,مدينة الملك عبدالله الاقتصادية,False,ok,False,2017-03-16,2017-11-30,259.0,2017.0,exact,month-level,Announced,False,صناعي,معلن عنه,"منطقة مكة المكرمة, مدينة الملك عبدالله الاقتصادية"
مصنع مارس – Mars Factory,False,Industrial,['Industrial'],1,225000000.0,,Makkah Al-Mokarramah,مدينة الملك عبدالله الاقتصادية,False,empty,True,2012-02-15,2014-12-03,1022.0,2012.0,exact,exact,Completed,False,صناعي,مكتمل,"منطقة مكة المكرمة, مدينة الملك عبدالله الاقتصادية"
توسعة مصنع سبيماكو الدوائية – Expansion of Spimaco Pharmaceutical Fact...,True,Industrial,"['Commercial', 'Industrial']",2,123750000.0,11000.0,Al-Qaseem,بريدة,False,ok,True,2016-06-07,2017-10-10,490.0,2016.0,exact,exact,Delayed,True,صناعي,متأخر,"منطقة القصيم, بريدة"
مصنع سدير فارما – Sudair Pharmaceutical Plant,False,Industrial,['Industrial'],1,1000000000.0,77000.0,Al-Riyadh,مدينة سدير للصناعة والأعمال,False,ok,True,2016-02-20,2018-08-21,913.0,2016.0,exact,exact,Completed,False,صناعي,مكتمل,"منطقة الرياض, مدينة سدير للصناعة والأعمال"
مصنع العوجان كوكا كولا للمرطبات – Aujan Coca Cola Factory,False,Industrial,['Industrial'],1,375000000.0,187000.0,Al-Riyadh,مدينة سدير للصناعة والأعمال,False,ok,True,2017-11-08,2019-05-22,560.0,2017.0,exact,exact,Delayed,True,صناعي,متأخر,"منطقة الرياض, مدينة سدير للصناعة والأعمال"
مركز صيانة المحركات النفاثة بجدة  – SAEI Jet Propulsion Center Jed...,True,Industrial,"['Commercial', 'Industrial']",2,470000000.0,57750.0,Makkah Al-Mokarramah,جدة,False,ok,True,2013-01-01,2016-05-31,1246.0,2013.0,year-level,month-level,Delayed,True,صناعي,متأخر,"منطقة مكة المكرمة, جدة"
مصنع اسمنت اليمامة الجديد – New Yamama Cement Factory,False,Industrial,"['Commercial', 'Industrial']",2,4200000000.0,12000000.0,Al-Riyadh,الرياض,False,ok,True,2015-03-01,2018-06-30,1217.0,2015.0,month-level,month-level,Delayed,True,صناعي,متأخر,"منطقة الرياض, الرياض"
مبنى مركز التحكم الوطني للطاقة – National control center building...,True,Industrial,"['Government', 'Industrial']",2,150000000.0,10500.0,Al-Riyadh,الرياض,False,ok,True,2013-11-01,2017-01-31,1187.0,2013.0,month-level,month-level,Delayed,True,صناعي,متأخر,"منطقة الرياض, الرياض"
ارامكس – Aramex,False,Industrial,['Industrial'],1,153000000.0,96669.0,Makkah Al-Mokarramah,مدينة الملك عبدالله الاقتصادية,False,ok,True,2015-01-01,,,2015.0,year-level,,Under construction,False,صناعي,تحت الإنشاء,"منطقة مكة المكرمة, مدينة الملك عبدالله الاقتصادية"
همة لوجيستكس – Himmah Logistics,False,Industrial,['Industrial'],1,,113000.0,Makkah Al-Mokarramah,مدينة الملك عبدالله الاقتصادية,False,ok,False,2016-05-13,2018-12-31,962.0,2016.0,exact,year-level,Delayed,True,صناعي,متأخر,"منطقة مكة المكرمة, مدينة الملك عبدالله الاقتصادية"
مردم نفايات مصفاة ارامكو – Aramco Refinery Landfill,False,Industrial,['Industrial'],1,,184600.0,Jazan,مدينة جازان للصناعات الاساسية والتحويلية,False,ok,False,2015-03-01,,,2015.0,month-level,,Under construction,False,صناعي,تحت الإنشاء,"منطقة جازان, مدينة جازان للصناعات الاساسية والتحويلية"
مستودع دمسكو وصيدليات الدواء,False,Industrial,['Industrial'],1,260000000.0,45000.0,Makkah Al-Mokarramah,جدة,False,ok,True,,,,,,,Announced,False,صناعي,معلن عنه,"منطقة مكة المكرمة, جدة"
مستودع دمسكو و صيدليات الدواء – DMSCO Warehouse,False,Industrial,['Industrial'],1,190000000.0,35000.0,Al-Riyadh,مدينة سدير للصناعة والأعمال,False,ok,True,2016-01-01,2018-03-31,820.0,2016.0,year-level,month-level,Delayed,True,صناعي,متأخر,"منطقة الرياض, مدينة سدير للصناعة والأعمال"
مستودع فلو – Flow Warehouse,False,Industrial,['Industrial'],1,100000000.0,,Makkah Al-Mokarramah,مدينة الملك عبدالله الاقتصادية,False,empty,True,2015-10-21,2017-10-16,726.0,2015.0,exact,exact,Completed,False,صناعي,مكتمل,"منطقة مكة المكرمة, مدينة الملك عبدالله الاقتصادية"
وحدات التخزين والمصانع الجاهزة – Warehouse Park,False,Industrial,['Industrial'],1,26600000.0,30433.0,Makkah Al-Mokarramah,مدينة الملك عبدالله الاقتصادية,False,ok,True,2015-12-25,2016-09-30,280.0,2015.0,exact,month-level,Completed,False,صناعي,مكتمل,"منطقة مكة المكرمة, مدينة الملك عبدالله الاقتصادية"
مجمع صناعي لإنتاج رماد الصودا وكلوريد الكالسيوم,False,Industrial,['Industrial'],1,2200000000.0,,Al-Madinah Al-Monawarah,ينبع,False,no_digits,True,2017-01-01,2019-06-30,910.0,2017.0,year-level,month-level,Announced,False,صناعي,معلن عنه,"ينبع, منطقة المدينة المنورة"
مركز التوزيع الوطني لتويوتا,False,Industrial,['Industrial'],1,1200000000.0,1500000.0,Makkah Al-Mokarramah,مدينة الملك عبدالله الاقتصادية,False,ok,True,2013-12-18,,,2013.0,exact,,Announced,False,صناعي,معلن عنه,"منطقة مكة المكرمة, مدينة الملك عبدالله الاقتصادية"
مجمع معادن للفوسفات,False,Industrial,"['Industrial', 'Infrastructure']",2,28000000000.0,,Northern Borders,وعد الشمال,False,empty,True,2013-08-05,2016-12-31,1244.0,2013.0,exact,year-level,Delayed,True,صناعي,متأخر,"وعد الشمال, منطقة الحدود الشمالية"
محطة رابغ البخارية – 2,False,Industrial,"['Industrial', 'Infrastructure']",2,12753000000.0,,Makkah Al-Mokarramah,رابغ,False,empty,True,2010-09-28,2014-12-28,1552.0,2010.0,exact,exact,Completed,False,صناعي,مكتمل,"منطقة مكة المكرمة, رابغ"
مركز معارض الرياض الدولي,False,Industrial,"['Commercial', 'Education', 'Government', 'Industrial', 'Leisure/Tourism', 'Religious/Charity']",6,,189000.0,Al-Riyadh,الرياض,False,ok,False,,2008-12-31,,,,year-level,Completed,False,صناعي,مكتمل,"منطقة الرياض, الرياض"
الفاضلي – Fadhili,False,Industrial,"['Industrial', 'Infrastructure']",2,17625000000.0,,Eastern Region,الجبيل الصناعية,False,empty,True,2015-11-19,2019-11-30,1472.0,2015.0,exact,month-level,Under construction,False,صناعي,تحت الإنشاء,"المنطقة الشرقية, الجبيل الصناعية"
محطات التحويل وخطوط النقل الهوائية لنظام نقل مياه ينبع...,True,Industrial,"['Industrial', 'Infrastructure']",2,855379521.0,,Al-Madinah Al-Monawarah,,False,empty,True,2012-11-28,2016-06-13,1293.0,2012.0,exact,exact,Delayed,True,صناعي,متأخر,منطقة المدينة المنورة
محطة ينبع لتحلية المياه – المرحلة 3,False,Industrial,"['Industrial', 'Infrastructure']",2,3817065000.0,,Al-Madinah Al-Monawarah,ينبع,False,empty,True,2012-12-21,2016-12-31,1471.0,2012.0,exact,year-level,Delayed,True,صناعي,متأخر,"ينبع, منطقة المدينة المنورة"
محطة ينبع للكهرباء – المرحلة 3,False,Industrial,"['Industrial', 'Infrastructure']",2,11231250000.0,,Al-Madinah Al-Monawarah,ينبع,False,empty,True,2012-12-21,2016-12-01,1441.0,2012.0,exact,exact,Delayed,True,صناعي,متأخر,"ينبع, منطقة المدينة المنورة"
مشروع واسط لمعالجة الغاز الطبيعي,False,Industrial,"['Industrial', 'Infrastructure']",2,18400000000.0,,Eastern Region,الجبيل الصناعية,False,empty,True,2011-01-25,2015-11-10,1750.0,2011.0,exact,exact,Completed,False,صناعي,مكتمل,"المنطقة الشرقية, الجبيل الصناعية"
نظام شبكة الغاز الرئيسية Master Gas System,False,Industrial,"['Industrial', 'Infrastructure']",2,11812500000.0,,Al-Madinah Al-Monawarah / Al-Riyadh / Eastern Region,,True,empty,True,2014-10-22,2018-12-31,1531.0,2014.0,exact,year-level,Delayed,True,صناعي,متأخر,"منطقة المدينة المنورة, منطقة الرياض, المنطقة الشرقية"
محطة الشقيق البخارية – Shuqaiq Steam Power Plant,False,Industrial,"['Industrial', 'Infrastructure']",2,12230869650.0,3133000.0,Jazan,الشقيق,False,ok,True,2013-08-04,2018-08-04,1826.0,2013.0,exact,exact,Completed,False,صناعي,مكتمل,"منطقة جازان, الشقيق"
أنظمة نقل المياه ينبع المدينة المنورة – المرحلة 3,False,Industrial,"['Industrial', 'Infrastructure']",2,2295189901.0,,Al-Madinah Al-Monawarah,,False,empty,True,2011-12-03,,,2011.0,exact,,Under construction,False,صناعي,تحت الإنشاء,منطقة المدينة المنورة
محطة راس الخير,False,Industrial,"['Industrial', 'Infrastructure']",2,15670000000.0,,Eastern Region,رأس الخير,False,empty,True,2010-11-08,2015-01-31,1545.0,2010.0,exact,month-level,Completed,False,صناعي,مكتمل,"المنطقة الشرقية, رأس الخير"
محطة توليد جنوب جدة البخارية – Jeddah South Thermal Power Plant,False,Industrial,"['Industrial', 'Infrastructure']",2,11958206580.0,,Makkah Al-Mokarramah,جدة,False,empty,True,2012-10-15,2016-07-31,1385.0,2012.0,exact,month-level,Completed,False,صناعي,مكتمل,"منطقة مكة المكرمة, جدة"
محطة توليد الطاقة الكهربائية المركبة المتكاملة في وعد...,True,Industrial,"['Government', 'Industrial', 'Infrastructure']",3,4666000000.0,,Northern Borders,وعد الشمال,False,empty,True,2016-02-01,2019-02-01,1096.0,2016.0,month-level,exact,Delayed,True,صناعي,متأخر,"وعد الشمال, منطقة الحدود الشمالية"
محطة توليد الكهرباء الثانية عشر بالرياض,False,Industrial,"['Government', 'Industrial', 'Infrastructure']",3,5900000000.0,,Al-Riyadh,الرياض,False,empty,True,2012-03-12,2015-03-12,1095.0,2012.0,exact,exact,Completed,False,صناعي,مكتمل,"منطقة الرياض, الرياض"
محطة توليد الكهرباء الثالثة عشر بالرياض,False,Industrial,"['Government', 'Industrial', 'Infrastructure']",3,10000000000.0,,Al-Riyadh,الرياض,False,empty,True,2015-06-01,2018-06-01,1096.0,2015.0,month-level,exact,Delayed,True,صناعي,متأخر,"منطقة الرياض, الرياض"
مصنع الريف للسكر – AlReef Sugar Refinery,False,Industrial,['Industrial'],1,1200000000.0,150000.0,Jazan,مدينة جازان للصناعات الاساسية والتحويلية,False,ok,True,2016-05-21,2017-12-31,589.0,2016.0,exact,year-level,Delayed,True,صناعي,متأخر,"منطقة جازان, مدينة جازان للصناعات الاساسية والتحويلية"
محطة توليد ضبا الخضراء – The Green Duba Generating Station,False,Industrial,"['Government', 'Industrial', 'Infrastructure']",3,2500000000.0,,Tabouk,ضبا,False,empty,True,2016-03-01,2018-08-01,883.0,2016.0,month-level,exact,Delayed,True,صناعي,متأخر,"منطقة تبوك, ضبا"
محطة التوليد الرابعة عشر بالرياض,False,Industrial,"['Government', 'Industrial', 'Infrastructure']",3,5633000000.0,,Al-Riyadh,الرياض,False,empty,True,2015-06-01,2018-06-01,1096.0,2015.0,month-level,exact,Delayed,True,صناعي,متأخر,"منطقة الرياض, الرياض"
مجمع الملك سلمان العالمي للصناعات والخدمات البحرية في...,True,Industrial,"['Commercial', 'Industrial']",2,22500000000.0,4300000.0,Eastern Region,رأس الخير,False,ok,True,2017-10-01,2021-03-01,1247.0,2017.0,month-level,exact,Under construction,False,صناعي,تحت الإنشاء,"المنطقة الشرقية, رأس الخير"
مدينة الملك عبدالله للطاقة الذرية والمتجددة,False,Industrial,"['Industrial', 'Scientific']",2,,,Al-Riyadh,الرياض,False,empty,False,,,,,,,Announced,False,صناعي,معلن عنه,"منطقة الرياض, الرياض"
الوادي الصناعي – The Industrial Valley,False,Industrial,['Industrial'],1,,26300000.0,Makkah Al-Mokarramah,مدينة الملك عبدالله الاقتصادية,False,ok,False,2010-01-01,2025-12-31,5843.0,2010.0,year-level,year-level,Under construction,False,صناعي,تحت الإنشاء,"منطقة مكة المكرمة, مدينة الملك عبدالله الاقتصادية"
مدينة الملك عبد الله الاقتصادية – KAEC,False,Industrial,"['Commercial', 'Education', 'Government', 'Health', 'Hospitality', 'Industrial', 'Infrastructure', 'Leisure/Tourism', 'Religious/Charity', 'Residential', 'Scientific', 'Sports']",12,375000000000.0,173000000.0,Makkah Al-Mokarramah,مدينة الملك عبدالله الاقتصادية,False,ok,True,2005-01-01,2030-12-31,9495.0,2005.0,year-level,year-level,Under construction,False,صناعي,تحت الإنشاء,"منطقة مكة المكرمة, مدينة الملك عبدالله الاقتصادية"
المدينة الجامعية لجامعة الملك سعود بن عبدالعزيز للعلو�...,True,Industrial,"['Education', 'Government', 'Industrial', 'Scientific']",4,,,Eastern Region,الأحساء,False,empty,False,2008-05-13,2014-10-27,2358.0,2008.0,exact,exact,Completed,False,صناعي,مكتمل,"المنطقة الشرقية, الأحساء"
مصنع أجا للصناعات الدوائية- حائل,False,Industrial,"['Health', 'Industrial']",2,250000000.0,120000.0,Hail,حائل,False,ok,True,2013-06-08,,,2013.0,exact,,Completed,False,صناعي,مكتمل,"منطقة حائل, حائل"
استكمال تطوير المدينة الصناعية بالمدينة المنورة,False,Industrial,"['Industrial', 'Infrastructure']",2,85000000.0,,Al-Madinah Al-Monawarah,المدينة المنورة,False,empty,True,2012-07-30,,,2012.0,exact,,Under construction,False,صناعي,تحت الإنشاء,"منطقة المدينة المنورة, المدينة المنورة"
مدينة سدير للصناعة والأعمال – Sudair City for Industry and Businesses...,True,Industrial,"['Commercial', 'Education', 'Hospitality', 'Industrial', 'Infrastructure', 'Residential']",6,,258000000.0,Al-Riyadh,مدينة سدير للصناعة والأعمال,False,ok,False,2009-04-01,,,2009.0,month-level,,Under construction,False,صناعي,تحت الإنشاء,"منطقة الرياض, مدينة سدير للصناعة والأعمال"
مصنع أصباغ همبل,False,Industrial,"['Commercial', 'Industrial']",2,49870000.0,15000.0,Makkah Al-Mokarramah,جدة,False,ok,True,,2014-02-18,,,,exact,Completed,False,صناعي,مكتمل,"منطقة مكة المكرمة, جدة"
مصفاة ساتورب – SATORP,False,Industrial,"['Commercial', 'Industrial']",2,45000000000.0,5000000.0,Eastern Region,الجبيل الصناعية,False,ok,True,2009-01-01,2013-12-01,1795.0,2009.0,year-level,exact,Completed,False,صناعي,مكتمل,"المنطقة الشرقية, الجبيل الصناعية"
إندسكوم الدمام – Indus-Comm Dammam,False,Industrial,"['Commercial', 'Industrial']",2,,,Eastern Region,الدمام,False,empty,False,,,,,,,Under construction,False,صناعي,تحت الإنشاء,"المنطقة الشرقية, الدمام"
توسعة بترو رابغ – 2 – Petro Rabigh Expansion,False,Industrial,"['Commercial', 'Industrial']",2,30000000000.0,,Makkah Al-Mokarramah,رابغ,False,empty,True,2016-07-06,2018-12-12,889.0,2016.0,exact,exact,Delayed,True,صناعي,متأخر,"منطقة مكة المكرمة, رابغ"
مجمع بلاس كيم الجبيل – Plus Kim Complex Jubail,False,Industrial,"['Government', 'Industrial']",2,,,Eastern Region,الجبيل الصناعية,False,linear_distance_not_area,False,,,,,,,Under construction,False,صناعي,تحت الإنشاء,"المنطقة الشرقية, الجبيل الصناعية"
الشركة السعودية للميثاكريلات ‘ساماك’ – Saudi Methac...,True,Industrial,"['Commercial', 'Industrial']",2,4500000000.0,,Eastern Region,الجبيل,False,empty,True,2014-06-27,2017-06-27,1096.0,2014.0,exact,exact,Delayed,True,صناعي,متأخر,"المنطقة الشرقية, الجبيل"
منطقة الخدمات تبوك – Tabuk Service Area,False,Industrial,"['Commercial', 'Government', 'Industrial', 'Infrastructure']",4,,40000000.0,Tabouk,تبوك,False,ok,False,,,,,,,Announced,False,صناعي,معلن عنه,"منطقة تبوك, تبوك"
مدينة وعد الشمال – Waad Al Shamaal City,False,Industrial,"['Government', 'Industrial', 'Infrastructure']",3,26000000000.0,440000000.0,Northern Borders,طريف,False,ok,True,2014-02-01,2042-12-31,10560.0,2014.0,month-level,year-level,Under construction,False,صناعي,تحت الإنشاء,"منطقة الحدود الشمالية, طريف"
مجمع صدارة للكيميائيات – Sadara Chemicals Complex,False,Industrial,"['Commercial', 'Industrial']",2,75000000000.0,12000000.0,Eastern Region,الجبيل,False,ok,True,2011-11-01,2016-11-01,1827.0,2011.0,month-level,exact,Completed,False,صناعي,مكتمل,"المنطقة الشرقية, الجبيل"
مصفاة جازان – Jazan Refinery,False,Industrial,"['Government', 'Industrial']",2,26250000000.0,,Jazan,مدينة جازان للصناعات الاساسية والتحويلية,False,empty,True,2012-11-14,2018-12-31,2238.0,2012.0,exact,year-level,Delayed,True,صناعي,متأخر,"منطقة جازان, مدينة جازان للصناعات الاساسية والتحويلية"
مدينة جازان للصناعات الاساسية والتحويلية – Jazan Economic...,True,Industrial,"['Government', 'Industrial', 'Infrastructure']",3,100000000000.0,103000000.0,Jazan,مدينة جازان للصناعات الاساسية والتحويلية,False,ok,True,2006-11-04,,,2006.0,exact,,Under construction,False,صناعي,تحت الإنشاء,"منطقة جازان, مدينة جازان للصناعات الاساسية والتحويلية"
مجمع صيانة و إصلاح الطائرات بجدة – SAEI Aircraft MRO Complex in Jed...,True,Industrial,"['Commercial', 'Industrial']",2,3500000000.0,9709047.0,Makkah Al-Mokarramah,جدة,False,ok,True,,2016-12-31,,,,year-level,Delayed,True,صناعي,متأخر,"منطقة مكة المكرمة, جدة"
توسعة حقل شيبه النفطي – Shaybah Oil Field Expansion,False,Industrial,"['Government', 'Industrial']",2,,,Eastern Region,,False,empty,False,,2016-12-31,,,,year-level,Completed,False,صناعي,مكتمل,المنطقة الشرقية
المدينة الطبية – Medical City,False,Health,"['Education', 'Health']",2,,,Makkah Al-Mokarramah,جدة,False,empty,False,,,,,,,Announced,False,صحي,معلن عنه,"منطقة مكة المكرمة, جدة"
مستشفى الأطباء – Physicians Hospital,False,Health,"['Health', 'Residential']",2,,15000.0,Makkah Al-Mokarramah,جدة,False,ok,False,2017-01-01,,,2017.0,year-level,,Under construction,False,صحي,تحت الإنشاء,"منطقة مكة المكرمة, جدة"
مركز كليمنصو الطبي جدة – Clemenceau Medicine International Jeddah,False,Health,['Health'],1,,26687.0,Makkah Al-Mokarramah,جدة,False,ok,False,,,,,,,Announced,False,صحي,معلن عنه,"منطقة مكة المكرمة, جدة"
مستشفى خاص – Special Hospital,False,Health,['Health'],1,,4700.0,Aseer,أبها,False,ok,False,2016-07-01,,,2016.0,month-level,,Under construction,False,صحي,تحت الإنشاء,"منطقة عسير, أبها"
عناية سارة – Sarah Care,False,Health,['Health'],1,,4000.0,Makkah Al-Mokarramah,جدة,False,ok,False,2016-07-01,,,2016.0,month-level,,Under construction,False,صحي,تحت الإنشاء,"منطقة مكة المكرمة, جدة"
البلازا الطبي بعسير – LD Asir Medical Plaza,False,Health,['Health'],1,,3800.0,Aseer,خميس مشيط,False,ok,False,2015-02-01,2017-12-31,1064.0,2015.0,month-level,year-level,Completed,False,صحي,مكتمل,"منطقة عسير, خميس مشيط"
المستشفى الجامعي – جامعة نجران – University Hospital – Na...,True,Health,"['Government', 'Health']",2,555000000.0,214000.0,Najran,نجران,False,ok,True,2012-07-01,,,2012.0,month-level,,Under construction,False,صحي,تحت الإنشاء,"نجران, منطقة نجران"
مستشفى الموسى للتأهيل والرعاية الممتدة – Al Moosa Hospital f...,True,Health,['Health'],1,,60000.0,Eastern Region,الأحساء,False,ok,False,,,,,,,Announced,False,صحي,معلن عنه,"المنطقة الشرقية, الأحساء"
مجمع آل بطي الطبي – Al-Bati Medical center,False,Health,['Health'],1,,3600.0,Eastern Region,جزيرة تاروت,False,ok,False,,,,,,,Announced,False,صحي,معلن عنه,"المنطقة الشرقية, جزيرة تاروت"
مركز الدكتور سليمان الفقيه للرضوح – DSF Trauma Center,False,Health,['Health'],1,,22700.0,Makkah Al-Mokarramah,جدة,False,ok,False,,,,,,,Announced,False,صحي,معلن عنه,"منطقة مكة المكرمة, جدة"
مستشفى دلة العارض – Dallah Hospital Alaridh,False,Health,"['Health', 'Residential']",2,,106000.0,Al-Riyadh,الرياض,False,ok,False,,,,,,,Proposed,False,صحي,المشاريع المقترحة,"منطقة الرياض, الرياض"
توسعة مستشفى الملك عبدالعزيز الجامعي – King Abdulaziz Universi...,True,Health,"['Education', 'Government', 'Health']",3,,,Makkah Al-Mokarramah,جدة,False,empty,False,,,,,,,Proposed,False,صحي,المشاريع المقترحة,"منطقة مكة المكرمة, جدة"
تطوير مدينة الملك سعود الطبية – King Saud Medical City Development...,True,Health,['Health'],1,,220000.0,Al-Riyadh,الرياض,False,ok,False,,,,,,,Announced,False,صحي,معلن عنه,"منطقة الرياض, الرياض"
مجمع سكون الطبي – Sukoon Hospitality Complex,False,Health,"['Health', 'Hospitality']",2,488000000.0,13500.0,Makkah Al-Mokarramah,جدة,False,ok,True,,,,,,,Announced,False,صحي,معلن عنه,"منطقة مكة المكرمة, جدة"
مستشفى الولادة والاطفال بالرس- Childbirth and Children Hospital Ar Rass...,True,Health,"['Government', 'Health']",2,313171771.0,,Al-Qaseem,الرس,False,empty,True,2016-03-01,2019-02-28,1094.0,2016.0,month-level,month-level,Delayed,True,صحي,متأخر,"منطقة القصيم, الرس"
تطوير مستشفى نجران العام – Development of Najran General Hospital,False,Health,"['Government', 'Health']",2,,14500.0,Najran,,False,ok,False,,,,,,,Announced,False,صحي,معلن عنه,منطقة نجران
مبنى الطوارئ بمستشفى الملك خالد بنجران – Emergency King Khali...,True,Health,"['Government', 'Health']",2,50000000.0,,Najran,نجران,False,empty,True,,,,,,,Announced,False,صحي,معلن عنه,"نجران, منطقة نجران"
توسعة مستشفى دلة النخيل – DALLAH HOSPITAL EXPANSIONS OF ALNAKHEEL,False,Health,"['Commercial', 'Health']",2,500000000.0,14500.0,Al-Riyadh,الرياض,False,ok,True,2014-10-23,2019-06-15,1696.0,2014.0,exact,exact,Delayed,True,صحي,متأخر,"منطقة الرياض, الرياض"
مستشفى د. سليمان الحبيب بالصحافة – Dr. Sulaiman Al-Habib Hospital in AL...,True,Health,"['Commercial', 'Health']",2,2000000000.0,46000.0,Al-Riyadh,الرياض,False,ok,True,,,,,,,Announced,False,صحي,معلن عنه,"منطقة الرياض, الرياض"
مدينة مستشفى السعودي الالماني – Saudi German Medical City,False,Health,['Health'],1,,,Makkah Al-Mokarramah,جدة,False,empty,False,,,,,,,Proposed,False,صحي,المشاريع المقترحة,"منطقة مكة المكرمة, جدة"
البرج الجراحي – Surgical Tower,False,Health,"['Education', 'Health', 'Infrastructure']",3,700000000.0,36223.0,Makkah Al-Mokarramah,جدة,False,ok,True,,,,,,,Announced,False,صحي,معلن عنه,"منطقة مكة المكرمة, جدة"
صحار – Sahar,False,Health,"['Commercial', 'Education', 'Health', 'Religious/Charity', 'Residential']",5,4000000000.0,600000.0,Al-Qaseem,بريدة,False,ok,True,2006-10-01,,,2006.0,month-level,,Under construction,False,صحي,تحت الإنشاء,"منطقة القصيم, بريدة"
تطوير مدينة الملك فهد الساحلية – King Fahad Coastal City Development...,True,Health,"['Commercial', 'Government', 'Health', 'Hospitality']",4,,114000.0,Makkah Al-Mokarramah,جدة,False,ok,False,,,,,,,Announced,False,صحي,معلن عنه,"منطقة مكة المكرمة, جدة"
البرج الطبي للولادة والاطفال بجدة – Maternity & ChildrenR...,True,Health,"['Government', 'Health']",2,383324267.0,86272.0,Makkah Al-Mokarramah,جدة,False,ok,True,2012-12-01,2017-12-19,1844.0,2012.0,month-level,exact,Delayed,True,صحي,متأخر,"منطقة مكة المكرمة, جدة"
مستشفى الجموم العام – General Hospital Al Jumum,False,Health,"['Government', 'Health']",2,234822918.0,98202.0,Makkah Al-Mokarramah,الجموم,False,ok,True,2012-04-01,2018-06-30,2281.0,2012.0,month-level,month-level,Delayed,True,صحي,متأخر,"منطقة مكة المكرمة, الجموم"
مستشفى الشرائع العام – Al Sharaya General Hospital,False,Health,"['Government', 'Health']",2,602334009.0,332474.0,Makkah Al-Mokarramah,مكة المكرمة,False,ok,True,2014-11-17,2019-05-27,1652.0,2014.0,exact,exact,Delayed,True,صحي,متأخر,"مكة المكرمة, منطقة مكة المكرمة"
المركز الحضاري الشرقي بمكة المكرمة,False,Health,"['Commercial', 'Government', 'Health', 'Hospitality', 'Infrastructure', 'Leisure/Tourism', 'Residential']",7,,460000.0,Makkah Al-Mokarramah,مكة المكرمة,False,ok,False,,,,,,,Announced,False,صحي,معلن عنه,"مكة المكرمة, منطقة مكة المكرمة"
مستشفى الرازي – ALRAZI HOSPITAL,False,Health,"['Commercial', 'Health']",2,60000000.0,8887.0,Eastern Region,الأحساء,False,ok,True,2017-03-01,2019-03-31,760.0,2017.0,month-level,month-level,Delayed,True,صحي,متأخر,"المنطقة الشرقية, الأحساء"
وقف مستشفى لعلاج السرطان – Cancer Patients Care Endowment,False,Health,"['Health', 'Religious/Charity']",2,147000000.0,4700.0,Makkah Al-Mokarramah,جدة,False,ok,True,2015-10-01,2018-12-31,1187.0,2015.0,month-level,year-level,Delayed,True,صحي,متأخر,"منطقة مكة المكرمة, جدة"
مستشفى اليمامة الخاص – Alyamamah Private Hospital,False,Health,['Health'],1,,10100.0,Al-Riyadh,الرياض,False,ok,False,2010-09-01,,,2010.0,month-level,,Under construction,False,صحي,تحت الإنشاء,"منطقة الرياض, الرياض"
مجمع الملك فيصل الطبي – King Faisal Medical Complex,False,Health,"['Government', 'Health']",2,601000000.0,155000.0,Makkah Al-Mokarramah,الطائف,False,ok,True,2004-03-01,2017-01-31,4719.0,2004.0,month-level,month-level,Completed,False,صحي,مكتمل,"منطقة مكة المكرمة, الطائف"
مستشفى الولادة والاطفال بعنيزة – Childbirth and Children Hospital U...,True,Health,"['Government', 'Health']",2,288548157.0,200000.0,Al-Qaseem,عنيزة,False,ok,True,2015-03-11,2021-01-04,2126.0,2015.0,exact,exact,Under construction,False,صحي,تحت الإنشاء,"منطقة القصيم, عنيزة"
مستشفى سنابل التخصصي – Sanabil Specialist Hospital,False,Health,['Health'],1,,21800.0,Aseer,محايل عسير,False,ok,False,,,,,,,Announced,False,صحي,معلن عنه,"منطقة عسير, محايل عسير"
مستشفى الطبي الدولي – International Medical Center,False,Health,['Health'],1,500000000.0,,Makkah Al-Mokarramah,جدة,False,empty,True,2003-01-01,2006-10-30,1398.0,2003.0,year-level,exact,Completed,False,صحي,مكتمل,"منطقة مكة المكرمة, جدة"
مستشفى الملك فيصل التخصصي للأطفال – King Faisal Specialist Hospit...,True,Health,['Health'],1,,100000.0,Al-Riyadh,الرياض,False,ok,False,,,,,,,Announced,False,صحي,معلن عنه,"منطقة الرياض, الرياض"
مستشفى د.محمد الفقيه – DR. MOHAMMED ALFAGIH HOSPITAL,False,Health,['Health'],1,630000000.0,,Al-Riyadh,الرياض,False,empty,True,2015-03-01,2019-09-01,1645.0,2015.0,month-level,exact,Under construction,False,صحي,تحت الإنشاء,"منطقة الرياض, الرياض"
المجمع الطبي لوزارة الدفاع – Military Medical Complex,False,Health,"['Government', 'Health', 'Infrastructure', 'Residential']",4,9300000000.0,9000000.0,Al-Riyadh,الرياض,False,ok,True,,,,,,,Announced,False,صحي,معلن عنه,"منطقة الرياض, الرياض"
مجمع مدينة سدير للصناعة والأعمال التجاري – Sudair City for...,True,Health,"['Commercial', 'Health', 'Hospitality']",3,,122000.0,Al-Riyadh,مدينة سدير للصناعة والأعمال,False,ok,False,2016-10-01,,,2016.0,month-level,,Under construction,False,صحي,تحت الإنشاء,"منطقة الرياض, مدينة سدير للصناعة والأعمال"
مدينة الحبيب الطبية –  Al Habib Medical City,False,Health,['Health'],1,1200000000.0,309000.0,Al-Riyadh,الرياض,False,ok,True,,,,,,,Under construction,False,صحي,تحت الإنشاء,"منطقة الرياض, الرياض"
تطوير جبل محبس الجن – Jabal Mahbas El Jin Development,False,Health,"['Commercial', 'Health', 'Hospitality', 'Residential']",4,,500000.0,Makkah Al-Mokarramah,مكة المكرمة,False,ok,False,,,,,,,Proposed,False,صحي,المشاريع المقترحة,"مكة المكرمة, منطقة مكة المكرمة"
مجمع الأمل والصحة النفسية بالخرج –  Al Amal Complex for Mental Hea...,True,Health,['Health'],1,,100000.0,Al-Riyadh,الخرج,False,ok,False,2010-01-01,2017-04-20,2666.0,2010.0,year-level,exact,Completed,False,صحي,مكتمل,"منطقة الرياض, الخرج"
جبل خندمة – Jabal Khandamah,False,Health,"['Commercial', 'Health', 'Hospitality', 'Residential']",4,,910000.0,Makkah Al-Mokarramah,مكة المكرمة,False,ok,False,2018-07-01,2030-12-31,4566.0,2018.0,month-level,year-level,Announced,False,صحي,معلن عنه,"مكة المكرمة, منطقة مكة المكرمة"
مستشفى المرجان – Al Murjan Hospital,False,Health,['Health'],1,,16000.0,Makkah Al-Mokarramah,جدة,False,ok,False,2014-07-01,,,2014.0,month-level,,Under construction,False,صحي,تحت الإنشاء,"منطقة مكة المكرمة, جدة"
المجمع الطبي الأمني لوزارة الداخلية – Security Forces Medical C...,True,Health,"['Government', 'Health', 'Residential']",3,11330757975.0,2500000.0,Makkah Al-Mokarramah,جدة,False,ok,True,2013-04-16,,,2013.0,exact,,Under construction,False,صحي,تحت الإنشاء,"منطقة مكة المكرمة, جدة"
الرعاية البيطرية العالمية – International Animal Care,False,Health,"['Government', 'Health']",2,,1508.0,Makkah Al-Mokarramah,جدة,False,ok,False,2016-02-01,,,2016.0,month-level,,Under construction,False,صحي,تحت الإنشاء,"منطقة مكة المكرمة, جدة"
المختبر الإقليمي وبنك الدم المركزي بحفر الباطن – Hafar...,True,Health,"['Government', 'Health']",2,8157193.0,5000.0,Eastern Region,حفر الباطن,False,ok,True,2015-10-09,2017-03-09,517.0,2015.0,exact,exact,Completed,False,صحي,مكتمل,"المنطقة الشرقية, حفر الباطن"
مستشفى د.سمير عباس – Dr. Sameer Abbas Hospital,False,Health,['Health'],1,130130000.0,,Makkah Al-Mokarramah,جدة,False,empty,True,2012-01-01,2017-10-08,2107.0,2012.0,year-level,exact,Completed,False,صحي,مكتمل,"منطقة مكة المكرمة, جدة"
جزر البندقية – Venice Island,False,Health,"['Commercial', 'Health', 'Infrastructure', 'Leisure/Tourism', 'Residential']",5,1000000000.0,36000000.0,Makkah Al-Mokarramah,جدة,False,ok,True,,,,,,,Stalled,True,صحي,متعثر,"منطقة مكة المكرمة, جدة"
مستشفى هيف – Haif Hospital,False,Health,['Health'],1,,,Al-Riyadh,الرياض,False,empty,False,,,,,,,Announced,False,صحي,معلن عنه,"منطقة الرياض, الرياض"
المستشفى السعودي الألماني مكة المكرمة – Saudi German Hospital...,True,Health,"['Commercial', 'Education', 'Health']",3,1500000000.0,58000.0,Makkah Al-Mokarramah,مكة المكرمة,False,ok,True,,,,,,,Announced,False,صحي,معلن عنه,"مكة المكرمة, منطقة مكة المكرمة"
مستشفى الموسى التخصصي- Almoosa Specialist Hospital,False,Health,['Health'],1,,,Eastern Region,الأحساء,False,empty,False,2017-03-01,,,2017.0,month-level,,Under construction,False,صحي,تحت الإنشاء,"المنطقة الشرقية, الأحساء"
المركز الدولي للرعاية المتحدة – IEC,False,Health,['Health'],1,,7000.0,Makkah Al-Mokarramah,جدة,False,ok,False,2009-01-01,2012-01-01,1095.0,2009.0,year-level,exact,Completed,False,صحي,مكتمل,"منطقة مكة المكرمة, جدة"
افينيو مول ابحر – Avenue Mall Abhor,False,Health,"['Commercial', 'Health', 'Hospitality', 'Leisure/Tourism', 'Residential']",5,,169684.0,Makkah Al-Mokarramah,جدة,False,ok,False,2016-08-01,,,2016.0,month-level,,Under construction,False,صحي,تحت الإنشاء,"منطقة مكة المكرمة, جدة"
مدينة الأحلام,False,Health,"['Commercial', 'Education', 'Health', 'Hospitality', 'Infrastructure', 'Leisure/Tourism', 'Religious/Charity', 'Residential', 'Sports']",9,4000000000.0,800000.0,Aseer,خميس مشيط,False,ok,True,,,,,,,Announced,False,صحي,معلن عنه,"منطقة عسير, خميس مشيط"
مستشفى د.سليمان الحبيب بجدة – Dr. Sulaiman AL-Habib Hospital in Jeddah...,True,Health,"['Commercial', 'Health']",2,,21200.0,Makkah Al-Mokarramah,جدة,False,ok,False,2018-08-01,,,2018.0,month-level,,Under construction,False,صحي,تحت الإنشاء,"منطقة مكة المكرمة, جدة"
مركز كليمنصو الطبي الرياض –  CLEMENCEAU MEDICAL CENTER RIYADH,False,Health,"['Commercial', 'Health']",2,450000000.0,6500.0,Al-Riyadh,الرياض,False,ok,True,2016-01-01,2018-08-01,943.0,2016.0,year-level,exact,Delayed,True,صحي,متأخر,"منطقة الرياض, الرياض"
مستشفى الشرق الأوسط الرياض – Middle East Hospital Riyadh,False,Health,"['Commercial', 'Health']",2,,141320.0,Al-Riyadh,الرياض,False,ok,False,2016-09-01,2019-11-01,1156.0,2016.0,month-level,exact,Announced,False,صحي,معلن عنه,"منطقة الرياض, الرياض"
توسعة مستشفى الرعايه بروكير الخبر – Procare Hospital Expansion...,True,Health,"['Commercial', 'Health']",2,100000000.0,20587.0,Eastern Region,الخبر,False,ok,True,2015-08-01,2017-03-01,578.0,2015.0,month-level,exact,Completed,False,صحي,مكتمل,"المنطقة الشرقية, الخبر"
مستشفى ميديسينا جدة –  MEDICENA HOSPITAL JEDDAH,False,Health,"['Commercial', 'Health']",2,,3000000.0,Makkah Al-Mokarramah,جدة,False,ok,False,,,,,,,Announced,False,صحي,معلن عنه,"منطقة مكة المكرمة, جدة"
مستشفى المواساة بالخبر – Mouwasat Hospital Al Khobar,False,Health,"['Commercial', 'Health']",2,440000000.0,53979.0,Eastern Region,الخبر,False,ok,True,2015-07-01,2019-03-01,1339.0,2015.0,month-level,exact,Delayed,True,صحي,متأخر,"المنطقة الشرقية, الخبر"
مدينة البترجي الطبية في الدمام – THE BATTERJEE MEDICAL CITY IN DAMMA...,True,Health,"['Commercial', 'Health']",2,4000000000.0,90000.0,Eastern Region,الدمام,False,ok,True,2016-10-01,2018-11-01,761.0,2016.0,month-level,exact,Delayed,True,صحي,متأخر,"المنطقة الشرقية, الدمام"
مستشفى السلام – AL SALAM HOSPITAL,False,Health,"['Commercial', 'Health']",2,488000000.0,50000.0,Eastern Region,الخبر,False,ok,True,2016-10-19,2018-11-01,743.0,2016.0,exact,exact,Delayed,True,صحي,متأخر,"المنطقة الشرقية, الخبر"
مستشفى سند – Sanad Hospital,False,Health,"['Commercial', 'Health']",2,,10200.0,Al-Riyadh,الرياض,False,ok,False,,,,,,,Under construction,False,صحي,تحت الإنشاء,"منطقة الرياض, الرياض"
مجمع جنات الرياض – JANNAT COMPOUND RIYADH,False,Health,"['Commercial', 'Education', 'Health', 'Hospitality', 'Leisure/Tourism', 'Residential', 'Sports']",7,,4200000.0,Al-Riyadh,الرياض,False,ok,False,,,,,,,Under construction,False,صحي,تحت الإنشاء,"منطقة الرياض, الرياض"
القرية الطبية المعرفية – Knowledge Medical Village,False,Health,"['Health', 'Hospitality']",2,,51660.0,Makkah Al-Mokarramah,جدة,False,ok,False,,2020-12-31,,,,year-level,Announced,False,صحي,معلن عنه,"منطقة مكة المكرمة, جدة"
مدينة مطار الملك عبدالعزيز الدولي,False,Health,"['Commercial', 'Health', 'Hospitality', 'Leisure/Tourism', 'Residential']",5,,1000000.0,Makkah Al-Mokarramah,جدة,False,ok,False,2016-09-19,,,2016.0,exact,,Announced,False,صحي,معلن عنه,"منطقة مكة المكرمة, جدة"
مستشفى AMC للرعاية الطبية طويلة الأمد – AMC Long-Term Medical Car...,True,Health,"['Commercial', 'Health']",2,400000000.0,27000.0,Al-Riyadh,الرياض,False,ok,True,2016-08-01,2018-03-01,577.0,2016.0,month-level,exact,Delayed,True,صحي,متأخر,"منطقة الرياض, الرياض"
القرية الطبية بالرياض – Medical Village Riyadh,False,Health,"['Commercial', 'Education', 'Health', 'Hospitality', 'Residential']",5,,250000.0,Al-Riyadh,الرياض,False,ok,False,2016-01-01,,,2016.0,year-level,,Under construction,False,صحي,تحت الإنشاء,"منطقة الرياض, الرياض"
سكن منسوبي وزارة الحرس الوطني,False,Health,"['Commercial', 'Education', 'Government', 'Health', 'Religious/Charity', 'Residential']",6,1500000000.0,718468.0,Makkah Al-Mokarramah,مدينة الملك عبدالله الاقتصادية,False,ok,True,,2017-12-31,,,,year-level,Delayed,True,صحي,متأخر,"منطقة مكة المكرمة, مدينة الملك عبدالله الاقتصادية"
مستشفى المعالي,False,Health,"['Commercial', 'Health']",2,,10000.0,Eastern Region,حفر الباطن,False,ok,False,2012-05-01,2016-05-01,1461.0,2012.0,month-level,exact,Completed,False,صحي,مكتمل,"المنطقة الشرقية, حفر الباطن"
مستشفى سليمان الراجحي في البكيرية – Sulaiman Al-Rajhi Hospital in...,True,Health,"['Education', 'Health']",2,,85000.0,Al-Qaseem,البكيرية,False,ok,False,,,,,,,Announced,False,صحي,معلن عنه,"منطقة القصيم, البكيرية"
مجمع العقارية بالوصيل,False,Health,"['Commercial', 'Education', 'Health', 'Hospitality', 'Infrastructure', 'Residential']",6,2900000000.0,7000000.0,Al-Riyadh,الرياض,False,ok,True,,,,,,,Announced,False,صحي,معلن عنه,"منطقة الرياض, الرياض"
برج مستشفى الإيمان العام,False,Health,"['Government', 'Health']",2,,,Al-Riyadh,الرياض,False,empty,False,,,,,,,Under construction,False,صحي,تحت الإنشاء,"منطقة الرياض, الرياض"
المدينة الطبية الخاصة بوزارة الداخلية بمدينة الرياض ...,True,Health,"['Government', 'Health']",2,10367827110.0,2500000.0,Al-Riyadh,الرياض,False,ok,True,2014-06-30,,,2014.0,exact,,Under construction,False,صحي,تحت الإنشاء,"منطقة الرياض, الرياض"
مدينة الأمير محمد بن عبدالعزيز الطبية بالجوف – Prince Mo...,True,Health,"['Government', 'Health']",2,2500000000.0,2000000.0,Al-Jouf,سكاكا,False,ok,True,2013-04-16,2022-04-16,3287.0,2013.0,exact,exact,Under construction,False,صحي,تحت الإنشاء,"منطقة الجوف, سكاكا"
مستشفى النساء والولادة بسكاكا – Skaka Maternity And Children Hospita...,True,Health,['Health'],1,275217244.0,60740.0,Al-Jouf,سكاكا,False,ok,True,2012-07-02,2015-05-31,1063.0,2012.0,exact,month-level,Stalled,True,صحي,متعثر,"منطقة الجوف, سكاكا"
مستشفى جامعة الملك فيصل – King Faisal University Hospital,False,Health,"['Education', 'Government', 'Health']",3,492855427.0,145000.0,Eastern Region,الأحساء,False,ok,True,2011-01-07,2017-04-03,2278.0,2011.0,exact,exact,Delayed,True,صحي,متأخر,"المنطقة الشرقية, الأحساء"
مدينة الملك فيصل الطبية – King Faisal Medical City,False,Health,"['Government', 'Health']",2,4200000000.0,1500000.0,Aseer,أبها,False,ok,True,2012-02-01,2019-02-01,2557.0,2012.0,month-level,exact,Delayed,True,صحي,متأخر,"منطقة عسير, أبها"
مبنى العيادات الخارجية -مستشفى الملك فهد,False,Health,"['Government', 'Health', 'Infrastructure']",3,49947540.0,7500.0,Al-Madinah Al-Monawarah,المدينة المنورة,False,ok,True,2012-12-17,2014-12-17,730.0,2012.0,exact,exact,Stalled,True,صحي,متعثر,"منطقة المدينة المنورة, المدينة المنورة"
مستشفى المركز التخصصي الطبي – Specialized Medical Center Hospital,False,Health,"['Commercial', 'Health']",2,300000000.0,10200.0,Al-Riyadh,الرياض,False,ok,True,2016-09-01,2019-09-01,1095.0,2016.0,month-level,exact,Under construction,False,صحي,تحت الإنشاء,"منطقة الرياض, الرياض"
مستشفى أبها الخاص العالمي – Abha International Private Hospital,False,Health,['Health'],1,500000000.0,65000.0,Aseer,أبها,False,ok,True,2016-05-24,,,2016.0,exact,,Under construction,False,صحي,تحت الإنشاء,"منطقة عسير, أبها"
المركز السعودي لزراعة الأعضاء ومركز الملك سلمان لأمرا�...,True,Health,"['Government', 'Health']",2,,12575.0,Al-Riyadh,الرياض,False,ok,False,,,,,,,Completed,False,صحي,مكتمل,"منطقة الرياض, الرياض"
مشروع الرائدة السكني – Public Pension Agency Project,False,Health,"['Commercial', 'Education', 'Health', 'Hospitality', 'Infrastructure', 'Religious/Charity', 'Residential']",7,,2500000.0,Makkah Al-Mokarramah,جدة,False,ok,False,2014-04-02,2024-12-31,3926.0,2014.0,exact,year-level,Under construction,False,صحي,تحت الإنشاء,"منطقة مكة المكرمة, جدة"
مستشفى الملك عبدالله التخصصي بالقصيم – King Abdullah Specialis...,True,Health,"['Government', 'Health']",2,,1339000.0,Al-Qaseem,بريدة,False,ok,False,2016-03-01,2019-03-01,1095.0,2016.0,month-level,exact,Delayed,True,صحي,متأخر,"منطقة القصيم, بريدة"
جامعة الملك سعود بن عبد العزيز للعلوم الصحية الرياض ̵...,True,Health,"['Education', 'Government', 'Health']",3,,6000000.0,Al-Riyadh,الرياض,False,ok,False,2008-05-13,2013-04-23,1806.0,2008.0,exact,exact,Completed,False,صحي,مكتمل,"منطقة الرياض, الرياض"
توسعة مدينة الملك فهد الطبية الرياض – Expansion of King Fahad Me...,True,Health,['Health'],1,1465397279.0,1486448.0,Al-Riyadh,الرياض,False,ok,True,2012-10-05,2013-11-30,421.0,2012.0,exact,month-level,Delayed,True,صحي,متأخر,"منطقة الرياض, الرياض"
مستشفى الملك عبدالله التخصصي للأطفال الرياض – King Abdul...,True,Health,['Health'],1,,192000.0,Al-Riyadh,الرياض,False,ok,False,2008-05-15,2015-04-19,2530.0,2008.0,exact,exact,Completed,False,صحي,مكتمل,"منطقة الرياض, الرياض"
المستشفى التخصصي جازان –  Jizan Specialized Hospital,False,Health,"['Government', 'Health']",2,719278164.0,366944.0,Jazan,جازان,False,ok,True,2012-12-24,,,2012.0,exact,,Under construction,False,صحي,تحت الإنشاء,"منطقة جازان, جازان"
مركز الأبحاث الطبية بجامعة الملك سعود,False,Health,"['Education', 'Government', 'Health', 'Scientific']",4,,12000.0,Al-Riyadh,الدرعية,False,ok,False,,,,,,,Under construction,False,صحي,تحت الإنشاء,"منطقة الرياض, الدرعية"
مستشفى دلة نمار – Dallah Hospital NAMAR,False,Health,"['Commercial', 'Health']",2,920000000.0,165000.0,Al-Riyadh,الرياض,False,ok,True,2014-03-09,2017-09-01,1272.0,2014.0,exact,exact,Completed,False,صحي,مكتمل,"منطقة الرياض, الرياض"
مستشفى الحمادي النزهة – AL Hammadi Hospital AL Nuzha,False,Health,"['Commercial', 'Health']",2,643100000.0,21908.0,Al-Riyadh,الرياض,False,ok,True,2013-04-01,2016-12-01,1340.0,2013.0,month-level,exact,Completed,False,صحي,مكتمل,"منطقة الرياض, الرياض"
مستشفى د. سليمان الحبيب بالسويدي – Dr. Sulaiman Al-Habib Hospital i...,True,Health,"['Commercial', 'Health']",2,100000000.0,1313000.0,Al-Riyadh,الرياض,False,ok,True,2013-10-01,2016-10-01,1096.0,2013.0,month-level,exact,Completed,False,صحي,مكتمل,"منطقة الرياض, الرياض"
مركز غسيل الكلى,False,Health,['Health'],1,7000000.0,,Hail,حائل,False,empty,True,2013-05-01,,,2013.0,month-level,,Under construction,False,صحي,تحت الإنشاء,"منطقة حائل, حائل"
مركز الغسيل الكلوي-مؤسسة الملك عبدالله,False,Health,['Health'],1,,,Hail,حائل,False,empty,False,,,,,,,Under construction,False,صحي,تحت الإنشاء,"منطقة حائل, حائل"
مستشفى النساء والولادة بجازان – Obstetric Gynecoloy & Pediatric...,True,Health,"['Government', 'Health']",2,270000000.0,57409.0,Jazan,جازان,False,ok,True,2012-04-14,2017-07-29,1932.0,2012.0,exact,exact,Delayed,True,صحي,متأخر,"منطقة جازان, جازان"
المستشفى الجامعي -جامعة جازان,False,Health,"['Education', 'Health']",2,309000000.0,,Jazan,جازان,False,empty,True,2009-02-11,,,2009.0,exact,,Under construction,False,صحي,تحت الإنشاء,"منطقة جازان, جازان"
البرج الطبي للنساء والولادة بمدينة الملك عبدالعزيز ال�...,True,Health,"['Government', 'Health']",2,1201000000.0,,Al-Riyadh,الرياض,False,empty,True,2014-09-01,2017-09-01,1096.0,2014.0,month-level,exact,Delayed,True,صحي,متأخر,"منطقة الرياض, الرياض"
مبنى تجاري و طبي,False,Health,"['Commercial', 'Health']",2,,9830.0,Makkah Al-Mokarramah,جدة,False,ok,False,,,,,,,Proposed,False,صحي,المشاريع المقترحة,"منطقة مكة المكرمة, جدة"
مستشفى الامير محمد بن عبدالعزيز بالمدينه المنوره – P...,True,Health,['Health'],1,400000000.0,332100.0,Al-Madinah Al-Monawarah,المدينة المنورة,False,ok,True,2010-05-01,2013-05-01,1096.0,2010.0,month-level,exact,Completed,False,صحي,مكتمل,"منطقة المدينة المنورة, المدينة المنورة"
مدينة الملك عبد الله الاقتصادية – KAEC,False,Health,"['Commercial', 'Education', 'Government', 'Health', 'Hospitality', 'Industrial', 'Infrastructure', 'Leisure/Tourism', 'Religious/Charity', 'Residential', 'Scientific', 'Sports']",12,375000000000.0,173000000.0,Makkah Al-Mokarramah,مدينة الملك عبدالله الاقتصادية,False,ok,True,2005-01-01,2030-12-31,9495.0,2005.0,year-level,year-level,Under construction,False,صحي,تحت الإنشاء,"منطقة مكة المكرمة, مدينة الملك عبدالله الاقتصادية"
كليات الريان الأهلية,False,Health,"['Commercial', 'Education', 'Health', 'Infrastructure', 'Scientific']",5,,,Al-Madinah Al-Monawarah,المدينة المنورة,False,empty,False,2013-03-09,,,2013.0,exact,,Under construction,False,صحي,تحت الإنشاء,"منطقة المدينة المنورة, المدينة المنورة"
مستشفى رعاية الرياض – Riyadh Care Hospital,False,Health,"['Commercial', 'Health']",2,,,Al-Riyadh,الرياض,False,empty,False,,2019-08-01,,,,exact,Announced,False,صحي,معلن عنه,"منطقة الرياض, الرياض"
المركز الوطني لأبحاث السكري,False,Health,['Health'],1,,16000.0,Al-Riyadh,الرياض,False,ok,False,,,,,,,Announced,False,صحي,معلن عنه,"منطقة الرياض, الرياض"
الأندلس سكوير,False,Health,"['Commercial', 'Health', 'Hospitality', 'Leisure/Tourism', 'Residential']",5,,197000.0,Makkah Al-Mokarramah,جدة,False,ok,False,2006-01-01,,,2006.0,year-level,,Under construction,False,صحي,تحت الإنشاء,"منطقة مكة المكرمة, جدة"
تطوير جزيرة تاروت,False,Health,"['Commercial', 'Health', 'Hospitality', 'Infrastructure', 'Leisure/Tourism', 'Residential', 'Sports']",7,,8200000.0,Eastern Region,الدمام,False,ok,False,,,,,,,Proposed,False,صحي,المشاريع المقترحة,"المنطقة الشرقية, الدمام"
مستشفى المسجد الحرام (MHMH),False,Health,"['Government', 'Health', 'Residential']",3,,66500.0,Makkah Al-Mokarramah,مكة المكرمة,False,ok,False,,,,,,,Under construction,False,صحي,تحت الإنشاء,"مكة المكرمة, منطقة مكة المكرمة"
مصنع أجا للصناعات الدوائية- حائل,False,Health,"['Health', 'Industrial']",2,250000000.0,120000.0,Hail,حائل,False,ok,True,2013-06-08,,,2013.0,exact,,Completed,False,صحي,مكتمل,"منطقة حائل, حائل"
مستشفى الصحة النفسية ومعالجة الأدمان -حائل,False,Health,['Health'],1,222000000.0,105000.0,Hail,حائل,False,ok,True,,,,,,,Completed,False,صحي,مكتمل,"منطقة حائل, حائل"
مركز رعاية مرضى السكر – Diabetes Plus Urgent Care Centre,False,Health,['Health'],1,,3400.0,Makkah Al-Mokarramah,جدة,False,ok,False,2016-01-01,,,2016.0,year-level,,Under construction,False,صحي,تحت الإنشاء,"منطقة مكة المكرمة, جدة"
مستشفى د حامد سليمان الأحمدي,False,Health,"['Commercial', 'Health', 'Infrastructure']",3,,,Al-Madinah Al-Monawarah,المدينة المنورة,False,empty,False,2010-05-01,,,2010.0,month-level,,Under construction,False,صحي,تحت الإنشاء,"منطقة المدينة المنورة, المدينة المنورة"
البرج الطبي للولادة والأطفال بحائل,False,Health,"['Government', 'Health']",2,290000000.0,1000020.0,Hail,حائل,False,ok,True,2012-04-29,,,2012.0,exact,,Under construction,False,صحي,تحت الإنشاء,"منطقة حائل, حائل"
مستشفى المدينة المنورة للنساء والولادة والأطفال – Ma...,True,Health,"['Government', 'Health']",2,80000000.0,1000000.0,Al-Madinah Al-Monawarah,المدينة المنورة,False,ok,True,,,,,,,Stalled,True,صحي,متعثر,"منطقة المدينة المنورة, المدينة المنورة"
جامعة الملك سعود بن عبد العزيز للعلوم الصحية بجدة – K...,True,Health,"['Education', 'Government', 'Health', 'Scientific']",4,,200000.0,Makkah Al-Mokarramah,جدة,False,ok,False,2008-05-13,2015-08-26,2661.0,2008.0,exact,exact,Completed,False,صحي,مكتمل,"منطقة مكة المكرمة, جدة"
مستشفى د. سليمان الحبيب بالجبيل الصناعية – Dr. Sulaiman AL-H...,True,Health,"['Commercial', 'Health']",2,1300000000.0,115482.0,Eastern Region,الجبيل الصناعية,False,ok,True,,,,,,,Announced,False,صحي,معلن عنه,"المنطقة الشرقية, الجبيل الصناعية"
"المدينة الطبية بجامعة الملك سعود – Medical City, King Saud Univers...",True,Health,"['Education', 'Government', 'Health']",3,,,Al-Riyadh,الرياض,False,empty,False,,2016-02-15,,,,exact,Completed,False,صحي,مكتمل,"منطقة الرياض, الرياض"
مدينة الملك خالد الطبية – King Khaled Medical City,False,Health,"['Government', 'Health']",2,4500000000.0,700000.0,Eastern Region,الظهران,False,ok,True,,,,,,,Announced,False,صحي,معلن عنه,"المنطقة الشرقية, الظهران"
مستشفى ومركز الدارة الطبي – Aldara Hospital and Medical Center,False,Health,"['Commercial', 'Health']",2,1100000000.0,27500.0,Al-Riyadh,الرياض,False,ok,True,2012-10-01,2017-03-01,1612.0,2012.0,month-level,exact,Delayed,True,صحي,متأخر,"منطقة الرياض, الرياض"
مدينة الزاهرة بجدة,False,Health,"['Commercial', 'Education', 'Health', 'Infrastructure', 'Residential']",5,1000000000.0,2900000.0,Makkah Al-Mokarramah,جدة,False,ok,True,,,,,,,Cancelled,True,صحي,ملغي,"منطقة مكة المكرمة, جدة"
مجمع مختبرات الهيئة العامة للغذاء والدواء تبوك – The S...,True,Health,"['Government', 'Health']",2,,33000.0,Tabouk,تبوك,False,ok,False,,,,,,,Proposed,False,صحي,المشاريع المقترحة,"منطقة تبوك, تبوك"
إسكان خيبر – Khaybar Housing,False,Health,"['Health', 'Residential']",2,,1501185.0,Al-Madinah Al-Monawarah,,False,ok,False,2013-12-04,,,2013.0,exact,,Under construction,False,صحي,تحت الإنشاء,منطقة المدينة المنورة
مستشفى جامعة الإمام عبد الرحمن بن فيصل – Imam Abdul Rahman bin...,True,Health,"['Education', 'Government', 'Health']",3,500000000.0,150000.0,Eastern Region,الدمام,False,ok,True,2012-02-01,2017-02-01,1827.0,2012.0,month-level,exact,Delayed,True,صحي,متأخر,"المنطقة الشرقية, الدمام"
اللاندمارك الرياض – The Landmark Riyadh,False,Health,"['Commercial', 'Health', 'Hospitality', 'Infrastructure', 'Leisure/Tourism', 'Residential']",6,,144780.0,Al-Riyadh,الرياض,False,ok,False,,,,,,,Under construction,False,صحي,تحت الإنشاء,"منطقة الرياض, الرياض"
مركز طب وجراحة الأعصاب – الحرس الوطني بجدة – Center of...,True,Health,"['Government', 'Health']",2,,69677.0,Makkah Al-Mokarramah,جدة,False,ok,False,2014-10-01,2017-09-30,1095.0,2014.0,month-level,month-level,Delayed,True,صحي,متأخر,"منطقة مكة المكرمة, جدة"
مدينة المارينا – Marina City,False,Health,"['Commercial', 'Education', 'Health', 'Hospitality', 'Leisure/Tourism', 'Residential']",6,,3300000.0,Eastern Region,الدمام,False,ok,False,2004-03-21,,,2004.0,exact,,Under construction,False,صحي,تحت الإنشاء,"المنطقة الشرقية, الدمام"
مستشفى الملك سلمان التخصصي – King Salman Specialized Hospital,False,Health,"['Government', 'Health']",2,,980000.0,Makkah Al-Mokarramah,الطائف,False,ok,False,2014-10-23,2017-04-10,900.0,2014.0,exact,exact,Delayed,True,صحي,متأخر,"منطقة مكة المكرمة, الطائف"
مستشفى شمال بريدة العام – North Buraidah General Hospital,False,Health,"['Government', 'Health']",2,251338687.0,201299.0,Al-Qaseem,بريدة,False,ok,True,2014-08-06,2018-08-05,1460.0,2014.0,exact,exact,Delayed,True,صحي,متأخر,"منطقة القصيم, بريدة"
برج مستشفى الملك فهد التخصصي ببريدة – KFSHB Tower,False,Health,"['Government', 'Health']",2,79050159.0,15000.0,Al-Qaseem,بريدة,False,ok,True,2009-07-01,2014-01-01,1645.0,2009.0,month-level,exact,Completed,False,صحي,مكتمل,"منطقة القصيم, بريدة"
مجمع الكليات الصحية للطالبات بجامعة القصيم – Health colle...,True,Health,"['Education', 'Government', 'Health']",3,349492173.0,50000.0,Al-Qaseem,بريدة,False,ok,True,2011-10-25,2013-10-25,731.0,2011.0,exact,exact,Delayed,True,صحي,متأخر,"منطقة القصيم, بريدة"
مستشفى الملك عبدالله التخصصي للأطفال جدة – King Abdullah Sp...,True,Health,"['Government', 'Health']",2,,1075982.0,Makkah Al-Mokarramah,جدة,False,ok,False,2014-09-01,2017-08-30,1094.0,2014.0,month-level,exact,Delayed,True,صحي,متأخر,"منطقة مكة المكرمة, جدة"
مجمع الكليات الصحية للطلاب بجامعة القصيم – College of Healt...,True,Health,"['Education', 'Government', 'Health']",3,529680608.0,96000.0,Al-Qaseem,بريدة,False,ok,True,2011-10-24,2014-03-14,872.0,2011.0,exact,exact,Delayed,True,صحي,متأخر,"منطقة القصيم, بريدة"
المستشفى القصيم الجامعي – Al Qassim University Hospital,False,Health,"['Education', 'Government', 'Health']",3,442484484.0,48000.0,Al-Qaseem,بريدة,False,ok,True,2011-10-26,2015-04-08,1260.0,2011.0,exact,exact,Delayed,True,صحي,متأخر,"منطقة القصيم, بريدة"
مستشفى الملك فيصل التخصصي و مركز الابحاث جدة – King Faisa...,True,Health,"['Government', 'Health', 'Scientific']",3,1770420638.0,21527820.83,Makkah Al-Mokarramah,جدة,False,ok,True,2013-09-01,,,2013.0,month-level,,Under construction,False,صحي,تحت الإنشاء,"منطقة مكة المكرمة, جدة"
المدينة الطبية بجامعة طيبة -Medical City of Taibah University,False,Health,"['Education', 'Government', 'Health']",3,1000000000.0,1630000.0,Al-Madinah Al-Monawarah,المدينة المنورة,False,ok,True,2013-06-16,,,2013.0,exact,,Under construction,False,صحي,تحت الإنشاء,"منطقة المدينة المنورة, المدينة المنورة"
مجمع الملك عبدالله الطبي تبوك – King Abdullah Medical Complex in Tabu...,True,Health,"['Government', 'Health']",2,1737000000.0,,Tabouk,تبوك,False,empty,True,,,,,,,Under construction,False,صحي,تحت الإنشاء,"منطقة تبوك, تبوك"
مستشفى تبوك الجامعي – Tabuk University Hospital,False,Health,"['Education', 'Government', 'Health']",3,400256424.0,140000.0,Tabouk,تبوك,False,ok,True,2012-03-31,2018-02-08,2140.0,2012.0,exact,exact,Delayed,True,صحي,متأخر,"منطقة تبوك, تبوك"
مركز الملك عبدالله للأورام وأمراض الكبد – King Abdullah Cent...,True,Health,"['Government', 'Health']",2,1028497607.0,19210.0,Al-Riyadh,الرياض,False,ok,True,2011-02-20,2017-04-09,2240.0,2011.0,exact,exact,Completed,False,صحي,مكتمل,"منطقة الرياض, الرياض"
تطوير مجمع الكعكي – The Kaaki Development,False,Health,"['Commercial', 'Health', 'Infrastructure', 'Leisure/Tourism', 'Residential']",5,,,Makkah Al-Mokarramah,مكة المكرمة,False,empty,False,2017-08-01,2025-12-31,3074.0,2017.0,month-level,year-level,Under construction,False,صحي,تحت الإنشاء,"مكة المكرمة, منطقة مكة المكرمة"
مستشفى حائل الجامعي – University Hospital in Hail,False,Health,"['Education', 'Government', 'Health']",3,,541325.0,Hail,حائل,False,ok,False,2012-02-15,2015-08-19,1281.0,2012.0,exact,exact,Delayed,True,صحي,متأخر,"منطقة حائل, حائل"
مستشفى الملك سلمان التخصصي – King Salman Specialist Hospital,False,Health,"['Government', 'Health']",2,240000000.0,,Hail,حائل,False,empty,True,2014-10-09,2017-10-22,1109.0,2014.0,exact,exact,Delayed,True,صحي,متأخر,"منطقة حائل, حائل"
المستشفى السعودى الألماني حائل – Saudi German Hospitals Hail,False,Health,['Health'],1,,48000.0,Hail,,False,ok,False,2006-07-01,2017-02-02,3869.0,2006.0,month-level,exact,Completed,False,صحي,مكتمل,منطقة حائل
مستشفى حائل العام – Hail General Hospital,False,Health,"['Government', 'Health']",2,301478802.0,245000.0,Hail,حائل,False,ok,True,2011-12-03,2015-05-20,1264.0,2011.0,exact,exact,Stalled,True,صحي,متعثر,"منطقة حائل, حائل"
أوقاف جامعة الملك سعود – King Saud University – Awqaf,False,Health,"['Commercial', 'Education', 'Government', 'Health', 'Leisure/Tourism', 'Residential', 'Scientific']",7,,720000.0,Al-Riyadh,الرياض,False,ok,False,,,,,,,Under construction,False,صحي,تحت الإنشاء,"منطقة الرياض, الرياض"
مستشفى المدينة المنورة التخصصي – Madinah Specialized Hospital,False,Health,"['Government', 'Health', 'Infrastructure', 'Religious/Charity']",4,450884874.0,180000.0,Al-Madinah Al-Monawarah,المدينة المنورة,False,ok,True,2009-05-01,2014-05-07,1832.0,2009.0,month-level,exact,Delayed,True,صحي,متأخر,"منطقة المدينة المنورة, المدينة المنورة"
مستشفى الميقات العام – Meeqat General Hospital,False,Health,"['Government', 'Health', 'Infrastructure', 'Religious/Charity', 'Residential']",5,416000000.0,64500.0,Al-Madinah Al-Monawarah,المدينة المنورة,False,ok,True,2012-06-17,2016-06-01,1445.0,2012.0,exact,exact,Delayed,True,صحي,متأخر,"منطقة المدينة المنورة, المدينة المنورة"
دار الهجرة – DAR AL HIJJRA,False,Health,"['Education', 'Government', 'Health', 'Hospitality', 'Infrastructure', 'Leisure/Tourism']",6,55000000000.0,1600000.0,Al-Madinah Al-Monawarah,المدينة المنورة,False,ok,True,2014-07-22,2017-07-22,1096.0,2014.0,exact,exact,Delayed,True,صحي,متأخر,"منطقة المدينة المنورة, المدينة المنورة"
بوابة مكة – Makkah Gate,False,Health,"['Education', 'Government', 'Health', 'Infrastructure', 'Leisure/Tourism', 'Residential']",6,,83000000.0,Makkah Al-Mokarramah,مكة المكرمة,False,ok,False,2011-03-05,,,2011.0,exact,,Announced,False,صحي,معلن عنه,"مكة المكرمة, منطقة مكة المكرمة"
مدينة المعرفة الاقتصادية – Knowledge Economic City,False,Health,"['Commercial', 'Education', 'Government', 'Health', 'Hospitality', 'Infrastructure', 'Leisure/Tourism', 'Religious/Charity', 'Residential']",9,25000000000.0,4800000.0,Al-Madinah Al-Monawarah,المدينة المنورة,False,ok,True,2009-04-15,2024-04-15,5479.0,2009.0,exact,exact,Under construction,False,صحي,تحت الإنشاء,"منطقة المدينة المنورة, المدينة المنورة"
مستشفى د. سليمان الحبيب بالخبر – Dr. Sulaiman AL-Habib Hospital in AL...,True,Health,"['Commercial', 'Health']",2,1000000000.0,30000.0,Eastern Region,الخبر,False,ok,True,2015-06-01,2019-06-01,1461.0,2015.0,month-level,exact,Delayed,True,صحي,متأخر,"المنطقة الشرقية, الخبر"
مستشفى الصحة النفسية لعلاج الادمان والإضطراب النفسي ب�...,True,Health,"['Government', 'Health']",2,,,Al-Riyadh,الرياض,False,empty,False,,,,,,,Under construction,False,صحي,تحت الإنشاء,"منطقة الرياض, الرياض"
مستشفى طب وجراحة الأعصاب – NGHA Neuroscience Center,False,Health,"['Government', 'Health']",2,,70000.0,Makkah Al-Mokarramah,جدة,False,ok,False,2014-07-01,,,2014.0,month-level,,Under construction,False,صحي,تحت الإنشاء,"منطقة مكة المكرمة, جدة"
